[07:35:20] [ServerMain/INFO]: Environment: Environment[sessionHost=https://sessionserver.mojang.com, servicesHost=https://api.minecraftservices.com, name=PROD]
[07:35:25] [ServerMain/INFO]: Loaded 1370 recipes
[07:35:26] [Server thread/INFO]: Starting minecraft server version 1.21.4
[07:35:26] [Server thread/INFO]: Loading properties
[07:35:26] [Server thread/INFO]: This server is running CraftBukkit version 4446-Spigot-e5a64e7-e954502 (MC: 1.21.4) (Implementing API version 1.21.4-R0.1-SNAPSHOT)
[07:35:28] [Server thread/INFO]: *** This version of Spigot contains changes to some enums. If you notice that plugins no longer work after updating, please report this to the developers of those plugins first. ***
[07:35:28] [Server thread/INFO]: *** If you cannot update those plugins, you can try setting `settings.compatibility.enum-compatibility-mode` to `true` in `bukkit.yml`. ***
[07:35:28] [Server thread/INFO]: Server Ping Player Sample Count: 12
[07:35:28] [Server thread/INFO]: Using 4 threads for Netty based IO
[07:35:28] [Server thread/INFO]: Debug logging is disabled
[07:35:28] [Server thread/INFO]: Default game type: SURVIVAL
[07:35:28] [Server thread/INFO]: Generating keypair
[07:35:28] [Server thread/INFO]: Starting Minecraft server on *:25565
[07:35:28] [Server thread/INFO]: Using epoll channel type
[07:35:30] [Server thread/INFO]: [Citizens] Loading 5 libraries... please wait
[07:35:30] [Server thread/INFO]: [Citizens] Loaded library /root/sebi/minecraft_server/new_mc_server2025/libraries/ch/ethz/globis/phtree/phtree/2.8.1/phtree-2.8.1.jar
[07:35:30] [Server thread/INFO]: [Citizens] Loaded library /root/sebi/minecraft_server/new_mc_server2025/libraries/org/joml/joml/1.10.8/joml-1.10.8.jar
[07:35:30] [Server thread/INFO]: [Citizens] Loaded library /root/sebi/minecraft_server/new_mc_server2025/libraries/it/unimi/dsi/fastutil/8.5.15/fastutil-8.5.15.jar
[07:35:30] [Server thread/INFO]: [Citizens] Loaded library /root/sebi/minecraft_server/new_mc_server2025/libraries/net/kyori/adventure-platform-bukkit/4.3.3/adventure-platform-bukkit-4.3.3.jar
[07:35:30] [Server thread/INFO]: [Citizens] Loaded library /root/sebi/minecraft_server/new_mc_server2025/libraries/net/kyori/adventure-platform-api/4.3.3/adventure-platform-api-4.3.3.jar
[07:35:30] [Server thread/INFO]: [Citizens] Loaded library /root/sebi/minecraft_server/new_mc_server2025/libraries/net/kyori/adventure-text-serializer-bungeecord/4.3.3/adventure-text-serializer-bungeecord-4.3.3.jar
[07:35:30] [Server thread/INFO]: [Citizens] Loaded library /root/sebi/minecraft_server/new_mc_server2025/libraries/net/kyori/adventure-text-serializer-legacy/4.13.1/adventure-text-serializer-legacy-4.13.1.jar
[07:35:30] [Server thread/INFO]: [Citizens] Loaded library /root/sebi/minecraft_server/new_mc_server2025/libraries/net/kyori/adventure-nbt/4.13.1/adventure-nbt-4.13.1.jar
[07:35:30] [Server thread/INFO]: [Citizens] Loaded library /root/sebi/minecraft_server/new_mc_server2025/libraries/net/kyori/examination-api/1.3.0/examination-api-1.3.0.jar
[07:35:30] [Server thread/INFO]: [Citizens] Loaded library /root/sebi/minecraft_server/new_mc_server2025/libraries/net/kyori/examination-string/1.3.0/examination-string-1.3.0.jar
[07:35:30] [Server thread/INFO]: [Citizens] Loaded library /root/sebi/minecraft_server/new_mc_server2025/libraries/org/jetbrains/annotations/24.0.1/annotations-24.0.1.jar
[07:35:30] [Server thread/INFO]: [Citizens] Loaded library /root/sebi/minecraft_server/new_mc_server2025/libraries/net/kyori/adventure-text-serializer-gson/4.13.1/adventure-text-serializer-gson-4.13.1.jar
[07:35:30] [Server thread/INFO]: [Citizens] Loaded library /root/sebi/minecraft_server/new_mc_server2025/libraries/net/kyori/adventure-text-serializer-gson-legacy-impl/4.13.1/adventure-text-serializer-gson-legacy-impl-4.13.1.jar
[07:35:30] [Server thread/INFO]: [Citizens] Loaded library /root/sebi/minecraft_server/new_mc_server2025/libraries/net/kyori/adventure-platform-facet/4.3.3/adventure-platform-facet-4.3.3.jar
[07:35:30] [Server thread/INFO]: [Citizens] Loaded library /root/sebi/minecraft_server/new_mc_server2025/libraries/net/kyori/adventure-platform-viaversion/4.3.3/adventure-platform-viaversion-4.3.3.jar
[07:35:30] [Server thread/INFO]: [Citizens] Loaded library /root/sebi/minecraft_server/new_mc_server2025/libraries/net/kyori/adventure-text-minimessage/4.17.0/adventure-text-minimessage-4.17.0.jar
[07:35:30] [Server thread/INFO]: [Citizens] Loaded library /root/sebi/minecraft_server/new_mc_server2025/libraries/net/kyori/adventure-api/4.17.0/adventure-api-4.17.0.jar
[07:35:30] [Server thread/INFO]: [Citizens] Loaded library /root/sebi/minecraft_server/new_mc_server2025/libraries/net/kyori/adventure-key/4.17.0/adventure-key-4.17.0.jar
[07:35:30] [Server thread/INFO]: [Vault] Loading Vault v1.7.3-b131
[07:35:30] [Server thread/INFO]: [Multiverse-Core] Loading Multiverse-Core v4.3.14
[07:35:30] [Server thread/INFO]: [WorldEdit] Loading WorldEdit v7.3.10+7004-768a436
[07:35:32] [Server thread/INFO]: Got request to register class com.sk89q.worldedit.bukkit.BukkitServerInterface with WorldEdit [com.sk89q.worldedit.extension.platform.PlatformManager@7fef2f2]
[07:35:32] [Server thread/INFO]: [Multiverse-Portals] Loading Multiverse-Portals v4.2.3
[07:35:32] [Server thread/INFO]: [Essentials] Loading Essentials v2.21.0-dev+188-43d1e37
[07:35:32] [Server thread/INFO]: [BattleTracker] Loading BattleTracker v2.5.11.0
[07:35:32] [Server thread/INFO]: [WorldGuard] Loading WorldGuard v7.0.11+068ad68
[07:35:32] [Server thread/INFO]: [Citizens] Loading Citizens v2.0.37-SNAPSHOT (build 3751)
[07:35:32] [Server thread/INFO]: [BattleArena] Loading BattleArena v3.9.17.0
[07:35:32] [Server thread/INFO]: [SignShop] Loading SignShop v4.0.0
[07:35:32] [Server thread/INFO]: [Vault] Enabling Vault v1.7.3-b131
[07:35:32] [Server thread/WARN]: [Vault] Loaded class com.earth2me.essentials.api.Economy from Essentials v2.21.0-dev+188-43d1e37 which is not a depend or softdepend of this plugin.
[07:35:32] [Server thread/INFO]: [Vault] [Economy] Essentials Economy found: Waiting
[07:35:32] [Server thread/INFO]: [Vault] [Permission] SuperPermissions loaded as backup permission system.
[07:35:32] [Server thread/INFO]: [Vault] Enabled Version 1.7.3-b131
[07:35:32] [Server thread/INFO]: [WorldEdit] Enabling WorldEdit v7.3.10+7004-768a436
[07:35:32] [Server thread/INFO]: Registering commands with com.sk89q.worldedit.bukkit.BukkitServerInterface
[07:35:33] [Server thread/INFO]: WEPIF: Vault detected! Using Vault for permissions
[07:35:33] [Server thread/INFO]: Using com.sk89q.worldedit.bukkit.adapter.impl.v1_21_4.PaperweightAdapter as the Bukkit adapter
[07:35:39] [Server thread/INFO]: [WorldEdit] ====================================================
[07:35:39] [Server thread/INFO]: [WorldEdit]  WorldEdit works better if you use Paper 
[07:35:39] [Server thread/INFO]: [WorldEdit]  as your server software. 
[07:35:39] [Server thread/INFO]: [WorldEdit]   
[07:35:39] [Server thread/INFO]: [WorldEdit]  Paper offers significant performance improvements,
[07:35:39] [Server thread/INFO]: [WorldEdit]  bug fixes, security enhancements and optional
[07:35:39] [Server thread/INFO]: [WorldEdit]  features for server owners to enhance their server.
[07:35:39] [Server thread/INFO]: [WorldEdit]   
[07:35:39] [Server thread/INFO]: [WorldEdit]  Paper includes Timings v2, which is significantly
[07:35:39] [Server thread/INFO]: [WorldEdit]  better at diagnosing lag problems over v1.
[07:35:39] [Server thread/INFO]: [WorldEdit]   
[07:35:39] [Server thread/INFO]: [WorldEdit]  All of your plugins should still work, and the
[07:35:39] [Server thread/INFO]: [WorldEdit]  Paper community will gladly help you fix any issues.
[07:35:39] [Server thread/INFO]: [WorldEdit]   
[07:35:39] [Server thread/INFO]: [WorldEdit]  Join the Paper Community @ https://papermc.io
[07:35:39] [Server thread/INFO]: [WorldEdit] ====================================================
[07:35:40] [Server thread/INFO]: Preparing level "world"
[07:35:40] [Server thread/INFO]: -------- World Settings For [world] --------
[07:35:40] [Server thread/INFO]: View Distance: 20
[07:35:40] [Server thread/INFO]: Simulation Distance: 16
[07:35:40] [Server thread/INFO]: Item Despawn Rate: 6000
[07:35:40] [Server thread/INFO]: Item Merge Radius: 2.5
[07:35:40] [Server thread/INFO]: Allow Zombie Pigmen to spawn from portal blocks: true
[07:35:40] [Server thread/INFO]: Arrow Despawn Rate: 1200 Trident Respawn Rate:1200
[07:35:40] [Server thread/INFO]: Zombie Aggressive Towards Villager: true
[07:35:40] [Server thread/INFO]: Nerfing mobs spawned from spawners: false
[07:35:40] [Server thread/INFO]: Entity Activation Range: An 32 / Mo 32 / Ra 48 / Mi 16 / Tiv true / Isa false
[07:35:40] [Server thread/INFO]: Entity Tracking Range: Pl 48 / An 48 / Mo 48 / Mi 32 / Di 128 / Other 64
[07:35:40] [Server thread/INFO]: Hopper Transfer: 8 Hopper Check: 1 Hopper Amount: 1 Hopper Can Load Chunks: false
[07:35:40] [Server thread/INFO]: Custom Map Seeds:  Village: 10387312 Desert: 14357617 Igloo: 14357618 Jungle: 14357619 Swamp: 14357620 Monument: 10387313 Ocean: 14357621 Shipwreck: 165745295 End City: 10387313 Slime: 987234911 Nether: 30084232 Mansion: 10387319 Fossil: 14357921 Portal: 34222645
[07:35:40] [Server thread/INFO]: Cactus Growth Modifier: 100%
[07:35:40] [Server thread/INFO]: Cane Growth Modifier: 100%
[07:35:40] [Server thread/INFO]: Melon Growth Modifier: 100%
[07:35:40] [Server thread/INFO]: Mushroom Growth Modifier: 100%
[07:35:40] [Server thread/INFO]: Pumpkin Growth Modifier: 100%
[07:35:40] [Server thread/INFO]: Sapling Growth Modifier: 100%
[07:35:40] [Server thread/INFO]: Beetroot Growth Modifier: 100%
[07:35:40] [Server thread/INFO]: Carrot Growth Modifier: 100%
[07:35:40] [Server thread/INFO]: Potato Growth Modifier: 100%
[07:35:40] [Server thread/INFO]: Wheat Growth Modifier: 100%
[07:35:40] [Server thread/INFO]: NetherWart Growth Modifier: 100%
[07:35:40] [Server thread/INFO]: Vine Growth Modifier: 100%
[07:35:40] [Server thread/INFO]: Cocoa Growth Modifier: 100%
[07:35:40] [Server thread/INFO]: Bamboo Growth Modifier: 100%
[07:35:40] [Server thread/INFO]: SweetBerry Growth Modifier: 100%
[07:35:40] [Server thread/INFO]: Kelp Growth Modifier: 100%
[07:35:40] [Server thread/INFO]: TwistingVines Growth Modifier: 100%
[07:35:40] [Server thread/INFO]: WeepingVines Growth Modifier: 100%
[07:35:40] [Server thread/INFO]: CaveVines Growth Modifier: 100%
[07:35:40] [Server thread/INFO]: Experience Merge Radius: 3.0
[07:35:40] [Server thread/INFO]: Max TNT Explosions: 100
[07:35:40] [Server thread/INFO]: Tile Max Tick Time: 50ms Entity max Tick Time: 50ms
[07:35:40] [Server thread/INFO]: Mob Spawn Range: 6
[07:35:42] [Server thread/INFO]: -------- World Settings For [world_nether] --------
[07:35:42] [Server thread/INFO]: View Distance: 20
[07:35:42] [Server thread/INFO]: Simulation Distance: 16
[07:35:42] [Server thread/INFO]: Item Despawn Rate: 6000
[07:35:42] [Server thread/INFO]: Item Merge Radius: 2.5
[07:35:42] [Server thread/INFO]: Allow Zombie Pigmen to spawn from portal blocks: true
[07:35:42] [Server thread/INFO]: Arrow Despawn Rate: 1200 Trident Respawn Rate:1200
[07:35:42] [Server thread/INFO]: Zombie Aggressive Towards Villager: true
[07:35:42] [Server thread/INFO]: Nerfing mobs spawned from spawners: false
[07:35:42] [Server thread/INFO]: Entity Activation Range: An 32 / Mo 32 / Ra 48 / Mi 16 / Tiv true / Isa false
[07:35:42] [Server thread/INFO]: Entity Tracking Range: Pl 48 / An 48 / Mo 48 / Mi 32 / Di 128 / Other 64
[07:35:42] [Server thread/INFO]: Hopper Transfer: 8 Hopper Check: 1 Hopper Amount: 1 Hopper Can Load Chunks: false
[07:35:42] [Server thread/INFO]: Custom Map Seeds:  Village: 10387312 Desert: 14357617 Igloo: 14357618 Jungle: 14357619 Swamp: 14357620 Monument: 10387313 Ocean: 14357621 Shipwreck: 165745295 End City: 10387313 Slime: 987234911 Nether: 30084232 Mansion: 10387319 Fossil: 14357921 Portal: 34222645
[07:35:42] [Server thread/INFO]: Cactus Growth Modifier: 100%
[07:35:42] [Server thread/INFO]: Cane Growth Modifier: 100%
[07:35:42] [Server thread/INFO]: Melon Growth Modifier: 100%
[07:35:42] [Server thread/INFO]: Mushroom Growth Modifier: 100%
[07:35:42] [Server thread/INFO]: Pumpkin Growth Modifier: 100%
[07:35:42] [Server thread/INFO]: Sapling Growth Modifier: 100%
[07:35:42] [Server thread/INFO]: Beetroot Growth Modifier: 100%
[07:35:42] [Server thread/INFO]: Carrot Growth Modifier: 100%
[07:35:42] [Server thread/INFO]: Potato Growth Modifier: 100%
[07:35:42] [Server thread/INFO]: Wheat Growth Modifier: 100%
[07:35:42] [Server thread/INFO]: NetherWart Growth Modifier: 100%
[07:35:42] [Server thread/INFO]: Vine Growth Modifier: 100%
[07:35:42] [Server thread/INFO]: Cocoa Growth Modifier: 100%
[07:35:42] [Server thread/INFO]: Bamboo Growth Modifier: 100%
[07:35:42] [Server thread/INFO]: SweetBerry Growth Modifier: 100%
[07:35:42] [Server thread/INFO]: Kelp Growth Modifier: 100%
[07:35:42] [Server thread/INFO]: TwistingVines Growth Modifier: 100%
[07:35:42] [Server thread/INFO]: WeepingVines Growth Modifier: 100%
[07:35:42] [Server thread/INFO]: CaveVines Growth Modifier: 100%
[07:35:42] [Server thread/INFO]: Experience Merge Radius: 3.0
[07:35:43] [Server thread/INFO]: Max TNT Explosions: 100
[07:35:43] [Server thread/INFO]: Tile Max Tick Time: 50ms Entity max Tick Time: 50ms
[07:35:43] [Server thread/INFO]: Mob Spawn Range: 6
[07:35:43] [Server thread/INFO]: -------- World Settings For [world_the_end] --------
[07:35:43] [Server thread/INFO]: View Distance: 20
[07:35:43] [Server thread/INFO]: Simulation Distance: 16
[07:35:43] [Server thread/INFO]: Item Despawn Rate: 6000
[07:35:43] [Server thread/INFO]: Item Merge Radius: 2.5
[07:35:43] [Server thread/INFO]: Allow Zombie Pigmen to spawn from portal blocks: true
[07:35:43] [Server thread/INFO]: Arrow Despawn Rate: 1200 Trident Respawn Rate:1200
[07:35:43] [Server thread/INFO]: Zombie Aggressive Towards Villager: true
[07:35:43] [Server thread/INFO]: Nerfing mobs spawned from spawners: false
[07:35:43] [Server thread/INFO]: Entity Activation Range: An 32 / Mo 32 / Ra 48 / Mi 16 / Tiv true / Isa false
[07:35:43] [Server thread/INFO]: Entity Tracking Range: Pl 48 / An 48 / Mo 48 / Mi 32 / Di 128 / Other 64
[07:35:43] [Server thread/INFO]: Hopper Transfer: 8 Hopper Check: 1 Hopper Amount: 1 Hopper Can Load Chunks: false
[07:35:43] [Server thread/INFO]: Custom Map Seeds:  Village: 10387312 Desert: 14357617 Igloo: 14357618 Jungle: 14357619 Swamp: 14357620 Monument: 10387313 Ocean: 14357621 Shipwreck: 165745295 End City: 10387313 Slime: 987234911 Nether: 30084232 Mansion: 10387319 Fossil: 14357921 Portal: 34222645
[07:35:43] [Server thread/INFO]: Cactus Growth Modifier: 100%
[07:35:43] [Server thread/INFO]: Cane Growth Modifier: 100%
[07:35:43] [Server thread/INFO]: Melon Growth Modifier: 100%
[07:35:43] [Server thread/INFO]: Mushroom Growth Modifier: 100%
[07:35:43] [Server thread/INFO]: Pumpkin Growth Modifier: 100%
[07:35:43] [Server thread/INFO]: Sapling Growth Modifier: 100%
[07:35:43] [Server thread/INFO]: Beetroot Growth Modifier: 100%
[07:35:43] [Server thread/INFO]: Carrot Growth Modifier: 100%
[07:35:43] [Server thread/INFO]: Potato Growth Modifier: 100%
[07:35:43] [Server thread/INFO]: Wheat Growth Modifier: 100%
[07:35:43] [Server thread/INFO]: NetherWart Growth Modifier: 100%
[07:35:43] [Server thread/INFO]: Vine Growth Modifier: 100%
[07:35:43] [Server thread/INFO]: Cocoa Growth Modifier: 100%
[07:35:43] [Server thread/INFO]: Bamboo Growth Modifier: 100%
[07:35:43] [Server thread/INFO]: SweetBerry Growth Modifier: 100%
[07:35:43] [Server thread/INFO]: Kelp Growth Modifier: 100%
[07:35:43] [Server thread/INFO]: TwistingVines Growth Modifier: 100%
[07:35:43] [Server thread/INFO]: WeepingVines Growth Modifier: 100%
[07:35:43] [Server thread/INFO]: CaveVines Growth Modifier: 100%
[07:35:43] [Server thread/INFO]: Experience Merge Radius: 3.0
[07:35:43] [Server thread/INFO]: Max TNT Explosions: 100
[07:35:43] [Server thread/INFO]: Tile Max Tick Time: 50ms Entity max Tick Time: 50ms
[07:35:43] [Server thread/INFO]: Mob Spawn Range: 6
[07:35:43] [Server thread/INFO]: Preparing start region for dimension minecraft:overworld
[07:35:44] [Worker-Main-1/INFO]: Preparing spawn area: 0%
[07:35:44] [Worker-Main-1/INFO]: Preparing spawn area: 0%
[07:35:44] [Worker-Main-1/INFO]: Preparing spawn area: 0%
[07:35:45] [Server thread/INFO]: Time elapsed: 2118 ms
[07:35:45] [Server thread/INFO]: Preparing start region for dimension minecraft:the_nether
[07:35:46] [Worker-Main-1/INFO]: Preparing spawn area: 0%
[07:35:46] [Worker-Main-1/INFO]: Preparing spawn area: 0%
[07:35:46] [Server thread/INFO]: Time elapsed: 1286 ms
[07:35:46] [Server thread/INFO]: Preparing start region for dimension minecraft:the_end
[07:35:46] [Worker-Main-1/INFO]: Preparing spawn area: 0%
[07:35:47] [Server thread/INFO]: Time elapsed: 404 ms
[07:35:47] [Server thread/INFO]: [Multiverse-Core] Enabling Multiverse-Core v4.3.14
[07:35:47] [Server thread/WARN]: [Multiverse-Core] "Multiverse-Core v4.3.14" has registered a listener for org.bukkit.event.entity.EntityCreatePortalEvent on method "public void com.onarandombox.MultiverseCore.listeners.MVPortalListener.entityPortalCreate(org.bukkit.event.entity.EntityCreatePortalEvent)", but the event is Deprecated. "Server performance will be affected"; please notify the authors [dumptruckman, Rigby, fernferret, lithium3141, main--].
[07:35:47] [Server thread/INFO]: [Multiverse-Core] §aWe are aware of the warning about the deprecated event. There is no alternative that allows us to do what we need to do and performance impact is negligible. It is safe to ignore.
[07:35:47] [Server thread/INFO]: -------- World Settings For [KillGod_the_end] --------
[07:35:47] [Server thread/INFO]: View Distance: 20
[07:35:47] [Server thread/INFO]: Simulation Distance: 16
[07:35:47] [Server thread/INFO]: Item Despawn Rate: 6000
[07:35:47] [Server thread/INFO]: Item Merge Radius: 2.5
[07:35:47] [Server thread/INFO]: Allow Zombie Pigmen to spawn from portal blocks: true
[07:35:47] [Server thread/INFO]: Arrow Despawn Rate: 1200 Trident Respawn Rate:1200
[07:35:47] [Server thread/INFO]: Zombie Aggressive Towards Villager: true
[07:35:47] [Server thread/INFO]: Nerfing mobs spawned from spawners: false
[07:35:47] [Server thread/INFO]: Entity Activation Range: An 32 / Mo 32 / Ra 48 / Mi 16 / Tiv true / Isa false
[07:35:47] [Server thread/INFO]: Entity Tracking Range: Pl 48 / An 48 / Mo 48 / Mi 32 / Di 128 / Other 64
[07:35:47] [Server thread/INFO]: Hopper Transfer: 8 Hopper Check: 1 Hopper Amount: 1 Hopper Can Load Chunks: false
[07:35:47] [Server thread/INFO]: Custom Map Seeds:  Village: 10387312 Desert: 14357617 Igloo: 14357618 Jungle: 14357619 Swamp: 14357620 Monument: 10387313 Ocean: 14357621 Shipwreck: 165745295 End City: 10387313 Slime: 987234911 Nether: 30084232 Mansion: 10387319 Fossil: 14357921 Portal: 34222645
[07:35:47] [Server thread/INFO]: Cactus Growth Modifier: 100%
[07:35:47] [Server thread/INFO]: Cane Growth Modifier: 100%
[07:35:47] [Server thread/INFO]: Melon Growth Modifier: 100%
[07:35:47] [Server thread/INFO]: Mushroom Growth Modifier: 100%
[07:35:47] [Server thread/INFO]: Pumpkin Growth Modifier: 100%
[07:35:47] [Server thread/INFO]: Sapling Growth Modifier: 100%
[07:35:47] [Server thread/INFO]: Beetroot Growth Modifier: 100%
[07:35:47] [Server thread/INFO]: Carrot Growth Modifier: 100%
[07:35:47] [Server thread/INFO]: Potato Growth Modifier: 100%
[07:35:47] [Server thread/INFO]: Wheat Growth Modifier: 100%
[07:35:47] [Server thread/INFO]: NetherWart Growth Modifier: 100%
[07:35:47] [Server thread/INFO]: Vine Growth Modifier: 100%
[07:35:47] [Server thread/INFO]: Cocoa Growth Modifier: 100%
[07:35:47] [Server thread/INFO]: Bamboo Growth Modifier: 100%
[07:35:47] [Server thread/INFO]: SweetBerry Growth Modifier: 100%
[07:35:47] [Server thread/INFO]: Kelp Growth Modifier: 100%
[07:35:47] [Server thread/INFO]: TwistingVines Growth Modifier: 100%
[07:35:47] [Server thread/INFO]: WeepingVines Growth Modifier: 100%
[07:35:47] [Server thread/INFO]: CaveVines Growth Modifier: 100%
[07:35:47] [Server thread/INFO]: Experience Merge Radius: 3.0
[07:35:47] [Server thread/INFO]: Max TNT Explosions: 100
[07:35:47] [Server thread/INFO]: Tile Max Tick Time: 50ms Entity max Tick Time: 50ms
[07:35:47] [Server thread/INFO]: Mob Spawn Range: 6
[07:35:47] [Server thread/INFO]: Preparing start region for dimension minecraft:killgod_the_end
[07:35:48] [Worker-Main-1/INFO]: Preparing spawn area: 0%
[07:35:48] [Server thread/INFO]: Time elapsed: 355 ms
[07:35:48] [Server thread/INFO]: -------- World Settings For [spleefworld] --------
[07:35:48] [Server thread/INFO]: View Distance: 20
[07:35:48] [Server thread/INFO]: Simulation Distance: 16
[07:35:48] [Server thread/INFO]: Item Despawn Rate: 6000
[07:35:48] [Server thread/INFO]: Item Merge Radius: 2.5
[07:35:48] [Server thread/INFO]: Allow Zombie Pigmen to spawn from portal blocks: true
[07:35:48] [Server thread/INFO]: Arrow Despawn Rate: 1200 Trident Respawn Rate:1200
[07:35:48] [Server thread/INFO]: Zombie Aggressive Towards Villager: true
[07:35:48] [Server thread/INFO]: Nerfing mobs spawned from spawners: false
[07:35:48] [Server thread/INFO]: Entity Activation Range: An 32 / Mo 32 / Ra 48 / Mi 16 / Tiv true / Isa false
[07:35:48] [Server thread/INFO]: Entity Tracking Range: Pl 48 / An 48 / Mo 48 / Mi 32 / Di 128 / Other 64
[07:35:48] [Server thread/INFO]: Hopper Transfer: 8 Hopper Check: 1 Hopper Amount: 1 Hopper Can Load Chunks: false
[07:35:48] [Server thread/INFO]: Custom Map Seeds:  Village: 10387312 Desert: 14357617 Igloo: 14357618 Jungle: 14357619 Swamp: 14357620 Monument: 10387313 Ocean: 14357621 Shipwreck: 165745295 End City: 10387313 Slime: 987234911 Nether: 30084232 Mansion: 10387319 Fossil: 14357921 Portal: 34222645
[07:35:48] [Server thread/INFO]: Cactus Growth Modifier: 100%
[07:35:48] [Server thread/INFO]: Cane Growth Modifier: 100%
[07:35:48] [Server thread/INFO]: Melon Growth Modifier: 100%
[07:35:48] [Server thread/INFO]: Mushroom Growth Modifier: 100%
[07:35:48] [Server thread/INFO]: Pumpkin Growth Modifier: 100%
[07:35:48] [Server thread/INFO]: Sapling Growth Modifier: 100%
[07:35:48] [Server thread/INFO]: Beetroot Growth Modifier: 100%
[07:35:48] [Server thread/INFO]: Carrot Growth Modifier: 100%
[07:35:48] [Server thread/INFO]: Potato Growth Modifier: 100%
[07:35:48] [Server thread/INFO]: Wheat Growth Modifier: 100%
[07:35:48] [Server thread/INFO]: NetherWart Growth Modifier: 100%
[07:35:48] [Server thread/INFO]: Vine Growth Modifier: 100%
[07:35:48] [Server thread/INFO]: Cocoa Growth Modifier: 100%
[07:35:48] [Server thread/INFO]: Bamboo Growth Modifier: 100%
[07:35:48] [Server thread/INFO]: SweetBerry Growth Modifier: 100%
[07:35:48] [Server thread/INFO]: Kelp Growth Modifier: 100%
[07:35:48] [Server thread/INFO]: TwistingVines Growth Modifier: 100%
[07:35:48] [Server thread/INFO]: WeepingVines Growth Modifier: 100%
[07:35:48] [Server thread/INFO]: CaveVines Growth Modifier: 100%
[07:35:48] [Server thread/INFO]: Experience Merge Radius: 3.0
[07:35:48] [Server thread/INFO]: Max TNT Explosions: 100
[07:35:48] [Server thread/INFO]: Tile Max Tick Time: 50ms Entity max Tick Time: 50ms
[07:35:48] [Server thread/INFO]: Mob Spawn Range: 6
[07:35:48] [Server thread/INFO]: Preparing start region for dimension minecraft:spleefworld
[07:35:48] [Worker-Main-1/INFO]: Preparing spawn area: 0%
[07:35:48] [Server thread/INFO]: Time elapsed: 265 ms
[07:35:48] [Server thread/INFO]: -------- World Settings For [superflat] --------
[07:35:48] [Server thread/INFO]: View Distance: 20
[07:35:48] [Server thread/INFO]: Simulation Distance: 16
[07:35:48] [Server thread/INFO]: Item Despawn Rate: 6000
[07:35:48] [Server thread/INFO]: Item Merge Radius: 2.5
[07:35:48] [Server thread/INFO]: Allow Zombie Pigmen to spawn from portal blocks: true
[07:35:48] [Server thread/INFO]: Arrow Despawn Rate: 1200 Trident Respawn Rate:1200
[07:35:48] [Server thread/INFO]: Zombie Aggressive Towards Villager: true
[07:35:48] [Server thread/INFO]: Nerfing mobs spawned from spawners: false
[07:35:48] [Server thread/INFO]: Entity Activation Range: An 32 / Mo 32 / Ra 48 / Mi 16 / Tiv true / Isa false
[07:35:48] [Server thread/INFO]: Entity Tracking Range: Pl 48 / An 48 / Mo 48 / Mi 32 / Di 128 / Other 64
[07:35:48] [Server thread/INFO]: Hopper Transfer: 8 Hopper Check: 1 Hopper Amount: 1 Hopper Can Load Chunks: false
[07:35:48] [Server thread/INFO]: Custom Map Seeds:  Village: 10387312 Desert: 14357617 Igloo: 14357618 Jungle: 14357619 Swamp: 14357620 Monument: 10387313 Ocean: 14357621 Shipwreck: 165745295 End City: 10387313 Slime: 987234911 Nether: 30084232 Mansion: 10387319 Fossil: 14357921 Portal: 34222645
[07:35:48] [Server thread/INFO]: Cactus Growth Modifier: 100%
[07:35:48] [Server thread/INFO]: Cane Growth Modifier: 100%
[07:35:48] [Server thread/INFO]: Melon Growth Modifier: 100%
[07:35:48] [Server thread/INFO]: Mushroom Growth Modifier: 100%
[07:35:48] [Server thread/INFO]: Pumpkin Growth Modifier: 100%
[07:35:48] [Server thread/INFO]: Sapling Growth Modifier: 100%
[07:35:48] [Server thread/INFO]: Beetroot Growth Modifier: 100%
[07:35:48] [Server thread/INFO]: Carrot Growth Modifier: 100%
[07:35:48] [Server thread/INFO]: Potato Growth Modifier: 100%
[07:35:48] [Server thread/INFO]: Wheat Growth Modifier: 100%
[07:35:48] [Server thread/INFO]: NetherWart Growth Modifier: 100%
[07:35:48] [Server thread/INFO]: Vine Growth Modifier: 100%
[07:35:48] [Server thread/INFO]: Cocoa Growth Modifier: 100%
[07:35:48] [Server thread/INFO]: Bamboo Growth Modifier: 100%
[07:35:48] [Server thread/INFO]: SweetBerry Growth Modifier: 100%
[07:35:48] [Server thread/INFO]: Kelp Growth Modifier: 100%
[07:35:48] [Server thread/INFO]: TwistingVines Growth Modifier: 100%
[07:35:48] [Server thread/INFO]: WeepingVines Growth Modifier: 100%
[07:35:48] [Server thread/INFO]: CaveVines Growth Modifier: 100%
[07:35:48] [Server thread/INFO]: Experience Merge Radius: 3.0
[07:35:48] [Server thread/INFO]: Max TNT Explosions: 100
[07:35:48] [Server thread/INFO]: Tile Max Tick Time: 50ms Entity max Tick Time: 50ms
[07:35:48] [Server thread/INFO]: Mob Spawn Range: 6
[07:35:49] [Server thread/INFO]: Preparing start region for dimension minecraft:superflat
[07:36:02] [Worker-Main-1/INFO]: Preparing spawn area: 0%
[07:36:02] [Worker-Main-1/INFO]: Preparing spawn area: 0%
[07:36:02] [Worker-Main-1/INFO]: Preparing spawn area: 0%
[07:36:02] [Worker-Main-1/INFO]: Preparing spawn area: 0%
[07:36:02] [Worker-Main-1/INFO]: Preparing spawn area: 0%
[07:36:02] [Worker-Main-1/INFO]: Preparing spawn area: 0%
[07:36:02] [Worker-Main-1/INFO]: Preparing spawn area: 0%
[07:36:02] [Worker-Main-1/INFO]: Preparing spawn area: 0%
[07:36:02] [Worker-Main-1/INFO]: Preparing spawn area: 0%
[07:36:02] [Worker-Main-1/INFO]: Preparing spawn area: 0%
[07:36:02] [Worker-Main-1/INFO]: Preparing spawn area: 0%
[07:36:02] [Worker-Main-1/INFO]: Preparing spawn area: 0%
[07:36:02] [Worker-Main-1/INFO]: Preparing spawn area: 0%
[07:36:02] [Worker-Main-1/INFO]: Preparing spawn area: 0%
[07:36:02] [Worker-Main-1/INFO]: Preparing spawn area: 0%
[07:36:02] [Worker-Main-1/INFO]: Preparing spawn area: 0%
[07:36:02] [Worker-Main-1/INFO]: Preparing spawn area: 0%
[07:36:02] [Worker-Main-1/INFO]: Preparing spawn area: 0%
[07:36:02] [Worker-Main-1/INFO]: Preparing spawn area: 0%
[07:36:02] [Worker-Main-1/INFO]: Preparing spawn area: 0%
[07:36:02] [Worker-Main-1/INFO]: Preparing spawn area: 0%
[07:36:02] [Worker-Main-1/INFO]: Preparing spawn area: 0%
[07:36:02] [Worker-Main-1/INFO]: Preparing spawn area: 0%
[07:36:02] [Worker-Main-1/INFO]: Preparing spawn area: 0%
[07:36:02] [Worker-Main-1/INFO]: Preparing spawn area: 0%
[07:36:02] [Worker-Main-1/INFO]: Preparing spawn area: 0%
[07:36:02] [Worker-Main-1/INFO]: Preparing spawn area: 0%
[07:36:02] [Worker-Main-1/INFO]: Preparing spawn area: 0%
[07:36:02] [Server thread/INFO]: Time elapsed: 13719 ms
[07:36:02] [Server thread/INFO]: -------- World Settings For [pvp] --------
[07:36:02] [Server thread/INFO]: View Distance: 20
[07:36:02] [Server thread/INFO]: Simulation Distance: 16
[07:36:02] [Server thread/INFO]: Item Despawn Rate: 6000
[07:36:02] [Server thread/INFO]: Item Merge Radius: 2.5
[07:36:02] [Server thread/INFO]: Allow Zombie Pigmen to spawn from portal blocks: true
[07:36:02] [Server thread/INFO]: Arrow Despawn Rate: 1200 Trident Respawn Rate:1200
[07:36:02] [Server thread/INFO]: Zombie Aggressive Towards Villager: true
[07:36:02] [Server thread/INFO]: Nerfing mobs spawned from spawners: false
[07:36:02] [Server thread/INFO]: Entity Activation Range: An 32 / Mo 32 / Ra 48 / Mi 16 / Tiv true / Isa false
[07:36:02] [Server thread/INFO]: Entity Tracking Range: Pl 48 / An 48 / Mo 48 / Mi 32 / Di 128 / Other 64
[07:36:02] [Server thread/INFO]: Hopper Transfer: 8 Hopper Check: 1 Hopper Amount: 1 Hopper Can Load Chunks: false
[07:36:02] [Server thread/INFO]: Custom Map Seeds:  Village: 10387312 Desert: 14357617 Igloo: 14357618 Jungle: 14357619 Swamp: 14357620 Monument: 10387313 Ocean: 14357621 Shipwreck: 165745295 End City: 10387313 Slime: 987234911 Nether: 30084232 Mansion: 10387319 Fossil: 14357921 Portal: 34222645
[07:36:02] [Server thread/INFO]: Cactus Growth Modifier: 100%
[07:36:02] [Server thread/INFO]: Cane Growth Modifier: 100%
[07:36:02] [Server thread/INFO]: Melon Growth Modifier: 100%
[07:36:02] [Server thread/INFO]: Mushroom Growth Modifier: 100%
[07:36:02] [Server thread/INFO]: Pumpkin Growth Modifier: 100%
[07:36:02] [Server thread/INFO]: Sapling Growth Modifier: 100%
[07:36:02] [Server thread/INFO]: Beetroot Growth Modifier: 100%
[07:36:02] [Server thread/INFO]: Carrot Growth Modifier: 100%
[07:36:02] [Server thread/INFO]: Potato Growth Modifier: 100%
[07:36:02] [Server thread/INFO]: Wheat Growth Modifier: 100%
[07:36:02] [Server thread/INFO]: NetherWart Growth Modifier: 100%
[07:36:02] [Server thread/INFO]: Vine Growth Modifier: 100%
[07:36:02] [Server thread/INFO]: Cocoa Growth Modifier: 100%
[07:36:02] [Server thread/INFO]: Bamboo Growth Modifier: 100%
[07:36:02] [Server thread/INFO]: SweetBerry Growth Modifier: 100%
[07:36:02] [Server thread/INFO]: Kelp Growth Modifier: 100%
[07:36:02] [Server thread/INFO]: TwistingVines Growth Modifier: 100%
[07:36:02] [Server thread/INFO]: WeepingVines Growth Modifier: 100%
[07:36:02] [Server thread/INFO]: CaveVines Growth Modifier: 100%
[07:36:02] [Server thread/INFO]: Experience Merge Radius: 3.0
[07:36:02] [Server thread/INFO]: Max TNT Explosions: 100
[07:36:02] [Server thread/INFO]: Tile Max Tick Time: 50ms Entity max Tick Time: 50ms
[07:36:02] [Server thread/INFO]: Mob Spawn Range: 6
[07:36:02] [Server thread/INFO]: Preparing start region for dimension minecraft:pvp
[07:36:16] [Worker-Main-1/INFO]: Preparing spawn area: 0%
[07:36:16] [Worker-Main-1/INFO]: Preparing spawn area: 0%
[07:36:16] [Worker-Main-1/INFO]: Preparing spawn area: 0%
[07:36:16] [Worker-Main-1/INFO]: Preparing spawn area: 0%
[07:36:16] [Worker-Main-1/INFO]: Preparing spawn area: 0%
[07:36:16] [Worker-Main-1/INFO]: Preparing spawn area: 0%
[07:36:16] [Worker-Main-1/INFO]: Preparing spawn area: 0%
[07:36:16] [Worker-Main-1/INFO]: Preparing spawn area: 0%
[07:36:16] [Worker-Main-1/INFO]: Preparing spawn area: 0%
[07:36:16] [Worker-Main-1/INFO]: Preparing spawn area: 0%
[07:36:16] [Worker-Main-1/INFO]: Preparing spawn area: 0%
[07:36:16] [Worker-Main-1/INFO]: Preparing spawn area: 0%
[07:36:16] [Worker-Main-1/INFO]: Preparing spawn area: 0%
[07:36:16] [Worker-Main-1/INFO]: Preparing spawn area: 0%
[07:36:16] [Worker-Main-1/INFO]: Preparing spawn area: 0%
[07:36:16] [Worker-Main-1/INFO]: Preparing spawn area: 0%
[07:36:16] [Worker-Main-1/INFO]: Preparing spawn area: 0%
[07:36:16] [Worker-Main-1/INFO]: Preparing spawn area: 0%
[07:36:16] [Worker-Main-1/INFO]: Preparing spawn area: 0%
[07:36:16] [Worker-Main-1/INFO]: Preparing spawn area: 0%
[07:36:16] [Worker-Main-1/INFO]: Preparing spawn area: 0%
[07:36:16] [Worker-Main-1/INFO]: Preparing spawn area: 0%
[07:36:16] [Worker-Main-1/INFO]: Preparing spawn area: 0%
[07:36:16] [Worker-Main-1/INFO]: Preparing spawn area: 0%
[07:36:16] [Worker-Main-1/INFO]: Preparing spawn area: 0%
[07:36:16] [Worker-Main-1/INFO]: Preparing spawn area: 0%
[07:36:16] [Worker-Main-1/INFO]: Preparing spawn area: 0%
[07:36:16] [Worker-Main-1/INFO]: Preparing spawn area: 0%
[07:36:16] [Server thread/INFO]: Time elapsed: 13658 ms
[07:36:16] [Server thread/INFO]: -------- World Settings For [Survival] --------
[07:36:16] [Server thread/INFO]: View Distance: 20
[07:36:16] [Server thread/INFO]: Simulation Distance: 16
[07:36:16] [Server thread/INFO]: Item Despawn Rate: 6000
[07:36:16] [Server thread/INFO]: Item Merge Radius: 2.5
[07:36:16] [Server thread/INFO]: Allow Zombie Pigmen to spawn from portal blocks: true
[07:36:16] [Server thread/INFO]: Arrow Despawn Rate: 1200 Trident Respawn Rate:1200
[07:36:16] [Server thread/INFO]: Zombie Aggressive Towards Villager: true
[07:36:16] [Server thread/INFO]: Nerfing mobs spawned from spawners: false
[07:36:16] [Server thread/INFO]: Entity Activation Range: An 32 / Mo 32 / Ra 48 / Mi 16 / Tiv true / Isa false
[07:36:16] [Server thread/INFO]: Entity Tracking Range: Pl 48 / An 48 / Mo 48 / Mi 32 / Di 128 / Other 64
[07:36:16] [Server thread/INFO]: Hopper Transfer: 8 Hopper Check: 1 Hopper Amount: 1 Hopper Can Load Chunks: false
[07:36:16] [Server thread/INFO]: Custom Map Seeds:  Village: 10387312 Desert: 14357617 Igloo: 14357618 Jungle: 14357619 Swamp: 14357620 Monument: 10387313 Ocean: 14357621 Shipwreck: 165745295 End City: 10387313 Slime: 987234911 Nether: 30084232 Mansion: 10387319 Fossil: 14357921 Portal: 34222645
[07:36:16] [Server thread/INFO]: Cactus Growth Modifier: 100%
[07:36:16] [Server thread/INFO]: Cane Growth Modifier: 100%
[07:36:16] [Server thread/INFO]: Melon Growth Modifier: 100%
[07:36:16] [Server thread/INFO]: Mushroom Growth Modifier: 100%
[07:36:16] [Server thread/INFO]: Pumpkin Growth Modifier: 100%
[07:36:16] [Server thread/INFO]: Sapling Growth Modifier: 100%
[07:36:16] [Server thread/INFO]: Beetroot Growth Modifier: 100%
[07:36:16] [Server thread/INFO]: Carrot Growth Modifier: 100%
[07:36:16] [Server thread/INFO]: Potato Growth Modifier: 100%
[07:36:16] [Server thread/INFO]: Wheat Growth Modifier: 100%
[07:36:16] [Server thread/INFO]: NetherWart Growth Modifier: 100%
[07:36:16] [Server thread/INFO]: Vine Growth Modifier: 100%
[07:36:16] [Server thread/INFO]: Cocoa Growth Modifier: 100%
[07:36:16] [Server thread/INFO]: Bamboo Growth Modifier: 100%
[07:36:16] [Server thread/INFO]: SweetBerry Growth Modifier: 100%
[07:36:16] [Server thread/INFO]: Kelp Growth Modifier: 100%
[07:36:16] [Server thread/INFO]: TwistingVines Growth Modifier: 100%
[07:36:16] [Server thread/INFO]: WeepingVines Growth Modifier: 100%
[07:36:16] [Server thread/INFO]: CaveVines Growth Modifier: 100%
[07:36:16] [Server thread/INFO]: Experience Merge Radius: 3.0
[07:36:16] [Server thread/INFO]: Max TNT Explosions: 100
[07:36:16] [Server thread/INFO]: Tile Max Tick Time: 50ms Entity max Tick Time: 50ms
[07:36:16] [Server thread/INFO]: Mob Spawn Range: 6
[07:36:16] [Server thread/INFO]: Preparing start region for dimension minecraft:survival
[07:36:28] [Worker-Main-1/INFO]: Preparing spawn area: 0%
[07:36:28] [Worker-Main-1/INFO]: Preparing spawn area: 0%
[07:36:28] [Worker-Main-1/INFO]: Preparing spawn area: 0%
[07:36:28] [Worker-Main-1/INFO]: Preparing spawn area: 0%
[07:36:28] [Worker-Main-1/INFO]: Preparing spawn area: 0%
[07:36:28] [Worker-Main-1/INFO]: Preparing spawn area: 0%
[07:36:28] [Worker-Main-1/INFO]: Preparing spawn area: 0%
[07:36:28] [Worker-Main-1/INFO]: Preparing spawn area: 0%
[07:36:28] [Worker-Main-1/INFO]: Preparing spawn area: 0%
[07:36:28] [Worker-Main-1/INFO]: Preparing spawn area: 0%
[07:36:28] [Worker-Main-1/INFO]: Preparing spawn area: 0%
[07:36:28] [Worker-Main-1/INFO]: Preparing spawn area: 0%
[07:36:28] [Worker-Main-1/INFO]: Preparing spawn area: 0%
[07:36:28] [Worker-Main-1/INFO]: Preparing spawn area: 0%
[07:36:28] [Worker-Main-1/INFO]: Preparing spawn area: 0%
[07:36:28] [Worker-Main-1/INFO]: Preparing spawn area: 0%
[07:36:28] [Worker-Main-1/INFO]: Preparing spawn area: 0%
[07:36:28] [Worker-Main-1/INFO]: Preparing spawn area: 0%
[07:36:28] [Worker-Main-1/INFO]: Preparing spawn area: 0%
[07:36:28] [Worker-Main-1/INFO]: Preparing spawn area: 0%
[07:36:28] [Worker-Main-1/INFO]: Preparing spawn area: 0%
[07:36:28] [Worker-Main-1/INFO]: Preparing spawn area: 0%
[07:36:28] [Worker-Main-1/INFO]: Preparing spawn area: 0%
[07:36:28] [Worker-Main-1/INFO]: Preparing spawn area: 0%
[07:36:28] [Worker-Main-1/INFO]: Preparing spawn area: 0%
[07:36:29] [Worker-Main-1/INFO]: Preparing spawn area: 0%
[07:36:29] [Server thread/INFO]: Time elapsed: 12757 ms
[07:36:29] [Server thread/INFO]: -------- World Settings For [killgod2] --------
[07:36:29] [Server thread/INFO]: View Distance: 20
[07:36:29] [Server thread/INFO]: Simulation Distance: 16
[07:36:29] [Server thread/INFO]: Item Despawn Rate: 6000
[07:36:29] [Server thread/INFO]: Item Merge Radius: 2.5
[07:36:29] [Server thread/INFO]: Allow Zombie Pigmen to spawn from portal blocks: true
[07:36:29] [Server thread/INFO]: Arrow Despawn Rate: 1200 Trident Respawn Rate:1200
[07:36:29] [Server thread/INFO]: Zombie Aggressive Towards Villager: true
[07:36:29] [Server thread/INFO]: Nerfing mobs spawned from spawners: false
[07:36:29] [Server thread/INFO]: Entity Activation Range: An 32 / Mo 32 / Ra 48 / Mi 16 / Tiv true / Isa false
[07:36:29] [Server thread/INFO]: Entity Tracking Range: Pl 48 / An 48 / Mo 48 / Mi 32 / Di 128 / Other 64
[07:36:29] [Server thread/INFO]: Hopper Transfer: 8 Hopper Check: 1 Hopper Amount: 1 Hopper Can Load Chunks: false
[07:36:29] [Server thread/INFO]: Custom Map Seeds:  Village: 10387312 Desert: 14357617 Igloo: 14357618 Jungle: 14357619 Swamp: 14357620 Monument: 10387313 Ocean: 14357621 Shipwreck: 165745295 End City: 10387313 Slime: 987234911 Nether: 30084232 Mansion: 10387319 Fossil: 14357921 Portal: 34222645
[07:36:29] [Server thread/INFO]: Cactus Growth Modifier: 100%
[07:36:29] [Server thread/INFO]: Cane Growth Modifier: 100%
[07:36:29] [Server thread/INFO]: Melon Growth Modifier: 100%
[07:36:29] [Server thread/INFO]: Mushroom Growth Modifier: 100%
[07:36:29] [Server thread/INFO]: Pumpkin Growth Modifier: 100%
[07:36:29] [Server thread/INFO]: Sapling Growth Modifier: 100%
[07:36:29] [Server thread/INFO]: Beetroot Growth Modifier: 100%
[07:36:29] [Server thread/INFO]: Carrot Growth Modifier: 100%
[07:36:29] [Server thread/INFO]: Potato Growth Modifier: 100%
[07:36:29] [Server thread/INFO]: Wheat Growth Modifier: 100%
[07:36:29] [Server thread/INFO]: NetherWart Growth Modifier: 100%
[07:36:29] [Server thread/INFO]: Vine Growth Modifier: 100%
[07:36:29] [Server thread/INFO]: Cocoa Growth Modifier: 100%
[07:36:29] [Server thread/INFO]: Bamboo Growth Modifier: 100%
[07:36:29] [Server thread/INFO]: SweetBerry Growth Modifier: 100%
[07:36:29] [Server thread/INFO]: Kelp Growth Modifier: 100%
[07:36:29] [Server thread/INFO]: TwistingVines Growth Modifier: 100%
[07:36:29] [Server thread/INFO]: WeepingVines Growth Modifier: 100%
[07:36:29] [Server thread/INFO]: CaveVines Growth Modifier: 100%
[07:36:29] [Server thread/INFO]: Experience Merge Radius: 3.0
[07:36:29] [Server thread/INFO]: Max TNT Explosions: 100
[07:36:29] [Server thread/INFO]: Tile Max Tick Time: 50ms Entity max Tick Time: 50ms
[07:36:29] [Server thread/INFO]: Mob Spawn Range: 6
[07:36:29] [Server thread/INFO]: Preparing start region for dimension minecraft:killgod2
[07:36:29] [Worker-Main-1/INFO]: Preparing spawn area: 0%
[07:36:29] [Server thread/INFO]: Time elapsed: 398 ms
[07:36:29] [Server thread/INFO]: -------- World Settings For [peaceful] --------
[07:36:29] [Server thread/INFO]: View Distance: 20
[07:36:29] [Server thread/INFO]: Simulation Distance: 16
[07:36:29] [Server thread/INFO]: Item Despawn Rate: 6000
[07:36:29] [Server thread/INFO]: Item Merge Radius: 2.5
[07:36:29] [Server thread/INFO]: Allow Zombie Pigmen to spawn from portal blocks: true
[07:36:29] [Server thread/INFO]: Arrow Despawn Rate: 1200 Trident Respawn Rate:1200
[07:36:29] [Server thread/INFO]: Zombie Aggressive Towards Villager: true
[07:36:29] [Server thread/INFO]: Nerfing mobs spawned from spawners: false
[07:36:29] [Server thread/INFO]: Entity Activation Range: An 32 / Mo 32 / Ra 48 / Mi 16 / Tiv true / Isa false
[07:36:29] [Server thread/INFO]: Entity Tracking Range: Pl 48 / An 48 / Mo 48 / Mi 32 / Di 128 / Other 64
[07:36:29] [Server thread/INFO]: Hopper Transfer: 8 Hopper Check: 1 Hopper Amount: 1 Hopper Can Load Chunks: false
[07:36:29] [Server thread/INFO]: Custom Map Seeds:  Village: 10387312 Desert: 14357617 Igloo: 14357618 Jungle: 14357619 Swamp: 14357620 Monument: 10387313 Ocean: 14357621 Shipwreck: 165745295 End City: 10387313 Slime: 987234911 Nether: 30084232 Mansion: 10387319 Fossil: 14357921 Portal: 34222645
[07:36:29] [Server thread/INFO]: Cactus Growth Modifier: 100%
[07:36:29] [Server thread/INFO]: Cane Growth Modifier: 100%
[07:36:29] [Server thread/INFO]: Melon Growth Modifier: 100%
[07:36:29] [Server thread/INFO]: Mushroom Growth Modifier: 100%
[07:36:29] [Server thread/INFO]: Pumpkin Growth Modifier: 100%
[07:36:29] [Server thread/INFO]: Sapling Growth Modifier: 100%
[07:36:29] [Server thread/INFO]: Beetroot Growth Modifier: 100%
[07:36:29] [Server thread/INFO]: Carrot Growth Modifier: 100%
[07:36:29] [Server thread/INFO]: Potato Growth Modifier: 100%
[07:36:29] [Server thread/INFO]: Wheat Growth Modifier: 100%
[07:36:29] [Server thread/INFO]: NetherWart Growth Modifier: 100%
[07:36:29] [Server thread/INFO]: Vine Growth Modifier: 100%
[07:36:29] [Server thread/INFO]: Cocoa Growth Modifier: 100%
[07:36:29] [Server thread/INFO]: Bamboo Growth Modifier: 100%
[07:36:29] [Server thread/INFO]: SweetBerry Growth Modifier: 100%
[07:36:29] [Server thread/INFO]: Kelp Growth Modifier: 100%
[07:36:29] [Server thread/INFO]: TwistingVines Growth Modifier: 100%
[07:36:29] [Server thread/INFO]: WeepingVines Growth Modifier: 100%
[07:36:29] [Server thread/INFO]: CaveVines Growth Modifier: 100%
[07:36:29] [Server thread/INFO]: Experience Merge Radius: 3.0
[07:36:29] [Server thread/INFO]: Max TNT Explosions: 100
[07:36:29] [Server thread/INFO]: Tile Max Tick Time: 50ms Entity max Tick Time: 50ms
[07:36:29] [Server thread/INFO]: Mob Spawn Range: 6
[07:36:30] [Server thread/INFO]: Preparing start region for dimension minecraft:peaceful
[07:36:42] [Worker-Main-1/INFO]: Preparing spawn area: 0%
[07:36:42] [Worker-Main-1/INFO]: Preparing spawn area: 0%
[07:36:42] [Worker-Main-1/INFO]: Preparing spawn area: 0%
[07:36:42] [Worker-Main-1/INFO]: Preparing spawn area: 0%
[07:36:42] [Worker-Main-1/INFO]: Preparing spawn area: 0%
[07:36:42] [Worker-Main-1/INFO]: Preparing spawn area: 0%
[07:36:42] [Worker-Main-1/INFO]: Preparing spawn area: 0%
[07:36:42] [Worker-Main-1/INFO]: Preparing spawn area: 0%
[07:36:42] [Worker-Main-1/INFO]: Preparing spawn area: 0%
[07:36:42] [Worker-Main-1/INFO]: Preparing spawn area: 0%
[07:36:42] [Worker-Main-1/INFO]: Preparing spawn area: 0%
[07:36:42] [Worker-Main-1/INFO]: Preparing spawn area: 0%
[07:36:42] [Worker-Main-1/INFO]: Preparing spawn area: 0%
[07:36:42] [Worker-Main-1/INFO]: Preparing spawn area: 0%
[07:36:42] [Worker-Main-1/INFO]: Preparing spawn area: 0%
[07:36:42] [Worker-Main-1/INFO]: Preparing spawn area: 0%
[07:36:42] [Worker-Main-1/INFO]: Preparing spawn area: 0%
[07:36:42] [Worker-Main-1/INFO]: Preparing spawn area: 0%
[07:36:42] [Worker-Main-1/INFO]: Preparing spawn area: 0%
[07:36:42] [Worker-Main-1/INFO]: Preparing spawn area: 0%
[07:36:42] [Worker-Main-1/INFO]: Preparing spawn area: 0%
[07:36:42] [Worker-Main-1/INFO]: Preparing spawn area: 0%
[07:36:42] [Worker-Main-1/INFO]: Preparing spawn area: 0%
[07:36:42] [Worker-Main-1/INFO]: Preparing spawn area: 0%
[07:36:42] [Worker-Main-1/INFO]: Preparing spawn area: 0%
[07:36:42] [Worker-Main-1/INFO]: Preparing spawn area: 0%
[07:36:43] [Worker-Main-1/INFO]: Preparing spawn area: 0%
[07:36:43] [Server thread/INFO]: Time elapsed: 13277 ms
[07:36:43] [Server thread/INFO]: -------- World Settings For [testworld2] --------
[07:36:43] [Server thread/INFO]: View Distance: 20
[07:36:43] [Server thread/INFO]: Simulation Distance: 16
[07:36:43] [Server thread/INFO]: Item Despawn Rate: 6000
[07:36:43] [Server thread/INFO]: Item Merge Radius: 2.5
[07:36:43] [Server thread/INFO]: Allow Zombie Pigmen to spawn from portal blocks: true
[07:36:43] [Server thread/INFO]: Arrow Despawn Rate: 1200 Trident Respawn Rate:1200
[07:36:43] [Server thread/INFO]: Zombie Aggressive Towards Villager: true
[07:36:43] [Server thread/INFO]: Nerfing mobs spawned from spawners: false
[07:36:43] [Server thread/INFO]: Entity Activation Range: An 32 / Mo 32 / Ra 48 / Mi 16 / Tiv true / Isa false
[07:36:43] [Server thread/INFO]: Entity Tracking Range: Pl 48 / An 48 / Mo 48 / Mi 32 / Di 128 / Other 64
[07:36:43] [Server thread/INFO]: Hopper Transfer: 8 Hopper Check: 1 Hopper Amount: 1 Hopper Can Load Chunks: false
[07:36:43] [Server thread/INFO]: Custom Map Seeds:  Village: 10387312 Desert: 14357617 Igloo: 14357618 Jungle: 14357619 Swamp: 14357620 Monument: 10387313 Ocean: 14357621 Shipwreck: 165745295 End City: 10387313 Slime: 987234911 Nether: 30084232 Mansion: 10387319 Fossil: 14357921 Portal: 34222645
[07:36:43] [Server thread/INFO]: Cactus Growth Modifier: 100%
[07:36:43] [Server thread/INFO]: Cane Growth Modifier: 100%
[07:36:43] [Server thread/INFO]: Melon Growth Modifier: 100%
[07:36:43] [Server thread/INFO]: Mushroom Growth Modifier: 100%
[07:36:43] [Server thread/INFO]: Pumpkin Growth Modifier: 100%
[07:36:43] [Server thread/INFO]: Sapling Growth Modifier: 100%
[07:36:43] [Server thread/INFO]: Beetroot Growth Modifier: 100%
[07:36:43] [Server thread/INFO]: Carrot Growth Modifier: 100%
[07:36:43] [Server thread/INFO]: Potato Growth Modifier: 100%
[07:36:43] [Server thread/INFO]: Wheat Growth Modifier: 100%
[07:36:43] [Server thread/INFO]: NetherWart Growth Modifier: 100%
[07:36:43] [Server thread/INFO]: Vine Growth Modifier: 100%
[07:36:43] [Server thread/INFO]: Cocoa Growth Modifier: 100%
[07:36:43] [Server thread/INFO]: Bamboo Growth Modifier: 100%
[07:36:43] [Server thread/INFO]: SweetBerry Growth Modifier: 100%
[07:36:43] [Server thread/INFO]: Kelp Growth Modifier: 100%
[07:36:43] [Server thread/INFO]: TwistingVines Growth Modifier: 100%
[07:36:43] [Server thread/INFO]: WeepingVines Growth Modifier: 100%
[07:36:43] [Server thread/INFO]: CaveVines Growth Modifier: 100%
[07:36:43] [Server thread/INFO]: Experience Merge Radius: 3.0
[07:36:43] [Server thread/INFO]: Max TNT Explosions: 100
[07:36:43] [Server thread/INFO]: Tile Max Tick Time: 50ms Entity max Tick Time: 50ms
[07:36:43] [Server thread/INFO]: Mob Spawn Range: 6
[07:36:43] [Server thread/INFO]: Preparing start region for dimension minecraft:testworld2
[07:36:43] [Worker-Main-1/INFO]: Preparing spawn area: 0%
[07:36:43] [Server thread/INFO]: Time elapsed: 127 ms
[07:36:43] [Server thread/INFO]: -------- World Settings For [importworld] --------
[07:36:43] [Server thread/INFO]: View Distance: 20
[07:36:43] [Server thread/INFO]: Simulation Distance: 16
[07:36:43] [Server thread/INFO]: Item Despawn Rate: 6000
[07:36:43] [Server thread/INFO]: Item Merge Radius: 2.5
[07:36:43] [Server thread/INFO]: Allow Zombie Pigmen to spawn from portal blocks: true
[07:36:43] [Server thread/INFO]: Arrow Despawn Rate: 1200 Trident Respawn Rate:1200
[07:36:43] [Server thread/INFO]: Zombie Aggressive Towards Villager: true
[07:36:43] [Server thread/INFO]: Nerfing mobs spawned from spawners: false
[07:36:43] [Server thread/INFO]: Entity Activation Range: An 32 / Mo 32 / Ra 48 / Mi 16 / Tiv true / Isa false
[07:36:43] [Server thread/INFO]: Entity Tracking Range: Pl 48 / An 48 / Mo 48 / Mi 32 / Di 128 / Other 64
[07:36:43] [Server thread/INFO]: Hopper Transfer: 8 Hopper Check: 1 Hopper Amount: 1 Hopper Can Load Chunks: false
[07:36:43] [Server thread/INFO]: Custom Map Seeds:  Village: 10387312 Desert: 14357617 Igloo: 14357618 Jungle: 14357619 Swamp: 14357620 Monument: 10387313 Ocean: 14357621 Shipwreck: 165745295 End City: 10387313 Slime: 987234911 Nether: 30084232 Mansion: 10387319 Fossil: 14357921 Portal: 34222645
[07:36:43] [Server thread/INFO]: Cactus Growth Modifier: 100%
[07:36:43] [Server thread/INFO]: Cane Growth Modifier: 100%
[07:36:43] [Server thread/INFO]: Melon Growth Modifier: 100%
[07:36:43] [Server thread/INFO]: Mushroom Growth Modifier: 100%
[07:36:43] [Server thread/INFO]: Pumpkin Growth Modifier: 100%
[07:36:43] [Server thread/INFO]: Sapling Growth Modifier: 100%
[07:36:43] [Server thread/INFO]: Beetroot Growth Modifier: 100%
[07:36:43] [Server thread/INFO]: Carrot Growth Modifier: 100%
[07:36:43] [Server thread/INFO]: Potato Growth Modifier: 100%
[07:36:43] [Server thread/INFO]: Wheat Growth Modifier: 100%
[07:36:43] [Server thread/INFO]: NetherWart Growth Modifier: 100%
[07:36:43] [Server thread/INFO]: Vine Growth Modifier: 100%
[07:36:43] [Server thread/INFO]: Cocoa Growth Modifier: 100%
[07:36:43] [Server thread/INFO]: Bamboo Growth Modifier: 100%
[07:36:43] [Server thread/INFO]: SweetBerry Growth Modifier: 100%
[07:36:43] [Server thread/INFO]: Kelp Growth Modifier: 100%
[07:36:43] [Server thread/INFO]: TwistingVines Growth Modifier: 100%
[07:36:43] [Server thread/INFO]: WeepingVines Growth Modifier: 100%
[07:36:43] [Server thread/INFO]: CaveVines Growth Modifier: 100%
[07:36:43] [Server thread/INFO]: Experience Merge Radius: 3.0
[07:36:43] [Server thread/INFO]: Max TNT Explosions: 100
[07:36:43] [Server thread/INFO]: Tile Max Tick Time: 50ms Entity max Tick Time: 50ms
[07:36:43] [Server thread/INFO]: Mob Spawn Range: 6
[07:36:43] [Server thread/INFO]: Preparing start region for dimension minecraft:importworld
[07:36:43] [Worker-Main-1/INFO]: Preparing spawn area: 0%
[07:36:43] [Server thread/INFO]: Time elapsed: 222 ms
[07:36:43] [Server thread/INFO]: -------- World Settings For [Hub] --------
[07:36:43] [Server thread/INFO]: View Distance: 20
[07:36:43] [Server thread/INFO]: Simulation Distance: 16
[07:36:43] [Server thread/INFO]: Item Despawn Rate: 6000
[07:36:43] [Server thread/INFO]: Item Merge Radius: 2.5
[07:36:43] [Server thread/INFO]: Allow Zombie Pigmen to spawn from portal blocks: true
[07:36:43] [Server thread/INFO]: Arrow Despawn Rate: 1200 Trident Respawn Rate:1200
[07:36:43] [Server thread/INFO]: Zombie Aggressive Towards Villager: true
[07:36:43] [Server thread/INFO]: Nerfing mobs spawned from spawners: false
[07:36:43] [Server thread/INFO]: Entity Activation Range: An 32 / Mo 32 / Ra 48 / Mi 16 / Tiv true / Isa false
[07:36:43] [Server thread/INFO]: Entity Tracking Range: Pl 48 / An 48 / Mo 48 / Mi 32 / Di 128 / Other 64
[07:36:43] [Server thread/INFO]: Hopper Transfer: 8 Hopper Check: 1 Hopper Amount: 1 Hopper Can Load Chunks: false
[07:36:43] [Server thread/INFO]: Custom Map Seeds:  Village: 10387312 Desert: 14357617 Igloo: 14357618 Jungle: 14357619 Swamp: 14357620 Monument: 10387313 Ocean: 14357621 Shipwreck: 165745295 End City: 10387313 Slime: 987234911 Nether: 30084232 Mansion: 10387319 Fossil: 14357921 Portal: 34222645
[07:36:43] [Server thread/INFO]: Cactus Growth Modifier: 100%
[07:36:43] [Server thread/INFO]: Cane Growth Modifier: 100%
[07:36:43] [Server thread/INFO]: Melon Growth Modifier: 100%
[07:36:43] [Server thread/INFO]: Mushroom Growth Modifier: 100%
[07:36:43] [Server thread/INFO]: Pumpkin Growth Modifier: 100%
[07:36:43] [Server thread/INFO]: Sapling Growth Modifier: 100%
[07:36:43] [Server thread/INFO]: Beetroot Growth Modifier: 100%
[07:36:43] [Server thread/INFO]: Carrot Growth Modifier: 100%
[07:36:43] [Server thread/INFO]: Potato Growth Modifier: 100%
[07:36:43] [Server thread/INFO]: Wheat Growth Modifier: 100%
[07:36:43] [Server thread/INFO]: NetherWart Growth Modifier: 100%
[07:36:43] [Server thread/INFO]: Vine Growth Modifier: 100%
[07:36:43] [Server thread/INFO]: Cocoa Growth Modifier: 100%
[07:36:43] [Server thread/INFO]: Bamboo Growth Modifier: 100%
[07:36:43] [Server thread/INFO]: SweetBerry Growth Modifier: 100%
[07:36:43] [Server thread/INFO]: Kelp Growth Modifier: 100%
[07:36:43] [Server thread/INFO]: TwistingVines Growth Modifier: 100%
[07:36:43] [Server thread/INFO]: WeepingVines Growth Modifier: 100%
[07:36:43] [Server thread/INFO]: CaveVines Growth Modifier: 100%
[07:36:43] [Server thread/INFO]: Experience Merge Radius: 3.0
[07:36:43] [Server thread/INFO]: Max TNT Explosions: 100
[07:36:43] [Server thread/INFO]: Tile Max Tick Time: 50ms Entity max Tick Time: 50ms
[07:36:43] [Server thread/INFO]: Mob Spawn Range: 6
[07:36:43] [Server thread/INFO]: Preparing start region for dimension minecraft:hub
[07:36:43] [Worker-Main-1/INFO]: Preparing spawn area: 0%
[07:36:44] [Server thread/INFO]: Time elapsed: 200 ms
[07:36:44] [Server thread/INFO]: -------- World Settings For [testworld] --------
[07:36:44] [Server thread/INFO]: View Distance: 20
[07:36:44] [Server thread/INFO]: Simulation Distance: 16
[07:36:44] [Server thread/INFO]: Item Despawn Rate: 6000
[07:36:44] [Server thread/INFO]: Item Merge Radius: 2.5
[07:36:44] [Server thread/INFO]: Allow Zombie Pigmen to spawn from portal blocks: true
[07:36:44] [Server thread/INFO]: Arrow Despawn Rate: 1200 Trident Respawn Rate:1200
[07:36:44] [Server thread/INFO]: Zombie Aggressive Towards Villager: true
[07:36:44] [Server thread/INFO]: Nerfing mobs spawned from spawners: false
[07:36:44] [Server thread/INFO]: Entity Activation Range: An 32 / Mo 32 / Ra 48 / Mi 16 / Tiv true / Isa false
[07:36:44] [Server thread/INFO]: Entity Tracking Range: Pl 48 / An 48 / Mo 48 / Mi 32 / Di 128 / Other 64
[07:36:44] [Server thread/INFO]: Hopper Transfer: 8 Hopper Check: 1 Hopper Amount: 1 Hopper Can Load Chunks: false
[07:36:44] [Server thread/INFO]: Custom Map Seeds:  Village: 10387312 Desert: 14357617 Igloo: 14357618 Jungle: 14357619 Swamp: 14357620 Monument: 10387313 Ocean: 14357621 Shipwreck: 165745295 End City: 10387313 Slime: 987234911 Nether: 30084232 Mansion: 10387319 Fossil: 14357921 Portal: 34222645
[07:36:44] [Server thread/INFO]: Cactus Growth Modifier: 100%
[07:36:44] [Server thread/INFO]: Cane Growth Modifier: 100%
[07:36:44] [Server thread/INFO]: Melon Growth Modifier: 100%
[07:36:44] [Server thread/INFO]: Mushroom Growth Modifier: 100%
[07:36:44] [Server thread/INFO]: Pumpkin Growth Modifier: 100%
[07:36:44] [Server thread/INFO]: Sapling Growth Modifier: 100%
[07:36:44] [Server thread/INFO]: Beetroot Growth Modifier: 100%
[07:36:44] [Server thread/INFO]: Carrot Growth Modifier: 100%
[07:36:44] [Server thread/INFO]: Potato Growth Modifier: 100%
[07:36:44] [Server thread/INFO]: Wheat Growth Modifier: 100%
[07:36:44] [Server thread/INFO]: NetherWart Growth Modifier: 100%
[07:36:44] [Server thread/INFO]: Vine Growth Modifier: 100%
[07:36:44] [Server thread/INFO]: Cocoa Growth Modifier: 100%
[07:36:44] [Server thread/INFO]: Bamboo Growth Modifier: 100%
[07:36:44] [Server thread/INFO]: SweetBerry Growth Modifier: 100%
[07:36:44] [Server thread/INFO]: Kelp Growth Modifier: 100%
[07:36:44] [Server thread/INFO]: TwistingVines Growth Modifier: 100%
[07:36:44] [Server thread/INFO]: WeepingVines Growth Modifier: 100%
[07:36:44] [Server thread/INFO]: CaveVines Growth Modifier: 100%
[07:36:44] [Server thread/INFO]: Experience Merge Radius: 3.0
[07:36:44] [Server thread/INFO]: Max TNT Explosions: 100
[07:36:44] [Server thread/INFO]: Tile Max Tick Time: 50ms Entity max Tick Time: 50ms
[07:36:44] [Server thread/INFO]: Mob Spawn Range: 6
[07:36:44] [Server thread/INFO]: Preparing start region for dimension minecraft:testworld
[07:36:44] [Worker-Main-1/INFO]: Preparing spawn area: 0%
[07:36:44] [Server thread/INFO]: Time elapsed: 172 ms
[07:36:44] [Server thread/INFO]: -------- World Settings For [minigames] --------
[07:36:44] [Server thread/INFO]: View Distance: 20
[07:36:44] [Server thread/INFO]: Simulation Distance: 16
[07:36:44] [Server thread/INFO]: Item Despawn Rate: 6000
[07:36:44] [Server thread/INFO]: Item Merge Radius: 2.5
[07:36:44] [Server thread/INFO]: Allow Zombie Pigmen to spawn from portal blocks: true
[07:36:44] [Server thread/INFO]: Arrow Despawn Rate: 1200 Trident Respawn Rate:1200
[07:36:44] [Server thread/INFO]: Zombie Aggressive Towards Villager: true
[07:36:44] [Server thread/INFO]: Nerfing mobs spawned from spawners: false
[07:36:44] [Server thread/INFO]: Entity Activation Range: An 32 / Mo 32 / Ra 48 / Mi 16 / Tiv true / Isa false
[07:36:44] [Server thread/INFO]: Entity Tracking Range: Pl 48 / An 48 / Mo 48 / Mi 32 / Di 128 / Other 64
[07:36:44] [Server thread/INFO]: Hopper Transfer: 8 Hopper Check: 1 Hopper Amount: 1 Hopper Can Load Chunks: false
[07:36:44] [Server thread/INFO]: Custom Map Seeds:  Village: 10387312 Desert: 14357617 Igloo: 14357618 Jungle: 14357619 Swamp: 14357620 Monument: 10387313 Ocean: 14357621 Shipwreck: 165745295 End City: 10387313 Slime: 987234911 Nether: 30084232 Mansion: 10387319 Fossil: 14357921 Portal: 34222645
[07:36:44] [Server thread/INFO]: Cactus Growth Modifier: 100%
[07:36:44] [Server thread/INFO]: Cane Growth Modifier: 100%
[07:36:44] [Server thread/INFO]: Melon Growth Modifier: 100%
[07:36:44] [Server thread/INFO]: Mushroom Growth Modifier: 100%
[07:36:44] [Server thread/INFO]: Pumpkin Growth Modifier: 100%
[07:36:44] [Server thread/INFO]: Sapling Growth Modifier: 100%
[07:36:44] [Server thread/INFO]: Beetroot Growth Modifier: 100%
[07:36:44] [Server thread/INFO]: Carrot Growth Modifier: 100%
[07:36:44] [Server thread/INFO]: Potato Growth Modifier: 100%
[07:36:44] [Server thread/INFO]: Wheat Growth Modifier: 100%
[07:36:44] [Server thread/INFO]: NetherWart Growth Modifier: 100%
[07:36:44] [Server thread/INFO]: Vine Growth Modifier: 100%
[07:36:44] [Server thread/INFO]: Cocoa Growth Modifier: 100%
[07:36:44] [Server thread/INFO]: Bamboo Growth Modifier: 100%
[07:36:44] [Server thread/INFO]: SweetBerry Growth Modifier: 100%
[07:36:44] [Server thread/INFO]: Kelp Growth Modifier: 100%
[07:36:44] [Server thread/INFO]: TwistingVines Growth Modifier: 100%
[07:36:44] [Server thread/INFO]: WeepingVines Growth Modifier: 100%
[07:36:44] [Server thread/INFO]: CaveVines Growth Modifier: 100%
[07:36:44] [Server thread/INFO]: Experience Merge Radius: 3.0
[07:36:44] [Server thread/INFO]: Max TNT Explosions: 100
[07:36:44] [Server thread/INFO]: Tile Max Tick Time: 50ms Entity max Tick Time: 50ms
[07:36:44] [Server thread/INFO]: Mob Spawn Range: 6
[07:36:44] [Server thread/INFO]: Preparing start region for dimension minecraft:minigames
[07:36:44] [Worker-Main-1/INFO]: Preparing spawn area: 0%
[07:36:44] [Server thread/INFO]: Time elapsed: 128 ms
[07:36:44] [Server thread/INFO]: -------- World Settings For [KillGod] --------
[07:36:44] [Server thread/INFO]: View Distance: 20
[07:36:44] [Server thread/INFO]: Simulation Distance: 16
[07:36:44] [Server thread/INFO]: Item Despawn Rate: 6000
[07:36:44] [Server thread/INFO]: Item Merge Radius: 2.5
[07:36:44] [Server thread/INFO]: Allow Zombie Pigmen to spawn from portal blocks: true
[07:36:44] [Server thread/INFO]: Arrow Despawn Rate: 1200 Trident Respawn Rate:1200
[07:36:44] [Server thread/INFO]: Zombie Aggressive Towards Villager: true
[07:36:44] [Server thread/INFO]: Nerfing mobs spawned from spawners: false
[07:36:44] [Server thread/INFO]: Entity Activation Range: An 32 / Mo 32 / Ra 48 / Mi 16 / Tiv true / Isa false
[07:36:44] [Server thread/INFO]: Entity Tracking Range: Pl 48 / An 48 / Mo 48 / Mi 32 / Di 128 / Other 64
[07:36:44] [Server thread/INFO]: Hopper Transfer: 8 Hopper Check: 1 Hopper Amount: 1 Hopper Can Load Chunks: false
[07:36:44] [Server thread/INFO]: Custom Map Seeds:  Village: 10387312 Desert: 14357617 Igloo: 14357618 Jungle: 14357619 Swamp: 14357620 Monument: 10387313 Ocean: 14357621 Shipwreck: 165745295 End City: 10387313 Slime: 987234911 Nether: 30084232 Mansion: 10387319 Fossil: 14357921 Portal: 34222645
[07:36:44] [Server thread/INFO]: Cactus Growth Modifier: 100%
[07:36:44] [Server thread/INFO]: Cane Growth Modifier: 100%
[07:36:44] [Server thread/INFO]: Melon Growth Modifier: 100%
[07:36:44] [Server thread/INFO]: Mushroom Growth Modifier: 100%
[07:36:44] [Server thread/INFO]: Pumpkin Growth Modifier: 100%
[07:36:44] [Server thread/INFO]: Sapling Growth Modifier: 100%
[07:36:44] [Server thread/INFO]: Beetroot Growth Modifier: 100%
[07:36:44] [Server thread/INFO]: Carrot Growth Modifier: 100%
[07:36:44] [Server thread/INFO]: Potato Growth Modifier: 100%
[07:36:44] [Server thread/INFO]: Wheat Growth Modifier: 100%
[07:36:44] [Server thread/INFO]: NetherWart Growth Modifier: 100%
[07:36:44] [Server thread/INFO]: Vine Growth Modifier: 100%
[07:36:44] [Server thread/INFO]: Cocoa Growth Modifier: 100%
[07:36:44] [Server thread/INFO]: Bamboo Growth Modifier: 100%
[07:36:44] [Server thread/INFO]: SweetBerry Growth Modifier: 100%
[07:36:44] [Server thread/INFO]: Kelp Growth Modifier: 100%
[07:36:44] [Server thread/INFO]: TwistingVines Growth Modifier: 100%
[07:36:44] [Server thread/INFO]: WeepingVines Growth Modifier: 100%
[07:36:44] [Server thread/INFO]: CaveVines Growth Modifier: 100%
[07:36:44] [Server thread/INFO]: Experience Merge Radius: 3.0
[07:36:44] [Server thread/INFO]: Max TNT Explosions: 100
[07:36:44] [Server thread/INFO]: Tile Max Tick Time: 50ms Entity max Tick Time: 50ms
[07:36:44] [Server thread/INFO]: Mob Spawn Range: 6
[07:36:44] [Server thread/INFO]: Preparing start region for dimension minecraft:killgod
[07:36:44] [Worker-Main-1/INFO]: Preparing spawn area: 0%
[07:36:44] [Server thread/INFO]: Time elapsed: 150 ms
[07:36:44] [Server thread/INFO]: -------- World Settings For [GuildWorld] --------
[07:36:44] [Server thread/INFO]: View Distance: 20
[07:36:44] [Server thread/INFO]: Simulation Distance: 16
[07:36:44] [Server thread/INFO]: Item Despawn Rate: 6000
[07:36:44] [Server thread/INFO]: Item Merge Radius: 2.5
[07:36:44] [Server thread/INFO]: Allow Zombie Pigmen to spawn from portal blocks: true
[07:36:44] [Server thread/INFO]: Arrow Despawn Rate: 1200 Trident Respawn Rate:1200
[07:36:44] [Server thread/INFO]: Zombie Aggressive Towards Villager: true
[07:36:44] [Server thread/INFO]: Nerfing mobs spawned from spawners: false
[07:36:44] [Server thread/INFO]: Entity Activation Range: An 32 / Mo 32 / Ra 48 / Mi 16 / Tiv true / Isa false
[07:36:44] [Server thread/INFO]: Entity Tracking Range: Pl 48 / An 48 / Mo 48 / Mi 32 / Di 128 / Other 64
[07:36:44] [Server thread/INFO]: Hopper Transfer: 8 Hopper Check: 1 Hopper Amount: 1 Hopper Can Load Chunks: false
[07:36:44] [Server thread/INFO]: Custom Map Seeds:  Village: 10387312 Desert: 14357617 Igloo: 14357618 Jungle: 14357619 Swamp: 14357620 Monument: 10387313 Ocean: 14357621 Shipwreck: 165745295 End City: 10387313 Slime: 987234911 Nether: 30084232 Mansion: 10387319 Fossil: 14357921 Portal: 34222645
[07:36:44] [Server thread/INFO]: Cactus Growth Modifier: 100%
[07:36:44] [Server thread/INFO]: Cane Growth Modifier: 100%
[07:36:44] [Server thread/INFO]: Melon Growth Modifier: 100%
[07:36:44] [Server thread/INFO]: Mushroom Growth Modifier: 100%
[07:36:44] [Server thread/INFO]: Pumpkin Growth Modifier: 100%
[07:36:44] [Server thread/INFO]: Sapling Growth Modifier: 100%
[07:36:44] [Server thread/INFO]: Beetroot Growth Modifier: 100%
[07:36:44] [Server thread/INFO]: Carrot Growth Modifier: 100%
[07:36:44] [Server thread/INFO]: Potato Growth Modifier: 100%
[07:36:44] [Server thread/INFO]: Wheat Growth Modifier: 100%
[07:36:44] [Server thread/INFO]: NetherWart Growth Modifier: 100%
[07:36:44] [Server thread/INFO]: Vine Growth Modifier: 100%
[07:36:44] [Server thread/INFO]: Cocoa Growth Modifier: 100%
[07:36:44] [Server thread/INFO]: Bamboo Growth Modifier: 100%
[07:36:44] [Server thread/INFO]: SweetBerry Growth Modifier: 100%
[07:36:44] [Server thread/INFO]: Kelp Growth Modifier: 100%
[07:36:44] [Server thread/INFO]: TwistingVines Growth Modifier: 100%
[07:36:44] [Server thread/INFO]: WeepingVines Growth Modifier: 100%
[07:36:44] [Server thread/INFO]: CaveVines Growth Modifier: 100%
[07:36:44] [Server thread/INFO]: Experience Merge Radius: 3.0
[07:36:44] [Server thread/INFO]: Max TNT Explosions: 100
[07:36:44] [Server thread/INFO]: Tile Max Tick Time: 50ms Entity max Tick Time: 50ms
[07:36:44] [Server thread/INFO]: Mob Spawn Range: 6
[07:36:44] [Server thread/INFO]: Preparing start region for dimension minecraft:guildworld
[07:36:57] [Worker-Main-1/INFO]: Preparing spawn area: 0%
[07:36:57] [Worker-Main-1/INFO]: Preparing spawn area: 0%
[07:36:57] [Worker-Main-1/INFO]: Preparing spawn area: 0%
[07:36:57] [Worker-Main-1/INFO]: Preparing spawn area: 0%
[07:36:57] [Worker-Main-1/INFO]: Preparing spawn area: 0%
[07:36:57] [Worker-Main-1/INFO]: Preparing spawn area: 0%
[07:36:57] [Worker-Main-1/INFO]: Preparing spawn area: 0%
[07:36:57] [Worker-Main-1/INFO]: Preparing spawn area: 0%
[07:36:57] [Worker-Main-1/INFO]: Preparing spawn area: 0%
[07:36:57] [Worker-Main-1/INFO]: Preparing spawn area: 0%
[07:36:57] [Worker-Main-1/INFO]: Preparing spawn area: 0%
[07:36:57] [Worker-Main-1/INFO]: Preparing spawn area: 0%
[07:36:57] [Worker-Main-1/INFO]: Preparing spawn area: 0%
[07:36:57] [Worker-Main-1/INFO]: Preparing spawn area: 0%
[07:36:57] [Worker-Main-1/INFO]: Preparing spawn area: 0%
[07:36:57] [Worker-Main-1/INFO]: Preparing spawn area: 0%
[07:36:57] [Worker-Main-1/INFO]: Preparing spawn area: 0%
[07:36:57] [Worker-Main-1/INFO]: Preparing spawn area: 0%
[07:36:57] [Worker-Main-1/INFO]: Preparing spawn area: 0%
[07:36:57] [Worker-Main-1/INFO]: Preparing spawn area: 0%
[07:36:57] [Worker-Main-1/INFO]: Preparing spawn area: 0%
[07:36:57] [Worker-Main-1/INFO]: Preparing spawn area: 0%
[07:36:57] [Worker-Main-1/INFO]: Preparing spawn area: 0%
[07:36:57] [Worker-Main-1/INFO]: Preparing spawn area: 0%
[07:36:57] [Worker-Main-1/INFO]: Preparing spawn area: 0%
[07:36:57] [Worker-Main-1/INFO]: Preparing spawn area: 0%
[07:36:57] [Worker-Main-1/INFO]: Preparing spawn area: 0%
[07:36:57] [Server thread/INFO]: Time elapsed: 13134 ms
[07:36:57] [Server thread/INFO]: [Multiverse-Core] 17 - World(s) loaded.
[07:36:57] [Server thread/WARN]: [Multiverse-Core] Buscript failed to load! The script command will be disabled! If you would like not to see this message, use `/mv conf enablebuscript false` to disable Buscript from loading.
[07:36:58] [Server thread/INFO]: [Multiverse-Core] Version 4.3.14 (API v24) Enabled - By dumptruckman, Rigby, fernferret, lithium3141 and main--
[07:36:58] [Server thread/INFO]: [Multiverse-Portals] Enabling Multiverse-Portals v4.2.3
[07:36:58] [Server thread/INFO]: [Multiverse-Portals] 50 - Portals(s) loaded
[07:36:58] [Server thread/WARN]: [Multiverse-Portals] Portal skyblock_entry has an invalid DESTINATION!
[07:36:58] [Server thread/INFO]: [Multiverse-Portals] Found WorldEdit. Using it for selections.
[07:36:58] [Server thread/INFO]: [Multiverse-Portals 4.2.3]  Enabled - By Rigby and fernferret
[07:36:58] [Server thread/INFO]: [Essentials] Enabling Essentials v2.21.0-dev+188-43d1e37
[07:37:00] [Server thread/INFO]: You are running a server with limited API functionality. EssentialsX will still work, but certain features may be disabled.
[07:37:00] [Server thread/INFO]: Attempting to convert old kits in config.yml to new kits.yml
[07:37:00] [Server thread/INFO]: No kits found to migrate.
[07:37:00] [Server thread/INFO]: Selected 1.14+ Sign Data Provider as the provider for SignDataProvider
[07:37:00] [Server thread/INFO]: Selected 1.12.2+ Player Locale Provider as the provider for PlayerLocaleProvider
[07:37:00] [Server thread/INFO]: Selected 1.20.5+ Banner Data Provider as the provider for BannerDataProvider
[07:37:00] [Server thread/INFO]: Selected 1.21+ InventoryView Interface ABI Provider as the provider for InventoryViewProvider
[07:37:00] [Server thread/INFO]: Selected 1.13+ Spawn Egg Provider as the provider for SpawnEggProvider
[07:37:00] [Server thread/INFO]: No provider found for ContainerProvider, but it is nullable
[07:37:00] [Server thread/INFO]: Selected 1.8.3+ Spawner Item Provider as the provider for SpawnerItemProvider
[07:37:00] [Server thread/INFO]: Selected 1.20.6+ Potion Meta Provider as the provider for PotionMetaProvider
[07:37:00] [Server thread/INFO]: Selected 1.17.1+ World Info Provider as the provider for WorldInfoProvider
[07:37:00] [Server thread/INFO]: Selected Bukkit Material Tag Provider as the provider for MaterialTagProvider
[07:37:00] [Server thread/INFO]: Selected 1.20.4+ Damage Event Provider as the provider for DamageEventProvider
[07:37:00] [Server thread/INFO]: Selected 1.12+ Spawner Block Provider as the provider for SpawnerBlockProvider
[07:37:00] [Server thread/INFO]: Selected Reflection Known Commands Provider as the provider for KnownCommandsProvider
[07:37:00] [Server thread/INFO]: No provider found for BiomeKeyProvider, but it is nullable
[07:37:00] [Server thread/INFO]: Selected Reflection Online Mode Provider as the provider for OnlineModeProvider
[07:37:00] [Server thread/INFO]: Selected Reflection Server State Provider as the provider for ServerStateProvider
[07:37:00] [Server thread/INFO]: No provider found for TickCountProvider, but it is nullable
[07:37:00] [Server thread/INFO]: No provider found for SerializationProvider, but it is nullable
[07:37:00] [Server thread/INFO]: Selected Reflection Formatted Command Alias Provider as the provider for FormattedCommandAliasProvider
[07:37:00] [Server thread/INFO]: Selected 1.21.4+ Sync Commands Provider as the provider for SyncCommandsProvider
[07:37:00] [Server thread/INFO]: Selected 1.11+ Item Unbreakable Provider as the provider for ItemUnbreakableProvider
[07:37:00] [Server thread/INFO]: Selected 1.14.4+ Persistent Data Container Provider as the provider for PersistentDataProvider
[07:37:01] [Server thread/INFO]: Loaded 43465 items from items.json.
[07:37:01] [Server thread/INFO]: Using locale en_US
[07:37:01] [Server thread/INFO]: ServerListPingEvent: Spigot iterator API
[07:37:02] [Server thread/INFO]: Starting Metrics. Opt-out using the global bStats config.
[07:37:02] [Server thread/INFO]: [Vault] [Economy] Essentials Economy hooked.
[07:37:02] [Server thread/INFO]: Using superperms-based permissions.
[07:37:02] [Server thread/INFO]: [BattleTracker] Enabling BattleTracker v2.5.11.0
[07:37:02] [Server thread/INFO]: [BattleTracker v2.5.11.0] enabled!
[07:37:02] [Server thread/ERROR]: Error occurred while enabling BattleTracker v2.5.11.0 (Is it up to date?)
java.lang.NullPointerException: Cannot invoke "org.bukkit.configuration.ConfigurationSection.getString(String)" because "cs" is null
	at mc.alk.tracker.battlecore.serializers.SQLSerializerConfig.configureSQL(SQLSerializerConfig.java:13) ~[?:?]
	at mc.alk.tracker.controllers.TrackerImpl.initDB(TrackerImpl.java:84) ~[?:?]
	at mc.alk.tracker.controllers.TrackerImpl.<init>(TrackerImpl.java:62) ~[?:?]
	at mc.alk.tracker.Tracker.getInterface(Tracker.java:155) ~[?:?]
	at mc.alk.tracker.listeners.BTEntityListener.<init>(BTEntityListener.java:56) ~[?:?]
	at mc.alk.tracker.Tracker.onEnable(Tracker.java:49) ~[?:?]
	at org.bukkit.plugin.java.JavaPlugin.setEnabled(JavaPlugin.java:267) ~[spigot-api-1.21.4-R0.1-SNAPSHOT.jar:?]
	at org.bukkit.plugin.java.JavaPluginLoader.enablePlugin(JavaPluginLoader.java:342) ~[spigot-api-1.21.4-R0.1-SNAPSHOT.jar:?]
	at org.bukkit.plugin.SimplePluginManager.enablePlugin(SimplePluginManager.java:492) ~[spigot-api-1.21.4-R0.1-SNAPSHOT.jar:?]
	at org.bukkit.craftbukkit.v1_21_R3.CraftServer.enablePlugin(CraftServer.java:578) ~[spigot-1.21.4-R0.1-SNAPSHOT.jar:4446-Spigot-e5a64e7-e954502]
	at org.bukkit.craftbukkit.v1_21_R3.CraftServer.enablePlugins(CraftServer.java:492) ~[spigot-1.21.4-R0.1-SNAPSHOT.jar:4446-Spigot-e5a64e7-e954502]
	at net.minecraft.server.MinecraftServer.loadWorld0(MinecraftServer.java:656) ~[spigot-1.21.4-R0.1-SNAPSHOT.jar:4446-Spigot-e5a64e7-e954502]
	at net.minecraft.server.MinecraftServer.loadLevel(MinecraftServer.java:441) ~[spigot-1.21.4-R0.1-SNAPSHOT.jar:4446-Spigot-e5a64e7-e954502]
	at net.minecraft.server.dedicated.DedicatedServer.e(DedicatedServer.java:268) ~[spigot-1.21.4-R0.1-SNAPSHOT.jar:4446-Spigot-e5a64e7-e954502]
	at net.minecraft.server.MinecraftServer.y(MinecraftServer.java:1032) ~[spigot-1.21.4-R0.1-SNAPSHOT.jar:4446-Spigot-e5a64e7-e954502]
	at net.minecraft.server.MinecraftServer.lambda$spin$0(MinecraftServer.java:329) ~[spigot-1.21.4-R0.1-SNAPSHOT.jar:4446-Spigot-e5a64e7-e954502]
	at java.base/java.lang.Thread.run(Thread.java:1583) [?:?]
[07:37:02] [Server thread/INFO]: [WorldGuard] Enabling WorldGuard v7.0.11+068ad68
[07:37:03] [Server thread/INFO]: [WorldGuard] (world) TNT ignition is PERMITTED.
[07:37:03] [Server thread/INFO]: [WorldGuard] (world) Lighters are PERMITTED.
[07:37:03] [Server thread/INFO]: [WorldGuard] (world) Lava fire is PERMITTED.
[07:37:03] [Server thread/INFO]: [WorldGuard] (world) Fire spread is UNRESTRICTED.
[07:37:03] [Server thread/INFO]: [WorldGuard] Loaded configuration for world 'world'
[07:37:03] [Server thread/INFO]: [WorldGuard] (world_nether) TNT ignition is PERMITTED.
[07:37:03] [Server thread/INFO]: [WorldGuard] (world_nether) Lighters are PERMITTED.
[07:37:03] [Server thread/INFO]: [WorldGuard] (world_nether) Lava fire is PERMITTED.
[07:37:03] [Server thread/INFO]: [WorldGuard] (world_nether) Fire spread is UNRESTRICTED.
[07:37:03] [Server thread/INFO]: [WorldGuard] Loaded configuration for world 'world_nether'
[07:37:03] [Server thread/INFO]: [WorldGuard] (world_the_end) TNT ignition is PERMITTED.
[07:37:03] [Server thread/INFO]: [WorldGuard] (world_the_end) Lighters are PERMITTED.
[07:37:03] [Server thread/INFO]: [WorldGuard] (world_the_end) Lava fire is PERMITTED.
[07:37:03] [Server thread/INFO]: [WorldGuard] (world_the_end) Fire spread is UNRESTRICTED.
[07:37:03] [Server thread/INFO]: [WorldGuard] Loaded configuration for world 'world_the_end'
[07:37:03] [Server thread/INFO]: [WorldGuard] (KillGod_the_end) TNT ignition is PERMITTED.
[07:37:03] [Server thread/INFO]: [WorldGuard] (KillGod_the_end) Lighters are PERMITTED.
[07:37:03] [Server thread/INFO]: [WorldGuard] (KillGod_the_end) Lava fire is PERMITTED.
[07:37:03] [Server thread/INFO]: [WorldGuard] (KillGod_the_end) Fire spread is UNRESTRICTED.
[07:37:03] [Server thread/INFO]: [WorldGuard] Loaded configuration for world 'KillGod_the_end'
[07:37:03] [Server thread/INFO]: [WorldGuard] (spleefworld) TNT ignition is PERMITTED.
[07:37:03] [Server thread/INFO]: [WorldGuard] (spleefworld) Lighters are PERMITTED.
[07:37:03] [Server thread/INFO]: [WorldGuard] (spleefworld) Lava fire is PERMITTED.
[07:37:03] [Server thread/INFO]: [WorldGuard] (spleefworld) Fire spread is UNRESTRICTED.
[07:37:03] [Server thread/INFO]: [WorldGuard] Loaded configuration for world 'spleefworld'
[07:37:03] [Server thread/INFO]: [WorldGuard] (superflat) TNT ignition is PERMITTED.
[07:37:03] [Server thread/INFO]: [WorldGuard] (superflat) Lighters are PERMITTED.
[07:37:03] [Server thread/INFO]: [WorldGuard] (superflat) Lava fire is PERMITTED.
[07:37:03] [Server thread/INFO]: [WorldGuard] (superflat) Fire spread is UNRESTRICTED.
[07:37:03] [Server thread/INFO]: [WorldGuard] Loaded configuration for world 'superflat'
[07:37:03] [Server thread/INFO]: [WorldGuard] (pvp) TNT ignition is PERMITTED.
[07:37:03] [Server thread/INFO]: [WorldGuard] (pvp) Lighters are PERMITTED.
[07:37:03] [Server thread/INFO]: [WorldGuard] (pvp) Lava fire is PERMITTED.
[07:37:03] [Server thread/INFO]: [WorldGuard] (pvp) Fire spread is UNRESTRICTED.
[07:37:03] [Server thread/INFO]: [WorldGuard] Loaded configuration for world 'pvp'
[07:37:03] [Server thread/INFO]: [WorldGuard] (Survival) TNT ignition is PERMITTED.
[07:37:03] [Server thread/INFO]: [WorldGuard] (Survival) Lighters are PERMITTED.
[07:37:03] [Server thread/INFO]: [WorldGuard] (Survival) Lava fire is PERMITTED.
[07:37:03] [Server thread/INFO]: [WorldGuard] (Survival) Fire spread is UNRESTRICTED.
[07:37:03] [Server thread/INFO]: [WorldGuard] Loaded configuration for world 'Survival'
[07:37:03] [Server thread/INFO]: [WorldGuard] (killgod2) TNT ignition is PERMITTED.
[07:37:03] [Server thread/INFO]: [WorldGuard] (killgod2) Lighters are PERMITTED.
[07:37:03] [Server thread/INFO]: [WorldGuard] (killgod2) Lava fire is PERMITTED.
[07:37:03] [Server thread/INFO]: [WorldGuard] (killgod2) Fire spread is UNRESTRICTED.
[07:37:03] [Server thread/INFO]: [WorldGuard] Loaded configuration for world 'killgod2'
[07:37:03] [Server thread/INFO]: [WorldGuard] (peaceful) TNT ignition is PERMITTED.
[07:37:03] [Server thread/INFO]: [WorldGuard] (peaceful) Lighters are PERMITTED.
[07:37:03] [Server thread/INFO]: [WorldGuard] (peaceful) Lava fire is PERMITTED.
[07:37:03] [Server thread/INFO]: [WorldGuard] (peaceful) Fire spread is UNRESTRICTED.
[07:37:03] [Server thread/INFO]: [WorldGuard] Loaded configuration for world 'peaceful'
[07:37:03] [Server thread/INFO]: [WorldGuard] (testworld2) TNT ignition is PERMITTED.
[07:37:03] [Server thread/INFO]: [WorldGuard] (testworld2) Lighters are PERMITTED.
[07:37:03] [Server thread/INFO]: [WorldGuard] (testworld2) Lava fire is PERMITTED.
[07:37:03] [Server thread/INFO]: [WorldGuard] (testworld2) Fire spread is UNRESTRICTED.
[07:37:03] [Server thread/INFO]: [WorldGuard] Loaded configuration for world 'testworld2'
[07:37:03] [Server thread/INFO]: [WorldGuard] (importworld) TNT ignition is PERMITTED.
[07:37:03] [Server thread/INFO]: [WorldGuard] (importworld) Lighters are PERMITTED.
[07:37:03] [Server thread/INFO]: [WorldGuard] (importworld) Lava fire is PERMITTED.
[07:37:03] [Server thread/INFO]: [WorldGuard] (importworld) Fire spread is UNRESTRICTED.
[07:37:03] [Server thread/INFO]: [WorldGuard] Loaded configuration for world 'importworld'
[07:37:03] [Server thread/INFO]: [WorldGuard] (Hub) TNT ignition is PERMITTED.
[07:37:03] [Server thread/INFO]: [WorldGuard] (Hub) Lighters are PERMITTED.
[07:37:03] [Server thread/INFO]: [WorldGuard] (Hub) Lava fire is PERMITTED.
[07:37:03] [Server thread/INFO]: [WorldGuard] (Hub) Fire spread is UNRESTRICTED.
[07:37:03] [Server thread/INFO]: [WorldGuard] Loaded configuration for world 'Hub'
[07:37:03] [Server thread/INFO]: [WorldGuard] (testworld) TNT ignition is PERMITTED.
[07:37:03] [Server thread/INFO]: [WorldGuard] (testworld) Lighters are PERMITTED.
[07:37:03] [Server thread/INFO]: [WorldGuard] (testworld) Lava fire is PERMITTED.
[07:37:03] [Server thread/INFO]: [WorldGuard] (testworld) Fire spread is UNRESTRICTED.
[07:37:03] [Server thread/INFO]: [WorldGuard] Loaded configuration for world 'testworld'
[07:37:03] [Server thread/INFO]: [WorldGuard] (minigames) TNT ignition is PERMITTED.
[07:37:03] [Server thread/INFO]: [WorldGuard] (minigames) Lighters are PERMITTED.
[07:37:03] [Server thread/INFO]: [WorldGuard] (minigames) Lava fire is PERMITTED.
[07:37:03] [Server thread/INFO]: [WorldGuard] (minigames) Fire spread is UNRESTRICTED.
[07:37:03] [Server thread/INFO]: [WorldGuard] Loaded configuration for world 'minigames'
[07:37:03] [Server thread/INFO]: [WorldGuard] (KillGod) TNT ignition is PERMITTED.
[07:37:03] [Server thread/INFO]: [WorldGuard] (KillGod) Lighters are PERMITTED.
[07:37:03] [Server thread/INFO]: [WorldGuard] (KillGod) Lava fire is PERMITTED.
[07:37:03] [Server thread/INFO]: [WorldGuard] (KillGod) Fire spread is UNRESTRICTED.
[07:37:03] [Server thread/INFO]: [WorldGuard] Loaded configuration for world 'KillGod'
[07:37:03] [Server thread/INFO]: [WorldGuard] (GuildWorld) TNT ignition is PERMITTED.
[07:37:03] [Server thread/INFO]: [WorldGuard] (GuildWorld) Lighters are PERMITTED.
[07:37:03] [Server thread/INFO]: [WorldGuard] (GuildWorld) Lava fire is PERMITTED.
[07:37:03] [Server thread/INFO]: [WorldGuard] (GuildWorld) Fire spread is UNRESTRICTED.
[07:37:03] [Server thread/INFO]: [WorldGuard] Loaded configuration for world 'GuildWorld'
[07:37:03] [Server thread/INFO]: [WorldGuard] Loading region data...
[07:37:04] [Server thread/INFO]: [Citizens] Enabling Citizens v2.0.37-SNAPSHOT (build 3751)
[07:37:05] [Server thread/INFO]: [Citizens] Loaded 0 templates.
[07:37:05] [Server thread/INFO]: [Citizens] Loaded economy handling via Vault.
[07:37:06] [Server thread/INFO]: [BattleArena] Enabling BattleArena v3.9.17.0
[07:37:06] [Server thread/INFO]: [0;31;22m[BattleArena] [0;33;22mv3.9.17.0[0;37;1m enabling![m
[07:37:06] [Server thread/INFO]: [BattleArena] CombatTagInterface is turned OFF[m
[07:37:06] [Server thread/INFO]: [BattleArena] Essentials detected. God mode handling activated[m
[07:37:06] [Server thread/INFO]: [BattleArena] Multiverse-Core detected. Implementing teleport/gamemode workarounds[m
[07:37:06] [Server thread/INFO]: [BattleArena] WorldEdit detected.[m
[07:37:06] [Server thread/INFO]: [BattleArena] found economy plugin Vault. [Default][m
[07:37:06] [Server thread/INFO]: [BattleArena] Vault chat not detected, ignoring channel options[m
[07:37:06] [Server thread/WARN]: java.lang.ClassNotFoundException: mc.alk.arena.alib.battlebukkitlib.compat.v1_21_R3.InventoryHandler
[07:37:06] [Server thread/WARN]: 	at org.bukkit.plugin.java.PluginClassLoader.loadClass0(PluginClassLoader.java:160)
[07:37:06] [Server thread/WARN]: 	at org.bukkit.plugin.java.PluginClassLoader.loadClass(PluginClassLoader.java:112)
[07:37:06] [Server thread/WARN]: 	at java.base/java.lang.ClassLoader.loadClass(ClassLoader.java:526)
[07:37:06] [Server thread/WARN]: 	at java.base/java.lang.Class.forName0(Native Method)
[07:37:06] [Server thread/WARN]: 	at java.base/java.lang.Class.forName(Class.java:421)
[07:37:06] [Server thread/WARN]: 	at java.base/java.lang.Class.forName(Class.java:412)
[07:37:06] [Server thread/WARN]: 	at mc.alk.arena.alib.battlebukkitlib.factory.HandlerFactory.getNewInstance(HandlerFactory.java:13)
[07:37:06] [Server thread/WARN]: 	at mc.alk.arena.alib.battlebukkitlib.factory.InventoryHandlerFactory.getNewInstance(InventoryHandlerFactory.java:10)
[07:37:06] [Server thread/WARN]: 	at mc.alk.arena.alib.battlebukkitlib.InventoryUtil.<clinit>(InventoryUtil.java:42)
[07:37:06] [Server thread/WARN]: 	at mc.alk.arena.serializers.ConfigSerializer.getTransitionOptions(ConfigSerializer.java:544)
[07:37:06] [Server thread/WARN]: 	at mc.alk.arena.serializers.BAConfigSerializer.parseOptionSets(BAConfigSerializer.java:283)
[07:37:06] [Server thread/WARN]: 	at mc.alk.arena.serializers.BAConfigSerializer.loadDefaults(BAConfigSerializer.java:86)
[07:37:06] [Server thread/WARN]: 	at mc.alk.arena.BattleArena.onEnable(BattleArena.java:218)
[07:37:06] [Server thread/WARN]: 	at org.bukkit.plugin.java.JavaPlugin.setEnabled(JavaPlugin.java:267)
[07:37:06] [Server thread/WARN]: 	at org.bukkit.plugin.java.JavaPluginLoader.enablePlugin(JavaPluginLoader.java:342)
[07:37:06] [Server thread/WARN]: 	at org.bukkit.plugin.SimplePluginManager.enablePlugin(SimplePluginManager.java:492)
[07:37:06] [Server thread/WARN]: 	at org.bukkit.craftbukkit.v1_21_R3.CraftServer.enablePlugin(CraftServer.java:578)
[07:37:06] [Server thread/WARN]: 	at org.bukkit.craftbukkit.v1_21_R3.CraftServer.enablePlugins(CraftServer.java:492)
[07:37:06] [Server thread/WARN]: 	at net.minecraft.server.MinecraftServer.loadWorld0(MinecraftServer.java:656)
[07:37:06] [Server thread/WARN]: 	at net.minecraft.server.MinecraftServer.loadLevel(MinecraftServer.java:441)
[07:37:06] [Server thread/WARN]: 	at net.minecraft.server.dedicated.DedicatedServer.e(DedicatedServer.java:268)
[07:37:06] [Server thread/WARN]: 	at net.minecraft.server.MinecraftServer.y(MinecraftServer.java:1032)
[07:37:06] [Server thread/WARN]: 	at net.minecraft.server.MinecraftServer.lambda$spin$0(MinecraftServer.java:329)
[07:37:06] [Server thread/WARN]: 	at java.base/java.lang.Thread.run(Thread.java:1583)
[07:37:06] [Server thread/INFO]: [BattleArena] Modules (2) [[0;32;1mPaintballs[0;37;1m, [0;32;1mGrenades[0;37;1m][m
[07:37:06] [Server thread/ERROR]: classes.Swordsman.items couldnt parse item {Iron_helm=1}
[07:37:06] [Server thread/ERROR]: classes.Swordsman.items couldnt parse item {Iron_chest=1}
[07:37:06] [Server thread/ERROR]: classes.Archer.items couldnt parse item {Chainmail_helm=1}
[07:37:06] [Server thread/ERROR]: classes.Archer.items couldnt parse item {Chainmail_chest=1}
[07:37:06] [Server thread/ERROR]: classes.Mage.items couldnt parse item {leather_helm=1}
[07:37:06] [Server thread/ERROR]: classes.Mage.items couldnt parse item {leather_chest=1}
[07:37:06] [Server thread/ERROR]: classes.Mage.items couldnt parse item 373:16460 14
[07:37:06] [Server thread/ERROR]: classes.Mage.items couldnt parse item 373:16420 2
[07:37:06] [Server thread/ERROR]: classes.Mage.items couldnt parse item 373:16453 1
[07:37:06] [Server thread/ERROR]: classes.Mage.items couldnt parse item 373:8193 1
[07:37:06] [Server thread/ERROR]: classes.Mage.items couldnt parse item 373:8226 1
[07:37:06] [Server thread/ERROR]: classes.Mage.items couldnt parse item 385:0 2
[07:37:06] [Server thread/ERROR]: classes.Mage.items couldnt parse item 373:16456 1
[07:37:06] [Server thread/ERROR]: classes.Mage.items couldnt parse item 373:16428 4
[07:37:06] [Server thread/ERROR]: classes.Mage.items couldnt parse item 373:16426 2
[07:37:06] [Server thread/ERROR]: classes.Angel.items couldnt parse item 373:16460 10
[07:37:06] [Server thread/ERROR]: classes.Angel.items couldnt parse item 373:8229 2
[07:37:06] [Server thread/ERROR]: classes.Angel.items couldnt parse item {357=16}
[07:37:06] [Server thread/ERROR]: classes.God.items couldnt parse item 277:0 1
[07:37:06] [Server thread/ERROR]: classes.God.items couldnt parse item 256:0 1
[07:37:06] [Server thread/ERROR]: classes.God.items couldnt parse item 269:0 1
[07:37:06] [Server thread/ERROR]: classes.God.items couldnt parse item 284:0 1
[07:37:06] [Server thread/ERROR]: classes.God.items couldnt parse item 273:0 1
[07:37:06] [Server thread/INFO]: [BattleArena] registering classes: gladiator, bowsman, monk, Swordsman, Archer, Mage, Puncher, Angel, God[m
[07:37:07] [Server thread/INFO]: [0;31;22m[BattleArena] [0;33;22mv3.9.17.0[0;37;1m enabled![m
[07:37:07] [Server thread/INFO]: [SignShop] Enabling SignShop v4.0.0
[07:37:07] [Thread-12/INFO]: [BattleArena] §6Running BattleArena v3.9.17.0.
[07:37:07] [Thread-12/INFO]: [BattleArena] §2You are currently running a version slightly ahead from release (development build?)
[07:37:07] [Server thread/INFO]: [SignShop] Checking data version.
[07:37:07] [Server thread/INFO]: [SignShop] Your data is current.
[07:37:07] [Server thread/INFO]: [SignShop] Loading and validating shops, please wait...
[07:37:08] [Server thread/INFO]: [SignShop] Loaded 29 valid shops.
[07:37:08] [Server thread/INFO]: [SignShop] Vault's permissions not found, defaulting to OP.
[07:37:08] [Server thread/INFO]: [SignShop] Thank you for enabling metrics!
[07:37:08] [Server thread/WARN]: [SignShop] Spawn-Protection is set to 16 in server.properties and there are 2 ops!
[07:37:08] [Server thread/WARN]: [SignShop] Non-opped players may not be able to use SignShop signs in spawn!
[07:37:08] [Server thread/WARN]: [SignShop] Please set 'spawn-protection' to 0 and use a protection plugin to protect spawn instead.
[07:37:08] [Server thread/INFO]: [SignShop] v4.0.0 Enabled
[07:37:08] [Server thread/INFO]: Server permissions file permissions.yml is empty, ignoring it
[07:37:09] [Server thread/INFO]: Done (89.382s)! For help, type "help"
[07:37:09] [Server thread/INFO]: Essentials found a compatible payment resolution method: Vault Compatibility Layer (v1.7.3-b131)!
[07:37:09] [Craft Scheduler Thread - 0/INFO]: §6Fetching version information...
[07:37:09] [Server thread/INFO]: Couldn't add tracker interface[m
[07:37:09] [Server thread/INFO]: [BattleArena] Now registering command duel dynamically with Bukkit commandMap.[m
[07:37:09] [Server thread/INFO]: Couldn't add tracker interface[m
[07:37:09] [Server thread/INFO]: Couldn't add tracker interface[m
[07:37:09] [Server thread/INFO]: [BattleArena] Loaded FreeForAll arenas: class_select[m
[07:37:09] [Server thread/INFO]: Couldn't add tracker interface[m
[07:37:09] [Server thread/INFO]: [BattleArena] Loaded Arena arenas: colosseumteam, discoball2, 4vffa, 1v1[m
[07:37:09] [Server thread/INFO]: Couldn't add tracker interface[m
[07:37:09] [Server thread/INFO]: Couldn't add tracker interface[m
[07:37:10] [Server thread/WARN]: java.lang.ClassNotFoundException: mc.alk.arena.alib.battlebukkitlib.compat.v1_21_R3.SignHandler
[07:37:10] [Server thread/WARN]: 	at org.bukkit.plugin.java.PluginClassLoader.loadClass0(PluginClassLoader.java:160)
[07:37:10] [Server thread/WARN]: 	at org.bukkit.plugin.java.PluginClassLoader.loadClass(PluginClassLoader.java:112)
[07:37:10] [Server thread/WARN]: 	at java.base/java.lang.ClassLoader.loadClass(ClassLoader.java:526)
[07:37:10] [Server thread/WARN]: 	at java.base/java.lang.Class.forName0(Native Method)
[07:37:10] [Server thread/WARN]: 	at java.base/java.lang.Class.forName(Class.java:421)
[07:37:10] [Server thread/WARN]: 	at java.base/java.lang.Class.forName(Class.java:412)
[07:37:10] [Server thread/WARN]: 	at mc.alk.arena.alib.battlebukkitlib.factory.HandlerFactory.getNewInstance(HandlerFactory.java:13)
[07:37:10] [Server thread/WARN]: 	at mc.alk.arena.alib.battlebukkitlib.factory.SignHandlerFactory.getNewInstance(SignHandlerFactory.java:10)
[07:37:10] [Server thread/WARN]: 	at mc.alk.arena.alib.battlebukkitlib.SignUtil.<clinit>(SignUtil.java:12)
[07:37:10] [Server thread/WARN]: 	at mc.alk.arena.listeners.SignUpdateListener.updateAttachedBlock(SignUpdateListener.java:80)
[07:37:10] [Server thread/WARN]: 	at mc.alk.arena.listeners.SignUpdateListener.updateSign(SignUpdateListener.java:59)
[07:37:10] [Server thread/WARN]: 	at mc.alk.arena.listeners.SignUpdateListener.updateAllSigns(SignUpdateListener.java:36)
[07:37:10] [Server thread/WARN]: 	at mc.alk.arena.BattleArena$1.run(BattleArena.java:275)
[07:37:10] [Server thread/WARN]: 	at org.bukkit.craftbukkit.v1_21_R3.scheduler.CraftTask.run(CraftTask.java:82)
[07:37:10] [Server thread/WARN]: 	at org.bukkit.craftbukkit.v1_21_R3.scheduler.CraftScheduler.mainThreadHeartbeat(CraftScheduler.java:415)
[07:37:10] [Server thread/WARN]: 	at net.minecraft.server.MinecraftServer.c(MinecraftServer.java:1502)
[07:37:10] [Server thread/WARN]: 	at net.minecraft.server.MinecraftServer.a(MinecraftServer.java:1391)
[07:37:10] [Server thread/WARN]: 	at net.minecraft.server.MinecraftServer.y(MinecraftServer.java:1093)
[07:37:10] [Server thread/WARN]: 	at net.minecraft.server.MinecraftServer.lambda$spin$0(MinecraftServer.java:329)
[07:37:10] [Server thread/WARN]: 	at java.base/java.lang.Thread.run(Thread.java:1583)
[07:37:12] [Server thread/INFO]: [Citizens] Loaded 33 NPCs.
[07:37:12] [Craft Scheduler Thread - 1/INFO]: [Vault] Checking for Updates ... 
[07:37:12] [Craft Scheduler Thread - 1/INFO]: [Vault] No new version available
[07:37:12] [Craft Scheduler Thread - 0/WARN]: §4You're §c1 §4EssentialsX dev build(s) out of date!
[07:37:12] [Craft Scheduler Thread - 0/WARN]: §4Download it here:§c https://essentialsx.net/downloads.html
[07:37:12] [Server thread/WARN]: java.lang.ClassNotFoundException: mc.alk.arena.alib.battlebukkitlib.compat.v1_21_R3.PlayerHandler
[07:37:12] [Server thread/WARN]: 	at org.bukkit.plugin.java.PluginClassLoader.loadClass0(PluginClassLoader.java:160)
[07:37:12] [Server thread/WARN]: 	at org.bukkit.plugin.java.PluginClassLoader.loadClass(PluginClassLoader.java:112)
[07:37:12] [Server thread/WARN]: 	at java.base/java.lang.ClassLoader.loadClass(ClassLoader.java:526)
[07:37:12] [Server thread/WARN]: 	at java.base/java.lang.Class.forName0(Native Method)
[07:37:12] [Server thread/WARN]: 	at java.base/java.lang.Class.forName(Class.java:421)
[07:37:12] [Server thread/WARN]: 	at java.base/java.lang.Class.forName(Class.java:412)
[07:37:12] [Server thread/WARN]: 	at mc.alk.arena.alib.battlebukkitlib.factory.HandlerFactory.getNewInstance(HandlerFactory.java:13)
[07:37:12] [Server thread/WARN]: 	at mc.alk.arena.alib.battlebukkitlib.factory.PlayerHandlerFactory.getNewInstance(PlayerHandlerFactory.java:10)
[07:37:12] [Server thread/WARN]: 	at mc.alk.arena.alib.battlebukkitlib.PlayerUtil.<clinit>(PlayerUtil.java:12)
[07:37:12] [Server thread/WARN]: 	at mc.alk.arena.util.PlayerUtil.getID(PlayerUtil.java:134)
[07:37:12] [Server thread/WARN]: 	at mc.alk.arena.controllers.TeleportController.onPlayerTeleport(TeleportController.java:136)
[07:37:12] [Server thread/WARN]: 	at java.base/jdk.internal.reflect.DirectMethodHandleAccessor.invoke(DirectMethodHandleAccessor.java:103)
[07:37:12] [Server thread/WARN]: 	at java.base/java.lang.reflect.Method.invoke(Method.java:580)
[07:37:12] [Server thread/WARN]: 	at org.bukkit.plugin.java.JavaPluginLoader$1.execute(JavaPluginLoader.java:306)
[07:37:12] [Server thread/WARN]: 	at org.bukkit.plugin.RegisteredListener.callEvent(RegisteredListener.java:70)
[07:37:12] [Server thread/WARN]: 	at org.bukkit.plugin.SimplePluginManager.fireEvent(SimplePluginManager.java:601)
[07:37:12] [Server thread/WARN]: 	at org.bukkit.plugin.SimplePluginManager.callEvent(SimplePluginManager.java:588)
[07:37:12] [Server thread/WARN]: 	at net.minecraft.server.network.PlayerConnection.teleport(PlayerConnection.java:1474)
[07:37:12] [Server thread/WARN]: 	at net.minecraft.server.network.PlayerConnection.a(PlayerConnection.java:1459)
[07:37:12] [Server thread/WARN]: 	at net.minecraft.server.level.EntityPlayer.a(EntityPlayer.java:2741)
[07:37:12] [Server thread/WARN]: 	at net.citizensnpcs.nms.v1_21_R3.util.NMSImpl.mount(NMSImpl.java:1239)
[07:37:12] [Server thread/WARN]: 	at net.citizensnpcs.util.NMS.mount(NMS.java:765)
[07:37:12] [Server thread/WARN]: 	at net.citizensnpcs.trait.SitTrait.run(SitTrait.java:85)
[07:37:12] [Server thread/WARN]: 	at net.citizensnpcs.api.npc.AbstractNPC.update(AbstractNPC.java:542)
[07:37:12] [Server thread/WARN]: 	at net.citizensnpcs.npc.CitizensNPC.update(CitizensNPC.java:478)
[07:37:12] [Server thread/WARN]: 	at net.citizensnpcs.nms.v1_21_R3.entity.EntityHumanNPC.h(EntityHumanNPC.java:397)
[07:37:12] [Server thread/WARN]: 	at net.minecraft.server.level.WorldServer.a(WorldServer.java:877)
[07:37:12] [Server thread/WARN]: 	at net.minecraft.world.level.World.a(World.java:687)
[07:37:12] [Server thread/WARN]: 	at net.minecraft.server.level.WorldServer.lambda$tick$2(WorldServer.java:448)
[07:37:12] [Server thread/WARN]: 	at net.minecraft.world.level.entity.EntityTickList.a(SourceFile:54)
[07:37:12] [Server thread/WARN]: 	at net.minecraft.server.level.WorldServer.a(WorldServer.java:430)
[07:37:12] [Server thread/WARN]: 	at net.minecraft.server.MinecraftServer.c(MinecraftServer.java:1549)
[07:37:12] [Server thread/WARN]: 	at net.minecraft.server.MinecraftServer.a(MinecraftServer.java:1391)
[07:37:12] [Server thread/WARN]: 	at net.minecraft.server.MinecraftServer.y(MinecraftServer.java:1093)
[07:37:12] [Server thread/WARN]: 	at net.minecraft.server.MinecraftServer.lambda$spin$0(MinecraftServer.java:329)
[07:37:12] [Server thread/WARN]: 	at java.base/java.lang.Thread.run(Thread.java:1583)
[07:37:13] [Server thread/INFO]: come219 (/124.122.125.191:64146) lost connection: Disconnected
[07:37:13] [Server thread/WARN]: Can't keep up! Is the server overloaded? Running 3948ms or 78 ticks behind
[07:37:23] [User Authenticator #1/INFO]: UUID of player come219 is d4842c23-62db-4ff0-9d65-1679e6cdb6f5
[07:37:27] [Server thread/INFO]: come219 joined the game
[07:37:27] [Server thread/INFO]: come219[/124.122.125.191:64298] logged in with entity id 646 at ([KillGod]4.500984523372414, 72.0, 5.579071227808784)
[07:37:31] [Server thread/INFO]: come219 issued server command: /gm 1
[07:37:39] [Server thread/WARN]: Can't keep up! Is the server overloaded? Running 11006ms or 220 ticks behind
[07:37:40] [Server thread/INFO]: come219 issued server command: /mv tp world_the_end
[07:37:45] [Server thread/INFO]: come219 issued server command: /gm 1
[07:37:59] [Server thread/WARN]: Can't keep up! Is the server overloaded? Running 5305ms or 106 ticks behind
[07:38:20] [Server thread/INFO]: come219 issued server command: /mv tp world
[07:38:23] [Server thread/INFO]: come219 issued server command: /gm 1
[07:38:23] [Server thread/WARN]: Can't keep up! Is the server overloaded? Running 2524ms or 50 ticks behind
[07:38:26] [Server thread/ERROR]: Could not pass event PlaceBlockEvent to WorldGuard v7.0.11+068ad68
org.bukkit.event.EventException: null
	at org.bukkit.plugin.java.JavaPluginLoader$1.execute(JavaPluginLoader.java:310) ~[spigot-api-1.21.4-R0.1-SNAPSHOT.jar:?]
	at org.bukkit.plugin.RegisteredListener.callEvent(RegisteredListener.java:70) ~[spigot-api-1.21.4-R0.1-SNAPSHOT.jar:?]
	at org.bukkit.plugin.SimplePluginManager.fireEvent(SimplePluginManager.java:601) ~[spigot-api-1.21.4-R0.1-SNAPSHOT.jar:?]
	at org.bukkit.plugin.SimplePluginManager.callEvent(SimplePluginManager.java:588) ~[spigot-api-1.21.4-R0.1-SNAPSHOT.jar:?]
	at com.sk89q.worldguard.bukkit.util.Events.fireToCancel(Events.java:74) ~[?:?]
	at com.sk89q.worldguard.bukkit.listener.EventAbstractionListener.onBlockIgnite(EventAbstractionListener.java:632) ~[?:?]
	at java.base/jdk.internal.reflect.DirectMethodHandleAccessor.invoke(DirectMethodHandleAccessor.java:103) ~[?:?]
	at java.base/java.lang.reflect.Method.invoke(Method.java:580) ~[?:?]
	at org.bukkit.plugin.java.JavaPluginLoader$1.execute(JavaPluginLoader.java:306) ~[spigot-api-1.21.4-R0.1-SNAPSHOT.jar:?]
	at org.bukkit.plugin.RegisteredListener.callEvent(RegisteredListener.java:70) ~[spigot-api-1.21.4-R0.1-SNAPSHOT.jar:?]
	at org.bukkit.plugin.SimplePluginManager.fireEvent(SimplePluginManager.java:601) ~[spigot-api-1.21.4-R0.1-SNAPSHOT.jar:?]
	at org.bukkit.plugin.SimplePluginManager.callEvent(SimplePluginManager.java:588) ~[spigot-api-1.21.4-R0.1-SNAPSHOT.jar:?]
	at org.bukkit.craftbukkit.v1_21_R3.event.CraftEventFactory.callBlockIgniteEvent(CraftEventFactory.java:1431) ~[spigot-1.21.4-R0.1-SNAPSHOT.jar:4446-Spigot-e5a64e7-e954502]
	at net.minecraft.world.level.material.FluidTypeLava.a(FluidTypeLava.java:90) ~[spigot-1.21.4-R0.1-SNAPSHOT.jar:4446-Spigot-e5a64e7-e954502]
	at net.minecraft.world.level.material.Fluid.a(SourceFile:92) ~[spigot-1.21.4-R0.1-SNAPSHOT.jar:4446-Spigot-e5a64e7-e954502]
	at net.minecraft.world.level.block.BlockFluids.b(BlockFluids.java:101) ~[spigot-1.21.4-R0.1-SNAPSHOT.jar:4446-Spigot-e5a64e7-e954502]
	at net.minecraft.world.level.block.state.BlockBase$BlockData.b(BlockBase.java:1166) ~[spigot-1.21.4-R0.1-SNAPSHOT.jar:4446-Spigot-e5a64e7-e954502]
	at net.minecraft.server.level.WorldServer.a(WorldServer.java:569) ~[spigot-1.21.4-R0.1-SNAPSHOT.jar:4446-Spigot-e5a64e7-e954502]
	at net.minecraft.server.level.ChunkProviderServer.a(ChunkProviderServer.java:478) ~[spigot-1.21.4-R0.1-SNAPSHOT.jar:4446-Spigot-e5a64e7-e954502]
	at net.minecraft.server.level.ChunkProviderServer.t(ChunkProviderServer.java:406) ~[spigot-1.21.4-R0.1-SNAPSHOT.jar:4446-Spigot-e5a64e7-e954502]
	at net.minecraft.server.level.ChunkProviderServer.a(ChunkProviderServer.java:375) ~[spigot-1.21.4-R0.1-SNAPSHOT.jar:4446-Spigot-e5a64e7-e954502]
	at net.minecraft.server.level.WorldServer.a(WorldServer.java:403) ~[spigot-1.21.4-R0.1-SNAPSHOT.jar:4446-Spigot-e5a64e7-e954502]
	at net.minecraft.server.MinecraftServer.c(MinecraftServer.java:1549) ~[spigot-1.21.4-R0.1-SNAPSHOT.jar:4446-Spigot-e5a64e7-e954502]
	at net.minecraft.server.MinecraftServer.a(MinecraftServer.java:1391) ~[spigot-1.21.4-R0.1-SNAPSHOT.jar:4446-Spigot-e5a64e7-e954502]
	at net.minecraft.server.MinecraftServer.y(MinecraftServer.java:1093) ~[spigot-1.21.4-R0.1-SNAPSHOT.jar:4446-Spigot-e5a64e7-e954502]
	at net.minecraft.server.MinecraftServer.lambda$spin$0(MinecraftServer.java:329) ~[spigot-1.21.4-R0.1-SNAPSHOT.jar:4446-Spigot-e5a64e7-e954502]
	at java.base/java.lang.Thread.run(Thread.java:1583) [?:?]
Caused by: java.lang.NoSuchFieldError: Class org.bukkit.Tag does not have member field 'org.bukkit.Tag ITEMS_TRIM_TEMPLATES'
	at com.sk89q.worldguard.bukkit.util.Materials.<clinit>(Materials.java:913) ~[?:?]
	at com.sk89q.worldguard.bukkit.listener.RegionFlagsListener.onPlaceBlock(RegionFlagsListener.java:67) ~[?:?]
	at java.base/jdk.internal.reflect.DirectMethodHandleAccessor.invoke(DirectMethodHandleAccessor.java:103) ~[?:?]
	at java.base/java.lang.reflect.Method.invoke(Method.java:580) ~[?:?]
	at org.bukkit.plugin.java.JavaPluginLoader$1.execute(JavaPluginLoader.java:306) ~[spigot-api-1.21.4-R0.1-SNAPSHOT.jar:?]
	... 26 more
[07:38:26] [Server thread/ERROR]: Could not pass event PlaceBlockEvent to WorldGuard v7.0.11+068ad68
org.bukkit.event.EventException: null
	at org.bukkit.plugin.java.JavaPluginLoader$1.execute(JavaPluginLoader.java:310) ~[spigot-api-1.21.4-R0.1-SNAPSHOT.jar:?]
	at org.bukkit.plugin.RegisteredListener.callEvent(RegisteredListener.java:70) ~[spigot-api-1.21.4-R0.1-SNAPSHOT.jar:?]
	at org.bukkit.plugin.SimplePluginManager.fireEvent(SimplePluginManager.java:601) ~[spigot-api-1.21.4-R0.1-SNAPSHOT.jar:?]
	at org.bukkit.plugin.SimplePluginManager.callEvent(SimplePluginManager.java:588) ~[spigot-api-1.21.4-R0.1-SNAPSHOT.jar:?]
	at com.sk89q.worldguard.bukkit.util.Events.fireToCancel(Events.java:74) ~[?:?]
	at com.sk89q.worldguard.bukkit.listener.EventAbstractionListener.onBlockIgnite(EventAbstractionListener.java:632) ~[?:?]
	at java.base/jdk.internal.reflect.DirectMethodHandleAccessor.invoke(DirectMethodHandleAccessor.java:103) ~[?:?]
	at java.base/java.lang.reflect.Method.invoke(Method.java:580) ~[?:?]
	at org.bukkit.plugin.java.JavaPluginLoader$1.execute(JavaPluginLoader.java:306) ~[spigot-api-1.21.4-R0.1-SNAPSHOT.jar:?]
	at org.bukkit.plugin.RegisteredListener.callEvent(RegisteredListener.java:70) ~[spigot-api-1.21.4-R0.1-SNAPSHOT.jar:?]
	at org.bukkit.plugin.SimplePluginManager.fireEvent(SimplePluginManager.java:601) ~[spigot-api-1.21.4-R0.1-SNAPSHOT.jar:?]
	at org.bukkit.plugin.SimplePluginManager.callEvent(SimplePluginManager.java:588) ~[spigot-api-1.21.4-R0.1-SNAPSHOT.jar:?]
	at org.bukkit.craftbukkit.v1_21_R3.event.CraftEventFactory.callBlockIgniteEvent(CraftEventFactory.java:1431) ~[spigot-1.21.4-R0.1-SNAPSHOT.jar:4446-Spigot-e5a64e7-e954502]
	at net.minecraft.world.level.material.FluidTypeLava.a(FluidTypeLava.java:90) ~[spigot-1.21.4-R0.1-SNAPSHOT.jar:4446-Spigot-e5a64e7-e954502]
	at net.minecraft.world.level.material.Fluid.a(SourceFile:92) ~[spigot-1.21.4-R0.1-SNAPSHOT.jar:4446-Spigot-e5a64e7-e954502]
	at net.minecraft.world.level.block.BlockFluids.b(BlockFluids.java:101) ~[spigot-1.21.4-R0.1-SNAPSHOT.jar:4446-Spigot-e5a64e7-e954502]
	at net.minecraft.world.level.block.state.BlockBase$BlockData.b(BlockBase.java:1166) ~[spigot-1.21.4-R0.1-SNAPSHOT.jar:4446-Spigot-e5a64e7-e954502]
	at net.minecraft.server.level.WorldServer.a(WorldServer.java:569) ~[spigot-1.21.4-R0.1-SNAPSHOT.jar:4446-Spigot-e5a64e7-e954502]
	at net.minecraft.server.level.ChunkProviderServer.a(ChunkProviderServer.java:478) ~[spigot-1.21.4-R0.1-SNAPSHOT.jar:4446-Spigot-e5a64e7-e954502]
	at net.minecraft.server.level.ChunkProviderServer.t(ChunkProviderServer.java:406) ~[spigot-1.21.4-R0.1-SNAPSHOT.jar:4446-Spigot-e5a64e7-e954502]
	at net.minecraft.server.level.ChunkProviderServer.a(ChunkProviderServer.java:375) ~[spigot-1.21.4-R0.1-SNAPSHOT.jar:4446-Spigot-e5a64e7-e954502]
	at net.minecraft.server.level.WorldServer.a(WorldServer.java:403) ~[spigot-1.21.4-R0.1-SNAPSHOT.jar:4446-Spigot-e5a64e7-e954502]
	at net.minecraft.server.MinecraftServer.c(MinecraftServer.java:1549) ~[spigot-1.21.4-R0.1-SNAPSHOT.jar:4446-Spigot-e5a64e7-e954502]
	at net.minecraft.server.MinecraftServer.a(MinecraftServer.java:1391) ~[spigot-1.21.4-R0.1-SNAPSHOT.jar:4446-Spigot-e5a64e7-e954502]
	at net.minecraft.server.MinecraftServer.y(MinecraftServer.java:1093) ~[spigot-1.21.4-R0.1-SNAPSHOT.jar:4446-Spigot-e5a64e7-e954502]
	at net.minecraft.server.MinecraftServer.lambda$spin$0(MinecraftServer.java:329) ~[spigot-1.21.4-R0.1-SNAPSHOT.jar:4446-Spigot-e5a64e7-e954502]
	at java.base/java.lang.Thread.run(Thread.java:1583) [?:?]
Caused by: java.lang.NoClassDefFoundError: Could not initialize class com.sk89q.worldguard.bukkit.util.Materials
	at com.sk89q.worldguard.bukkit.listener.RegionProtectionListener.onPlaceBlock(RegionProtectionListener.java:165) ~[?:?]
	at java.base/jdk.internal.reflect.DirectMethodHandleAccessor.invoke(DirectMethodHandleAccessor.java:103) ~[?:?]
	at java.base/java.lang.reflect.Method.invoke(Method.java:580) ~[?:?]
	at org.bukkit.plugin.java.JavaPluginLoader$1.execute(JavaPluginLoader.java:306) ~[spigot-api-1.21.4-R0.1-SNAPSHOT.jar:?]
	... 26 more
Caused by: java.lang.ExceptionInInitializerError: Exception java.lang.NoSuchFieldError: Class org.bukkit.Tag does not have member field 'org.bukkit.Tag ITEMS_TRIM_TEMPLATES' [in thread "Server thread"]
	at com.sk89q.worldguard.bukkit.util.Materials.<clinit>(Materials.java:913) ~[?:?]
	at com.sk89q.worldguard.bukkit.listener.RegionFlagsListener.onPlaceBlock(RegionFlagsListener.java:67) ~[?:?]
	at java.base/jdk.internal.reflect.DirectMethodHandleAccessor.invoke(DirectMethodHandleAccessor.java:103) ~[?:?]
	at java.base/java.lang.reflect.Method.invoke(Method.java:580) ~[?:?]
	at org.bukkit.plugin.java.JavaPluginLoader$1.execute(JavaPluginLoader.java:306) ~[spigot-api-1.21.4-R0.1-SNAPSHOT.jar:?]
	... 26 more
[07:38:26] [Server thread/ERROR]: Could not pass event BlockFadeEvent to WorldGuard v7.0.11+068ad68
org.bukkit.event.EventException: null
	at org.bukkit.plugin.java.JavaPluginLoader$1.execute(JavaPluginLoader.java:310) ~[spigot-api-1.21.4-R0.1-SNAPSHOT.jar:?]
	at org.bukkit.plugin.RegisteredListener.callEvent(RegisteredListener.java:70) ~[spigot-api-1.21.4-R0.1-SNAPSHOT.jar:?]
	at org.bukkit.plugin.SimplePluginManager.fireEvent(SimplePluginManager.java:601) ~[spigot-api-1.21.4-R0.1-SNAPSHOT.jar:?]
	at org.bukkit.plugin.SimplePluginManager.callEvent(SimplePluginManager.java:588) ~[spigot-api-1.21.4-R0.1-SNAPSHOT.jar:?]
	at org.bukkit.craftbukkit.v1_21_R3.event.CraftEventFactory.callBlockFadeEvent(CraftEventFactory.java:879) ~[spigot-1.21.4-R0.1-SNAPSHOT.jar:4446-Spigot-e5a64e7-e954502]
	at net.minecraft.world.level.block.BlockFireAbstract.fireExtinguished(BlockFireAbstract.java:230) ~[spigot-1.21.4-R0.1-SNAPSHOT.jar:4446-Spigot-e5a64e7-e954502]
	at net.minecraft.world.level.block.BlockFireAbstract.onPlace(BlockFireAbstract.java:172) ~[spigot-1.21.4-R0.1-SNAPSHOT.jar:4446-Spigot-e5a64e7-e954502]
	at net.minecraft.world.level.block.BlockFire.onPlace(BlockFire.java:367) ~[spigot-1.21.4-R0.1-SNAPSHOT.jar:4446-Spigot-e5a64e7-e954502]
	at net.minecraft.world.level.block.state.BlockBase$BlockData.onPlace(BlockBase.java:1149) ~[spigot-1.21.4-R0.1-SNAPSHOT.jar:4446-Spigot-e5a64e7-e954502]
	at net.minecraft.world.level.block.state.BlockBase$BlockData.a(BlockBase.java:1145) ~[spigot-1.21.4-R0.1-SNAPSHOT.jar:4446-Spigot-e5a64e7-e954502]
	at net.minecraft.world.level.chunk.Chunk.setBlockState(Chunk.java:345) ~[spigot-1.21.4-R0.1-SNAPSHOT.jar:4446-Spigot-e5a64e7-e954502]
	at net.minecraft.world.level.World.a(World.java:344) ~[spigot-1.21.4-R0.1-SNAPSHOT.jar:4446-Spigot-e5a64e7-e954502]
	at net.minecraft.world.level.World.a(World.java:310) ~[spigot-1.21.4-R0.1-SNAPSHOT.jar:4446-Spigot-e5a64e7-e954502]
	at net.minecraft.world.level.World.b(World.java:493) ~[spigot-1.21.4-R0.1-SNAPSHOT.jar:4446-Spigot-e5a64e7-e954502]
	at net.minecraft.world.level.material.FluidTypeLava.a(FluidTypeLava.java:95) ~[spigot-1.21.4-R0.1-SNAPSHOT.jar:4446-Spigot-e5a64e7-e954502]
	at net.minecraft.world.level.material.Fluid.a(SourceFile:92) ~[spigot-1.21.4-R0.1-SNAPSHOT.jar:4446-Spigot-e5a64e7-e954502]
	at net.minecraft.world.level.block.BlockFluids.b(BlockFluids.java:101) ~[spigot-1.21.4-R0.1-SNAPSHOT.jar:4446-Spigot-e5a64e7-e954502]
	at net.minecraft.world.level.block.state.BlockBase$BlockData.b(BlockBase.java:1166) ~[spigot-1.21.4-R0.1-SNAPSHOT.jar:4446-Spigot-e5a64e7-e954502]
	at net.minecraft.server.level.WorldServer.a(WorldServer.java:569) ~[spigot-1.21.4-R0.1-SNAPSHOT.jar:4446-Spigot-e5a64e7-e954502]
	at net.minecraft.server.level.ChunkProviderServer.a(ChunkProviderServer.java:478) ~[spigot-1.21.4-R0.1-SNAPSHOT.jar:4446-Spigot-e5a64e7-e954502]
	at net.minecraft.server.level.ChunkProviderServer.t(ChunkProviderServer.java:406) ~[spigot-1.21.4-R0.1-SNAPSHOT.jar:4446-Spigot-e5a64e7-e954502]
	at net.minecraft.server.level.ChunkProviderServer.a(ChunkProviderServer.java:375) ~[spigot-1.21.4-R0.1-SNAPSHOT.jar:4446-Spigot-e5a64e7-e954502]
	at net.minecraft.server.level.WorldServer.a(WorldServer.java:403) ~[spigot-1.21.4-R0.1-SNAPSHOT.jar:4446-Spigot-e5a64e7-e954502]
	at net.minecraft.server.MinecraftServer.c(MinecraftServer.java:1549) ~[spigot-1.21.4-R0.1-SNAPSHOT.jar:4446-Spigot-e5a64e7-e954502]
	at net.minecraft.server.MinecraftServer.a(MinecraftServer.java:1391) ~[spigot-1.21.4-R0.1-SNAPSHOT.jar:4446-Spigot-e5a64e7-e954502]
	at net.minecraft.server.MinecraftServer.y(MinecraftServer.java:1093) ~[spigot-1.21.4-R0.1-SNAPSHOT.jar:4446-Spigot-e5a64e7-e954502]
	at net.minecraft.server.MinecraftServer.lambda$spin$0(MinecraftServer.java:329) ~[spigot-1.21.4-R0.1-SNAPSHOT.jar:4446-Spigot-e5a64e7-e954502]
	at java.base/java.lang.Thread.run(Thread.java:1583) [?:?]
Caused by: java.lang.NoClassDefFoundError: Could not initialize class com.sk89q.worldguard.bukkit.util.Materials
	at com.sk89q.worldguard.bukkit.listener.WorldGuardBlockListener.onBlockFade(WorldGuardBlockListener.java:702) ~[?:?]
	at java.base/jdk.internal.reflect.DirectMethodHandleAccessor.invoke(DirectMethodHandleAccessor.java:103) ~[?:?]
	at java.base/java.lang.reflect.Method.invoke(Method.java:580) ~[?:?]
	at org.bukkit.plugin.java.JavaPluginLoader$1.execute(JavaPluginLoader.java:306) ~[spigot-api-1.21.4-R0.1-SNAPSHOT.jar:?]
	... 27 more
Caused by: java.lang.ExceptionInInitializerError: Exception java.lang.NoSuchFieldError: Class org.bukkit.Tag does not have member field 'org.bukkit.Tag ITEMS_TRIM_TEMPLATES' [in thread "Server thread"]
	at com.sk89q.worldguard.bukkit.util.Materials.<clinit>(Materials.java:913) ~[?:?]
	at com.sk89q.worldguard.bukkit.listener.RegionFlagsListener.onPlaceBlock(RegionFlagsListener.java:67) ~[?:?]
	at java.base/jdk.internal.reflect.DirectMethodHandleAccessor.invoke(DirectMethodHandleAccessor.java:103) ~[?:?]
	at java.base/java.lang.reflect.Method.invoke(Method.java:580) ~[?:?]
	at org.bukkit.plugin.java.JavaPluginLoader$1.execute(JavaPluginLoader.java:306) ~[spigot-api-1.21.4-R0.1-SNAPSHOT.jar:?]
	at org.bukkit.plugin.RegisteredListener.callEvent(RegisteredListener.java:70) ~[spigot-api-1.21.4-R0.1-SNAPSHOT.jar:?]
	at org.bukkit.plugin.SimplePluginManager.fireEvent(SimplePluginManager.java:601) ~[spigot-api-1.21.4-R0.1-SNAPSHOT.jar:?]
	at org.bukkit.plugin.SimplePluginManager.callEvent(SimplePluginManager.java:588) ~[spigot-api-1.21.4-R0.1-SNAPSHOT.jar:?]
	at com.sk89q.worldguard.bukkit.util.Events.fireToCancel(Events.java:74) ~[?:?]
	at com.sk89q.worldguard.bukkit.listener.EventAbstractionListener.onBlockIgnite(EventAbstractionListener.java:632) ~[?:?]
	at java.base/jdk.internal.reflect.DirectMethodHandleAccessor.invoke(DirectMethodHandleAccessor.java:103) ~[?:?]
	at java.base/java.lang.reflect.Method.invoke(Method.java:580) ~[?:?]
	at org.bukkit.plugin.java.JavaPluginLoader$1.execute(JavaPluginLoader.java:306) ~[spigot-api-1.21.4-R0.1-SNAPSHOT.jar:?]
	at org.bukkit.plugin.RegisteredListener.callEvent(RegisteredListener.java:70) ~[spigot-api-1.21.4-R0.1-SNAPSHOT.jar:?]
	at org.bukkit.plugin.SimplePluginManager.fireEvent(SimplePluginManager.java:601) ~[spigot-api-1.21.4-R0.1-SNAPSHOT.jar:?]
	at org.bukkit.plugin.SimplePluginManager.callEvent(SimplePluginManager.java:588) ~[spigot-api-1.21.4-R0.1-SNAPSHOT.jar:?]
	at org.bukkit.craftbukkit.v1_21_R3.event.CraftEventFactory.callBlockIgniteEvent(CraftEventFactory.java:1431) ~[spigot-1.21.4-R0.1-SNAPSHOT.jar:4446-Spigot-e5a64e7-e954502]
	at net.minecraft.world.level.material.FluidTypeLava.a(FluidTypeLava.java:90) ~[spigot-1.21.4-R0.1-SNAPSHOT.jar:4446-Spigot-e5a64e7-e954502]
	... 13 more
[07:38:26] [Server thread/ERROR]: Could not pass event PlaceBlockEvent to WorldGuard v7.0.11+068ad68
org.bukkit.event.EventException: null
	at org.bukkit.plugin.java.JavaPluginLoader$1.execute(JavaPluginLoader.java:310) ~[spigot-api-1.21.4-R0.1-SNAPSHOT.jar:?]
	at org.bukkit.plugin.RegisteredListener.callEvent(RegisteredListener.java:70) ~[spigot-api-1.21.4-R0.1-SNAPSHOT.jar:?]
	at org.bukkit.plugin.SimplePluginManager.fireEvent(SimplePluginManager.java:601) ~[spigot-api-1.21.4-R0.1-SNAPSHOT.jar:?]
	at org.bukkit.plugin.SimplePluginManager.callEvent(SimplePluginManager.java:588) ~[spigot-api-1.21.4-R0.1-SNAPSHOT.jar:?]
	at com.sk89q.worldguard.bukkit.util.Events.fireToCancel(Events.java:74) ~[?:?]
	at com.sk89q.worldguard.bukkit.listener.EventAbstractionListener.onBlockIgnite(EventAbstractionListener.java:632) ~[?:?]
	at java.base/jdk.internal.reflect.DirectMethodHandleAccessor.invoke(DirectMethodHandleAccessor.java:103) ~[?:?]
	at java.base/java.lang.reflect.Method.invoke(Method.java:580) ~[?:?]
	at org.bukkit.plugin.java.JavaPluginLoader$1.execute(JavaPluginLoader.java:306) ~[spigot-api-1.21.4-R0.1-SNAPSHOT.jar:?]
	at org.bukkit.plugin.RegisteredListener.callEvent(RegisteredListener.java:70) ~[spigot-api-1.21.4-R0.1-SNAPSHOT.jar:?]
	at org.bukkit.plugin.SimplePluginManager.fireEvent(SimplePluginManager.java:601) ~[spigot-api-1.21.4-R0.1-SNAPSHOT.jar:?]
	at org.bukkit.plugin.SimplePluginManager.callEvent(SimplePluginManager.java:588) ~[spigot-api-1.21.4-R0.1-SNAPSHOT.jar:?]
	at org.bukkit.craftbukkit.v1_21_R3.event.CraftEventFactory.callBlockIgniteEvent(CraftEventFactory.java:1431) ~[spigot-1.21.4-R0.1-SNAPSHOT.jar:4446-Spigot-e5a64e7-e954502]
	at net.minecraft.world.level.material.FluidTypeLava.a(FluidTypeLava.java:90) ~[spigot-1.21.4-R0.1-SNAPSHOT.jar:4446-Spigot-e5a64e7-e954502]
	at net.minecraft.world.level.material.Fluid.a(SourceFile:92) ~[spigot-1.21.4-R0.1-SNAPSHOT.jar:4446-Spigot-e5a64e7-e954502]
	at net.minecraft.server.level.WorldServer.a(WorldServer.java:575) ~[spigot-1.21.4-R0.1-SNAPSHOT.jar:4446-Spigot-e5a64e7-e954502]
	at net.minecraft.server.level.ChunkProviderServer.a(ChunkProviderServer.java:478) ~[spigot-1.21.4-R0.1-SNAPSHOT.jar:4446-Spigot-e5a64e7-e954502]
	at net.minecraft.server.level.ChunkProviderServer.t(ChunkProviderServer.java:406) ~[spigot-1.21.4-R0.1-SNAPSHOT.jar:4446-Spigot-e5a64e7-e954502]
	at net.minecraft.server.level.ChunkProviderServer.a(ChunkProviderServer.java:375) ~[spigot-1.21.4-R0.1-SNAPSHOT.jar:4446-Spigot-e5a64e7-e954502]
	at net.minecraft.server.level.WorldServer.a(WorldServer.java:403) ~[spigot-1.21.4-R0.1-SNAPSHOT.jar:4446-Spigot-e5a64e7-e954502]
	at net.minecraft.server.MinecraftServer.c(MinecraftServer.java:1549) ~[spigot-1.21.4-R0.1-SNAPSHOT.jar:4446-Spigot-e5a64e7-e954502]
	at net.minecraft.server.MinecraftServer.a(MinecraftServer.java:1391) ~[spigot-1.21.4-R0.1-SNAPSHOT.jar:4446-Spigot-e5a64e7-e954502]
	at net.minecraft.server.MinecraftServer.y(MinecraftServer.java:1093) ~[spigot-1.21.4-R0.1-SNAPSHOT.jar:4446-Spigot-e5a64e7-e954502]
	at net.minecraft.server.MinecraftServer.lambda$spin$0(MinecraftServer.java:329) ~[spigot-1.21.4-R0.1-SNAPSHOT.jar:4446-Spigot-e5a64e7-e954502]
	at java.base/java.lang.Thread.run(Thread.java:1583) [?:?]
Caused by: java.lang.NoClassDefFoundError: Could not initialize class com.sk89q.worldguard.bukkit.util.Materials
	at com.sk89q.worldguard.bukkit.listener.RegionFlagsListener.onPlaceBlock(RegionFlagsListener.java:67) ~[?:?]
	at java.base/jdk.internal.reflect.DirectMethodHandleAccessor.invoke(DirectMethodHandleAccessor.java:103) ~[?:?]
	at java.base/java.lang.reflect.Method.invoke(Method.java:580) ~[?:?]
	at org.bukkit.plugin.java.JavaPluginLoader$1.execute(JavaPluginLoader.java:306) ~[spigot-api-1.21.4-R0.1-SNAPSHOT.jar:?]
	... 24 more
Caused by: java.lang.ExceptionInInitializerError: Exception java.lang.NoSuchFieldError: Class org.bukkit.Tag does not have member field 'org.bukkit.Tag ITEMS_TRIM_TEMPLATES' [in thread "Server thread"]
	at com.sk89q.worldguard.bukkit.util.Materials.<clinit>(Materials.java:913) ~[?:?]
	at com.sk89q.worldguard.bukkit.listener.RegionFlagsListener.onPlaceBlock(RegionFlagsListener.java:67) ~[?:?]
	at java.base/jdk.internal.reflect.DirectMethodHandleAccessor.invoke(DirectMethodHandleAccessor.java:103) ~[?:?]
	at java.base/java.lang.reflect.Method.invoke(Method.java:580) ~[?:?]
	at org.bukkit.plugin.java.JavaPluginLoader$1.execute(JavaPluginLoader.java:306) ~[spigot-api-1.21.4-R0.1-SNAPSHOT.jar:?]
	at org.bukkit.plugin.RegisteredListener.callEvent(RegisteredListener.java:70) ~[spigot-api-1.21.4-R0.1-SNAPSHOT.jar:?]
	at org.bukkit.plugin.SimplePluginManager.fireEvent(SimplePluginManager.java:601) ~[spigot-api-1.21.4-R0.1-SNAPSHOT.jar:?]
	at org.bukkit.plugin.SimplePluginManager.callEvent(SimplePluginManager.java:588) ~[spigot-api-1.21.4-R0.1-SNAPSHOT.jar:?]
	at com.sk89q.worldguard.bukkit.util.Events.fireToCancel(Events.java:74) ~[?:?]
	at com.sk89q.worldguard.bukkit.listener.EventAbstractionListener.onBlockIgnite(EventAbstractionListener.java:632) ~[?:?]
	at java.base/jdk.internal.reflect.DirectMethodHandleAccessor.invoke(DirectMethodHandleAccessor.java:103) ~[?:?]
	at java.base/java.lang.reflect.Method.invoke(Method.java:580) ~[?:?]
	at org.bukkit.plugin.java.JavaPluginLoader$1.execute(JavaPluginLoader.java:306) ~[spigot-api-1.21.4-R0.1-SNAPSHOT.jar:?]
	at org.bukkit.plugin.RegisteredListener.callEvent(RegisteredListener.java:70) ~[spigot-api-1.21.4-R0.1-SNAPSHOT.jar:?]
	at org.bukkit.plugin.SimplePluginManager.fireEvent(SimplePluginManager.java:601) ~[spigot-api-1.21.4-R0.1-SNAPSHOT.jar:?]
	at org.bukkit.plugin.SimplePluginManager.callEvent(SimplePluginManager.java:588) ~[spigot-api-1.21.4-R0.1-SNAPSHOT.jar:?]
	at org.bukkit.craftbukkit.v1_21_R3.event.CraftEventFactory.callBlockIgniteEvent(CraftEventFactory.java:1431) ~[spigot-1.21.4-R0.1-SNAPSHOT.jar:4446-Spigot-e5a64e7-e954502]
	at net.minecraft.world.level.material.FluidTypeLava.a(FluidTypeLava.java:90) ~[spigot-1.21.4-R0.1-SNAPSHOT.jar:4446-Spigot-e5a64e7-e954502]
	at net.minecraft.world.level.material.Fluid.a(SourceFile:92) ~[spigot-1.21.4-R0.1-SNAPSHOT.jar:4446-Spigot-e5a64e7-e954502]
	at net.minecraft.world.level.block.BlockFluids.b(BlockFluids.java:101) ~[spigot-1.21.4-R0.1-SNAPSHOT.jar:4446-Spigot-e5a64e7-e954502]
	at net.minecraft.world.level.block.state.BlockBase$BlockData.b(BlockBase.java:1166) ~[spigot-1.21.4-R0.1-SNAPSHOT.jar:4446-Spigot-e5a64e7-e954502]
	at net.minecraft.server.level.WorldServer.a(WorldServer.java:569) ~[spigot-1.21.4-R0.1-SNAPSHOT.jar:4446-Spigot-e5a64e7-e954502]
	... 9 more
[07:38:26] [Server thread/ERROR]: Could not pass event PlaceBlockEvent to WorldGuard v7.0.11+068ad68
org.bukkit.event.EventException: null
	at org.bukkit.plugin.java.JavaPluginLoader$1.execute(JavaPluginLoader.java:310) ~[spigot-api-1.21.4-R0.1-SNAPSHOT.jar:?]
	at org.bukkit.plugin.RegisteredListener.callEvent(RegisteredListener.java:70) ~[spigot-api-1.21.4-R0.1-SNAPSHOT.jar:?]
	at org.bukkit.plugin.SimplePluginManager.fireEvent(SimplePluginManager.java:601) ~[spigot-api-1.21.4-R0.1-SNAPSHOT.jar:?]
	at org.bukkit.plugin.SimplePluginManager.callEvent(SimplePluginManager.java:588) ~[spigot-api-1.21.4-R0.1-SNAPSHOT.jar:?]
	at com.sk89q.worldguard.bukkit.util.Events.fireToCancel(Events.java:74) ~[?:?]
	at com.sk89q.worldguard.bukkit.listener.EventAbstractionListener.onBlockIgnite(EventAbstractionListener.java:632) ~[?:?]
	at java.base/jdk.internal.reflect.DirectMethodHandleAccessor.invoke(DirectMethodHandleAccessor.java:103) ~[?:?]
	at java.base/java.lang.reflect.Method.invoke(Method.java:580) ~[?:?]
	at org.bukkit.plugin.java.JavaPluginLoader$1.execute(JavaPluginLoader.java:306) ~[spigot-api-1.21.4-R0.1-SNAPSHOT.jar:?]
	at org.bukkit.plugin.RegisteredListener.callEvent(RegisteredListener.java:70) ~[spigot-api-1.21.4-R0.1-SNAPSHOT.jar:?]
	at org.bukkit.plugin.SimplePluginManager.fireEvent(SimplePluginManager.java:601) ~[spigot-api-1.21.4-R0.1-SNAPSHOT.jar:?]
	at org.bukkit.plugin.SimplePluginManager.callEvent(SimplePluginManager.java:588) ~[spigot-api-1.21.4-R0.1-SNAPSHOT.jar:?]
	at org.bukkit.craftbukkit.v1_21_R3.event.CraftEventFactory.callBlockIgniteEvent(CraftEventFactory.java:1431) ~[spigot-1.21.4-R0.1-SNAPSHOT.jar:4446-Spigot-e5a64e7-e954502]
	at net.minecraft.world.level.material.FluidTypeLava.a(FluidTypeLava.java:90) ~[spigot-1.21.4-R0.1-SNAPSHOT.jar:4446-Spigot-e5a64e7-e954502]
	at net.minecraft.world.level.material.Fluid.a(SourceFile:92) ~[spigot-1.21.4-R0.1-SNAPSHOT.jar:4446-Spigot-e5a64e7-e954502]
	at net.minecraft.server.level.WorldServer.a(WorldServer.java:575) ~[spigot-1.21.4-R0.1-SNAPSHOT.jar:4446-Spigot-e5a64e7-e954502]
	at net.minecraft.server.level.ChunkProviderServer.a(ChunkProviderServer.java:478) ~[spigot-1.21.4-R0.1-SNAPSHOT.jar:4446-Spigot-e5a64e7-e954502]
	at net.minecraft.server.level.ChunkProviderServer.t(ChunkProviderServer.java:406) ~[spigot-1.21.4-R0.1-SNAPSHOT.jar:4446-Spigot-e5a64e7-e954502]
	at net.minecraft.server.level.ChunkProviderServer.a(ChunkProviderServer.java:375) ~[spigot-1.21.4-R0.1-SNAPSHOT.jar:4446-Spigot-e5a64e7-e954502]
	at net.minecraft.server.level.WorldServer.a(WorldServer.java:403) ~[spigot-1.21.4-R0.1-SNAPSHOT.jar:4446-Spigot-e5a64e7-e954502]
	at net.minecraft.server.MinecraftServer.c(MinecraftServer.java:1549) ~[spigot-1.21.4-R0.1-SNAPSHOT.jar:4446-Spigot-e5a64e7-e954502]
	at net.minecraft.server.MinecraftServer.a(MinecraftServer.java:1391) ~[spigot-1.21.4-R0.1-SNAPSHOT.jar:4446-Spigot-e5a64e7-e954502]
	at net.minecraft.server.MinecraftServer.y(MinecraftServer.java:1093) ~[spigot-1.21.4-R0.1-SNAPSHOT.jar:4446-Spigot-e5a64e7-e954502]
	at net.minecraft.server.MinecraftServer.lambda$spin$0(MinecraftServer.java:329) ~[spigot-1.21.4-R0.1-SNAPSHOT.jar:4446-Spigot-e5a64e7-e954502]
	at java.base/java.lang.Thread.run(Thread.java:1583) [?:?]
Caused by: java.lang.NoClassDefFoundError: Could not initialize class com.sk89q.worldguard.bukkit.util.Materials
	at com.sk89q.worldguard.bukkit.listener.RegionProtectionListener.onPlaceBlock(RegionProtectionListener.java:165) ~[?:?]
	at java.base/jdk.internal.reflect.DirectMethodHandleAccessor.invoke(DirectMethodHandleAccessor.java:103) ~[?:?]
	at java.base/java.lang.reflect.Method.invoke(Method.java:580) ~[?:?]
	at org.bukkit.plugin.java.JavaPluginLoader$1.execute(JavaPluginLoader.java:306) ~[spigot-api-1.21.4-R0.1-SNAPSHOT.jar:?]
	... 24 more
Caused by: java.lang.ExceptionInInitializerError: Exception java.lang.NoSuchFieldError: Class org.bukkit.Tag does not have member field 'org.bukkit.Tag ITEMS_TRIM_TEMPLATES' [in thread "Server thread"]
	at com.sk89q.worldguard.bukkit.util.Materials.<clinit>(Materials.java:913) ~[?:?]
	at com.sk89q.worldguard.bukkit.listener.RegionFlagsListener.onPlaceBlock(RegionFlagsListener.java:67) ~[?:?]
	at java.base/jdk.internal.reflect.DirectMethodHandleAccessor.invoke(DirectMethodHandleAccessor.java:103) ~[?:?]
	at java.base/java.lang.reflect.Method.invoke(Method.java:580) ~[?:?]
	at org.bukkit.plugin.java.JavaPluginLoader$1.execute(JavaPluginLoader.java:306) ~[spigot-api-1.21.4-R0.1-SNAPSHOT.jar:?]
	at org.bukkit.plugin.RegisteredListener.callEvent(RegisteredListener.java:70) ~[spigot-api-1.21.4-R0.1-SNAPSHOT.jar:?]
	at org.bukkit.plugin.SimplePluginManager.fireEvent(SimplePluginManager.java:601) ~[spigot-api-1.21.4-R0.1-SNAPSHOT.jar:?]
	at org.bukkit.plugin.SimplePluginManager.callEvent(SimplePluginManager.java:588) ~[spigot-api-1.21.4-R0.1-SNAPSHOT.jar:?]
	at com.sk89q.worldguard.bukkit.util.Events.fireToCancel(Events.java:74) ~[?:?]
	at com.sk89q.worldguard.bukkit.listener.EventAbstractionListener.onBlockIgnite(EventAbstractionListener.java:632) ~[?:?]
	at java.base/jdk.internal.reflect.DirectMethodHandleAccessor.invoke(DirectMethodHandleAccessor.java:103) ~[?:?]
	at java.base/java.lang.reflect.Method.invoke(Method.java:580) ~[?:?]
	at org.bukkit.plugin.java.JavaPluginLoader$1.execute(JavaPluginLoader.java:306) ~[spigot-api-1.21.4-R0.1-SNAPSHOT.jar:?]
	at org.bukkit.plugin.RegisteredListener.callEvent(RegisteredListener.java:70) ~[spigot-api-1.21.4-R0.1-SNAPSHOT.jar:?]
	at org.bukkit.plugin.SimplePluginManager.fireEvent(SimplePluginManager.java:601) ~[spigot-api-1.21.4-R0.1-SNAPSHOT.jar:?]
	at org.bukkit.plugin.SimplePluginManager.callEvent(SimplePluginManager.java:588) ~[spigot-api-1.21.4-R0.1-SNAPSHOT.jar:?]
	at org.bukkit.craftbukkit.v1_21_R3.event.CraftEventFactory.callBlockIgniteEvent(CraftEventFactory.java:1431) ~[spigot-1.21.4-R0.1-SNAPSHOT.jar:4446-Spigot-e5a64e7-e954502]
	at net.minecraft.world.level.material.FluidTypeLava.a(FluidTypeLava.java:90) ~[spigot-1.21.4-R0.1-SNAPSHOT.jar:4446-Spigot-e5a64e7-e954502]
	at net.minecraft.world.level.material.Fluid.a(SourceFile:92) ~[spigot-1.21.4-R0.1-SNAPSHOT.jar:4446-Spigot-e5a64e7-e954502]
	at net.minecraft.world.level.block.BlockFluids.b(BlockFluids.java:101) ~[spigot-1.21.4-R0.1-SNAPSHOT.jar:4446-Spigot-e5a64e7-e954502]
	at net.minecraft.world.level.block.state.BlockBase$BlockData.b(BlockBase.java:1166) ~[spigot-1.21.4-R0.1-SNAPSHOT.jar:4446-Spigot-e5a64e7-e954502]
	at net.minecraft.server.level.WorldServer.a(WorldServer.java:569) ~[spigot-1.21.4-R0.1-SNAPSHOT.jar:4446-Spigot-e5a64e7-e954502]
	... 9 more
[07:38:26] [Server thread/ERROR]: Could not pass event BlockFadeEvent to WorldGuard v7.0.11+068ad68
org.bukkit.event.EventException: null
	at org.bukkit.plugin.java.JavaPluginLoader$1.execute(JavaPluginLoader.java:310) ~[spigot-api-1.21.4-R0.1-SNAPSHOT.jar:?]
	at org.bukkit.plugin.RegisteredListener.callEvent(RegisteredListener.java:70) ~[spigot-api-1.21.4-R0.1-SNAPSHOT.jar:?]
	at org.bukkit.plugin.SimplePluginManager.fireEvent(SimplePluginManager.java:601) ~[spigot-api-1.21.4-R0.1-SNAPSHOT.jar:?]
	at org.bukkit.plugin.SimplePluginManager.callEvent(SimplePluginManager.java:588) ~[spigot-api-1.21.4-R0.1-SNAPSHOT.jar:?]
	at org.bukkit.craftbukkit.v1_21_R3.event.CraftEventFactory.callBlockFadeEvent(CraftEventFactory.java:879) ~[spigot-1.21.4-R0.1-SNAPSHOT.jar:4446-Spigot-e5a64e7-e954502]
	at net.minecraft.world.level.block.BlockFireAbstract.fireExtinguished(BlockFireAbstract.java:230) ~[spigot-1.21.4-R0.1-SNAPSHOT.jar:4446-Spigot-e5a64e7-e954502]
	at net.minecraft.world.level.block.BlockFireAbstract.onPlace(BlockFireAbstract.java:172) ~[spigot-1.21.4-R0.1-SNAPSHOT.jar:4446-Spigot-e5a64e7-e954502]
	at net.minecraft.world.level.block.BlockFire.onPlace(BlockFire.java:367) ~[spigot-1.21.4-R0.1-SNAPSHOT.jar:4446-Spigot-e5a64e7-e954502]
	at net.minecraft.world.level.block.state.BlockBase$BlockData.onPlace(BlockBase.java:1149) ~[spigot-1.21.4-R0.1-SNAPSHOT.jar:4446-Spigot-e5a64e7-e954502]
	at net.minecraft.world.level.block.state.BlockBase$BlockData.a(BlockBase.java:1145) ~[spigot-1.21.4-R0.1-SNAPSHOT.jar:4446-Spigot-e5a64e7-e954502]
	at net.minecraft.world.level.chunk.Chunk.setBlockState(Chunk.java:345) ~[spigot-1.21.4-R0.1-SNAPSHOT.jar:4446-Spigot-e5a64e7-e954502]
	at net.minecraft.world.level.World.a(World.java:344) ~[spigot-1.21.4-R0.1-SNAPSHOT.jar:4446-Spigot-e5a64e7-e954502]
	at net.minecraft.world.level.World.a(World.java:310) ~[spigot-1.21.4-R0.1-SNAPSHOT.jar:4446-Spigot-e5a64e7-e954502]
	at net.minecraft.world.level.World.b(World.java:493) ~[spigot-1.21.4-R0.1-SNAPSHOT.jar:4446-Spigot-e5a64e7-e954502]
	at net.minecraft.world.level.material.FluidTypeLava.a(FluidTypeLava.java:95) ~[spigot-1.21.4-R0.1-SNAPSHOT.jar:4446-Spigot-e5a64e7-e954502]
	at net.minecraft.world.level.material.Fluid.a(SourceFile:92) ~[spigot-1.21.4-R0.1-SNAPSHOT.jar:4446-Spigot-e5a64e7-e954502]
	at net.minecraft.server.level.WorldServer.a(WorldServer.java:575) ~[spigot-1.21.4-R0.1-SNAPSHOT.jar:4446-Spigot-e5a64e7-e954502]
	at net.minecraft.server.level.ChunkProviderServer.a(ChunkProviderServer.java:478) ~[spigot-1.21.4-R0.1-SNAPSHOT.jar:4446-Spigot-e5a64e7-e954502]
	at net.minecraft.server.level.ChunkProviderServer.t(ChunkProviderServer.java:406) ~[spigot-1.21.4-R0.1-SNAPSHOT.jar:4446-Spigot-e5a64e7-e954502]
	at net.minecraft.server.level.ChunkProviderServer.a(ChunkProviderServer.java:375) ~[spigot-1.21.4-R0.1-SNAPSHOT.jar:4446-Spigot-e5a64e7-e954502]
	at net.minecraft.server.level.WorldServer.a(WorldServer.java:403) ~[spigot-1.21.4-R0.1-SNAPSHOT.jar:4446-Spigot-e5a64e7-e954502]
	at net.minecraft.server.MinecraftServer.c(MinecraftServer.java:1549) ~[spigot-1.21.4-R0.1-SNAPSHOT.jar:4446-Spigot-e5a64e7-e954502]
	at net.minecraft.server.MinecraftServer.a(MinecraftServer.java:1391) ~[spigot-1.21.4-R0.1-SNAPSHOT.jar:4446-Spigot-e5a64e7-e954502]
	at net.minecraft.server.MinecraftServer.y(MinecraftServer.java:1093) ~[spigot-1.21.4-R0.1-SNAPSHOT.jar:4446-Spigot-e5a64e7-e954502]
	at net.minecraft.server.MinecraftServer.lambda$spin$0(MinecraftServer.java:329) ~[spigot-1.21.4-R0.1-SNAPSHOT.jar:4446-Spigot-e5a64e7-e954502]
	at java.base/java.lang.Thread.run(Thread.java:1583) [?:?]
Caused by: java.lang.NoClassDefFoundError: Could not initialize class com.sk89q.worldguard.bukkit.util.Materials
	at com.sk89q.worldguard.bukkit.listener.WorldGuardBlockListener.onBlockFade(WorldGuardBlockListener.java:702) ~[?:?]
	at java.base/jdk.internal.reflect.DirectMethodHandleAccessor.invoke(DirectMethodHandleAccessor.java:103) ~[?:?]
	at java.base/java.lang.reflect.Method.invoke(Method.java:580) ~[?:?]
	at org.bukkit.plugin.java.JavaPluginLoader$1.execute(JavaPluginLoader.java:306) ~[spigot-api-1.21.4-R0.1-SNAPSHOT.jar:?]
	... 25 more
Caused by: java.lang.ExceptionInInitializerError: Exception java.lang.NoSuchFieldError: Class org.bukkit.Tag does not have member field 'org.bukkit.Tag ITEMS_TRIM_TEMPLATES' [in thread "Server thread"]
	at com.sk89q.worldguard.bukkit.util.Materials.<clinit>(Materials.java:913) ~[?:?]
	at com.sk89q.worldguard.bukkit.listener.RegionFlagsListener.onPlaceBlock(RegionFlagsListener.java:67) ~[?:?]
	at java.base/jdk.internal.reflect.DirectMethodHandleAccessor.invoke(DirectMethodHandleAccessor.java:103) ~[?:?]
	at java.base/java.lang.reflect.Method.invoke(Method.java:580) ~[?:?]
	at org.bukkit.plugin.java.JavaPluginLoader$1.execute(JavaPluginLoader.java:306) ~[spigot-api-1.21.4-R0.1-SNAPSHOT.jar:?]
	at org.bukkit.plugin.RegisteredListener.callEvent(RegisteredListener.java:70) ~[spigot-api-1.21.4-R0.1-SNAPSHOT.jar:?]
	at org.bukkit.plugin.SimplePluginManager.fireEvent(SimplePluginManager.java:601) ~[spigot-api-1.21.4-R0.1-SNAPSHOT.jar:?]
	at org.bukkit.plugin.SimplePluginManager.callEvent(SimplePluginManager.java:588) ~[spigot-api-1.21.4-R0.1-SNAPSHOT.jar:?]
	at com.sk89q.worldguard.bukkit.util.Events.fireToCancel(Events.java:74) ~[?:?]
	at com.sk89q.worldguard.bukkit.listener.EventAbstractionListener.onBlockIgnite(EventAbstractionListener.java:632) ~[?:?]
	at java.base/jdk.internal.reflect.DirectMethodHandleAccessor.invoke(DirectMethodHandleAccessor.java:103) ~[?:?]
	at java.base/java.lang.reflect.Method.invoke(Method.java:580) ~[?:?]
	at org.bukkit.plugin.java.JavaPluginLoader$1.execute(JavaPluginLoader.java:306) ~[spigot-api-1.21.4-R0.1-SNAPSHOT.jar:?]
	at org.bukkit.plugin.RegisteredListener.callEvent(RegisteredListener.java:70) ~[spigot-api-1.21.4-R0.1-SNAPSHOT.jar:?]
	at org.bukkit.plugin.SimplePluginManager.fireEvent(SimplePluginManager.java:601) ~[spigot-api-1.21.4-R0.1-SNAPSHOT.jar:?]
	at org.bukkit.plugin.SimplePluginManager.callEvent(SimplePluginManager.java:588) ~[spigot-api-1.21.4-R0.1-SNAPSHOT.jar:?]
	at org.bukkit.craftbukkit.v1_21_R3.event.CraftEventFactory.callBlockIgniteEvent(CraftEventFactory.java:1431) ~[spigot-1.21.4-R0.1-SNAPSHOT.jar:4446-Spigot-e5a64e7-e954502]
	at net.minecraft.world.level.material.FluidTypeLava.a(FluidTypeLava.java:90) ~[spigot-1.21.4-R0.1-SNAPSHOT.jar:4446-Spigot-e5a64e7-e954502]
	at net.minecraft.world.level.material.Fluid.a(SourceFile:92) ~[spigot-1.21.4-R0.1-SNAPSHOT.jar:4446-Spigot-e5a64e7-e954502]
	at net.minecraft.world.level.block.BlockFluids.b(BlockFluids.java:101) ~[spigot-1.21.4-R0.1-SNAPSHOT.jar:4446-Spigot-e5a64e7-e954502]
	at net.minecraft.world.level.block.state.BlockBase$BlockData.b(BlockBase.java:1166) ~[spigot-1.21.4-R0.1-SNAPSHOT.jar:4446-Spigot-e5a64e7-e954502]
	at net.minecraft.server.level.WorldServer.a(WorldServer.java:569) ~[spigot-1.21.4-R0.1-SNAPSHOT.jar:4446-Spigot-e5a64e7-e954502]
	... 9 more
[07:38:47] [Server thread/INFO]: come219 issued server command: /gm 1
[07:39:17] [Server thread/WARN]: Can't keep up! Is the server overloaded? Running 2511ms or 50 ticks behind
[07:39:21] [Server thread/INFO]: come219 issued server command: /gm 1
[07:39:33] [Server thread/ERROR]: Could not pass event PlaceBlockEvent to WorldGuard v7.0.11+068ad68
org.bukkit.event.EventException: null
	at org.bukkit.plugin.java.JavaPluginLoader$1.execute(JavaPluginLoader.java:310) ~[spigot-api-1.21.4-R0.1-SNAPSHOT.jar:?]
	at org.bukkit.plugin.RegisteredListener.callEvent(RegisteredListener.java:70) ~[spigot-api-1.21.4-R0.1-SNAPSHOT.jar:?]
	at org.bukkit.plugin.SimplePluginManager.fireEvent(SimplePluginManager.java:601) ~[spigot-api-1.21.4-R0.1-SNAPSHOT.jar:?]
	at org.bukkit.plugin.SimplePluginManager.callEvent(SimplePluginManager.java:588) ~[spigot-api-1.21.4-R0.1-SNAPSHOT.jar:?]
	at com.sk89q.worldguard.bukkit.util.Events.fireToCancel(Events.java:74) ~[?:?]
	at com.sk89q.worldguard.bukkit.listener.EventAbstractionListener.onBlockIgnite(EventAbstractionListener.java:632) ~[?:?]
	at java.base/jdk.internal.reflect.DirectMethodHandleAccessor.invoke(DirectMethodHandleAccessor.java:103) ~[?:?]
	at java.base/java.lang.reflect.Method.invoke(Method.java:580) ~[?:?]
	at org.bukkit.plugin.java.JavaPluginLoader$1.execute(JavaPluginLoader.java:306) ~[spigot-api-1.21.4-R0.1-SNAPSHOT.jar:?]
	at org.bukkit.plugin.RegisteredListener.callEvent(RegisteredListener.java:70) ~[spigot-api-1.21.4-R0.1-SNAPSHOT.jar:?]
	at org.bukkit.plugin.SimplePluginManager.fireEvent(SimplePluginManager.java:601) ~[spigot-api-1.21.4-R0.1-SNAPSHOT.jar:?]
	at org.bukkit.plugin.SimplePluginManager.callEvent(SimplePluginManager.java:588) ~[spigot-api-1.21.4-R0.1-SNAPSHOT.jar:?]
	at org.bukkit.craftbukkit.v1_21_R3.event.CraftEventFactory.callBlockIgniteEvent(CraftEventFactory.java:1431) ~[spigot-1.21.4-R0.1-SNAPSHOT.jar:4446-Spigot-e5a64e7-e954502]
	at net.minecraft.world.level.material.FluidTypeLava.a(FluidTypeLava.java:90) ~[spigot-1.21.4-R0.1-SNAPSHOT.jar:4446-Spigot-e5a64e7-e954502]
	at net.minecraft.world.level.material.Fluid.a(SourceFile:92) ~[spigot-1.21.4-R0.1-SNAPSHOT.jar:4446-Spigot-e5a64e7-e954502]
	at net.minecraft.server.level.WorldServer.a(WorldServer.java:575) ~[spigot-1.21.4-R0.1-SNAPSHOT.jar:4446-Spigot-e5a64e7-e954502]
	at net.minecraft.server.level.ChunkProviderServer.a(ChunkProviderServer.java:478) ~[spigot-1.21.4-R0.1-SNAPSHOT.jar:4446-Spigot-e5a64e7-e954502]
	at net.minecraft.server.level.ChunkProviderServer.t(ChunkProviderServer.java:406) ~[spigot-1.21.4-R0.1-SNAPSHOT.jar:4446-Spigot-e5a64e7-e954502]
	at net.minecraft.server.level.ChunkProviderServer.a(ChunkProviderServer.java:375) ~[spigot-1.21.4-R0.1-SNAPSHOT.jar:4446-Spigot-e5a64e7-e954502]
	at net.minecraft.server.level.WorldServer.a(WorldServer.java:403) ~[spigot-1.21.4-R0.1-SNAPSHOT.jar:4446-Spigot-e5a64e7-e954502]
	at net.minecraft.server.MinecraftServer.c(MinecraftServer.java:1549) ~[spigot-1.21.4-R0.1-SNAPSHOT.jar:4446-Spigot-e5a64e7-e954502]
	at net.minecraft.server.MinecraftServer.a(MinecraftServer.java:1391) ~[spigot-1.21.4-R0.1-SNAPSHOT.jar:4446-Spigot-e5a64e7-e954502]
	at net.minecraft.server.MinecraftServer.y(MinecraftServer.java:1093) ~[spigot-1.21.4-R0.1-SNAPSHOT.jar:4446-Spigot-e5a64e7-e954502]
	at net.minecraft.server.MinecraftServer.lambda$spin$0(MinecraftServer.java:329) ~[spigot-1.21.4-R0.1-SNAPSHOT.jar:4446-Spigot-e5a64e7-e954502]
	at java.base/java.lang.Thread.run(Thread.java:1583) [?:?]
Caused by: java.lang.NoClassDefFoundError: Could not initialize class com.sk89q.worldguard.bukkit.util.Materials
	at com.sk89q.worldguard.bukkit.listener.RegionFlagsListener.onPlaceBlock(RegionFlagsListener.java:67) ~[?:?]
	at java.base/jdk.internal.reflect.DirectMethodHandleAccessor.invoke(DirectMethodHandleAccessor.java:103) ~[?:?]
	at java.base/java.lang.reflect.Method.invoke(Method.java:580) ~[?:?]
	at org.bukkit.plugin.java.JavaPluginLoader$1.execute(JavaPluginLoader.java:306) ~[spigot-api-1.21.4-R0.1-SNAPSHOT.jar:?]
	... 24 more
Caused by: java.lang.ExceptionInInitializerError: Exception java.lang.NoSuchFieldError: Class org.bukkit.Tag does not have member field 'org.bukkit.Tag ITEMS_TRIM_TEMPLATES' [in thread "Server thread"]
	at com.sk89q.worldguard.bukkit.util.Materials.<clinit>(Materials.java:913) ~[?:?]
	at com.sk89q.worldguard.bukkit.listener.RegionFlagsListener.onPlaceBlock(RegionFlagsListener.java:67) ~[?:?]
	at java.base/jdk.internal.reflect.DirectMethodHandleAccessor.invoke(DirectMethodHandleAccessor.java:103) ~[?:?]
	at java.base/java.lang.reflect.Method.invoke(Method.java:580) ~[?:?]
	at org.bukkit.plugin.java.JavaPluginLoader$1.execute(JavaPluginLoader.java:306) ~[spigot-api-1.21.4-R0.1-SNAPSHOT.jar:?]
	at org.bukkit.plugin.RegisteredListener.callEvent(RegisteredListener.java:70) ~[spigot-api-1.21.4-R0.1-SNAPSHOT.jar:?]
	at org.bukkit.plugin.SimplePluginManager.fireEvent(SimplePluginManager.java:601) ~[spigot-api-1.21.4-R0.1-SNAPSHOT.jar:?]
	at org.bukkit.plugin.SimplePluginManager.callEvent(SimplePluginManager.java:588) ~[spigot-api-1.21.4-R0.1-SNAPSHOT.jar:?]
	at com.sk89q.worldguard.bukkit.util.Events.fireToCancel(Events.java:74) ~[?:?]
	at com.sk89q.worldguard.bukkit.listener.EventAbstractionListener.onBlockIgnite(EventAbstractionListener.java:632) ~[?:?]
	at java.base/jdk.internal.reflect.DirectMethodHandleAccessor.invoke(DirectMethodHandleAccessor.java:103) ~[?:?]
	at java.base/java.lang.reflect.Method.invoke(Method.java:580) ~[?:?]
	at org.bukkit.plugin.java.JavaPluginLoader$1.execute(JavaPluginLoader.java:306) ~[spigot-api-1.21.4-R0.1-SNAPSHOT.jar:?]
	at org.bukkit.plugin.RegisteredListener.callEvent(RegisteredListener.java:70) ~[spigot-api-1.21.4-R0.1-SNAPSHOT.jar:?]
	at org.bukkit.plugin.SimplePluginManager.fireEvent(SimplePluginManager.java:601) ~[spigot-api-1.21.4-R0.1-SNAPSHOT.jar:?]
	at org.bukkit.plugin.SimplePluginManager.callEvent(SimplePluginManager.java:588) ~[spigot-api-1.21.4-R0.1-SNAPSHOT.jar:?]
	at org.bukkit.craftbukkit.v1_21_R3.event.CraftEventFactory.callBlockIgniteEvent(CraftEventFactory.java:1431) ~[spigot-1.21.4-R0.1-SNAPSHOT.jar:4446-Spigot-e5a64e7-e954502]
	at net.minecraft.world.level.material.FluidTypeLava.a(FluidTypeLava.java:90) ~[spigot-1.21.4-R0.1-SNAPSHOT.jar:4446-Spigot-e5a64e7-e954502]
	at net.minecraft.world.level.material.Fluid.a(SourceFile:92) ~[spigot-1.21.4-R0.1-SNAPSHOT.jar:4446-Spigot-e5a64e7-e954502]
	at net.minecraft.world.level.block.BlockFluids.b(BlockFluids.java:101) ~[spigot-1.21.4-R0.1-SNAPSHOT.jar:4446-Spigot-e5a64e7-e954502]
	at net.minecraft.world.level.block.state.BlockBase$BlockData.b(BlockBase.java:1166) ~[spigot-1.21.4-R0.1-SNAPSHOT.jar:4446-Spigot-e5a64e7-e954502]
	at net.minecraft.server.level.WorldServer.a(WorldServer.java:569) ~[spigot-1.21.4-R0.1-SNAPSHOT.jar:4446-Spigot-e5a64e7-e954502]
	... 9 more
[07:39:33] [Server thread/ERROR]: Could not pass event PlaceBlockEvent to WorldGuard v7.0.11+068ad68
org.bukkit.event.EventException: null
	at org.bukkit.plugin.java.JavaPluginLoader$1.execute(JavaPluginLoader.java:310) ~[spigot-api-1.21.4-R0.1-SNAPSHOT.jar:?]
	at org.bukkit.plugin.RegisteredListener.callEvent(RegisteredListener.java:70) ~[spigot-api-1.21.4-R0.1-SNAPSHOT.jar:?]
	at org.bukkit.plugin.SimplePluginManager.fireEvent(SimplePluginManager.java:601) ~[spigot-api-1.21.4-R0.1-SNAPSHOT.jar:?]
	at org.bukkit.plugin.SimplePluginManager.callEvent(SimplePluginManager.java:588) ~[spigot-api-1.21.4-R0.1-SNAPSHOT.jar:?]
	at com.sk89q.worldguard.bukkit.util.Events.fireToCancel(Events.java:74) ~[?:?]
	at com.sk89q.worldguard.bukkit.listener.EventAbstractionListener.onBlockIgnite(EventAbstractionListener.java:632) ~[?:?]
	at java.base/jdk.internal.reflect.DirectMethodHandleAccessor.invoke(DirectMethodHandleAccessor.java:103) ~[?:?]
	at java.base/java.lang.reflect.Method.invoke(Method.java:580) ~[?:?]
	at org.bukkit.plugin.java.JavaPluginLoader$1.execute(JavaPluginLoader.java:306) ~[spigot-api-1.21.4-R0.1-SNAPSHOT.jar:?]
	at org.bukkit.plugin.RegisteredListener.callEvent(RegisteredListener.java:70) ~[spigot-api-1.21.4-R0.1-SNAPSHOT.jar:?]
	at org.bukkit.plugin.SimplePluginManager.fireEvent(SimplePluginManager.java:601) ~[spigot-api-1.21.4-R0.1-SNAPSHOT.jar:?]
	at org.bukkit.plugin.SimplePluginManager.callEvent(SimplePluginManager.java:588) ~[spigot-api-1.21.4-R0.1-SNAPSHOT.jar:?]
	at org.bukkit.craftbukkit.v1_21_R3.event.CraftEventFactory.callBlockIgniteEvent(CraftEventFactory.java:1431) ~[spigot-1.21.4-R0.1-SNAPSHOT.jar:4446-Spigot-e5a64e7-e954502]
	at net.minecraft.world.level.material.FluidTypeLava.a(FluidTypeLava.java:90) ~[spigot-1.21.4-R0.1-SNAPSHOT.jar:4446-Spigot-e5a64e7-e954502]
	at net.minecraft.world.level.material.Fluid.a(SourceFile:92) ~[spigot-1.21.4-R0.1-SNAPSHOT.jar:4446-Spigot-e5a64e7-e954502]
	at net.minecraft.server.level.WorldServer.a(WorldServer.java:575) ~[spigot-1.21.4-R0.1-SNAPSHOT.jar:4446-Spigot-e5a64e7-e954502]
	at net.minecraft.server.level.ChunkProviderServer.a(ChunkProviderServer.java:478) ~[spigot-1.21.4-R0.1-SNAPSHOT.jar:4446-Spigot-e5a64e7-e954502]
	at net.minecraft.server.level.ChunkProviderServer.t(ChunkProviderServer.java:406) ~[spigot-1.21.4-R0.1-SNAPSHOT.jar:4446-Spigot-e5a64e7-e954502]
	at net.minecraft.server.level.ChunkProviderServer.a(ChunkProviderServer.java:375) ~[spigot-1.21.4-R0.1-SNAPSHOT.jar:4446-Spigot-e5a64e7-e954502]
	at net.minecraft.server.level.WorldServer.a(WorldServer.java:403) ~[spigot-1.21.4-R0.1-SNAPSHOT.jar:4446-Spigot-e5a64e7-e954502]
	at net.minecraft.server.MinecraftServer.c(MinecraftServer.java:1549) ~[spigot-1.21.4-R0.1-SNAPSHOT.jar:4446-Spigot-e5a64e7-e954502]
	at net.minecraft.server.MinecraftServer.a(MinecraftServer.java:1391) ~[spigot-1.21.4-R0.1-SNAPSHOT.jar:4446-Spigot-e5a64e7-e954502]
	at net.minecraft.server.MinecraftServer.y(MinecraftServer.java:1093) ~[spigot-1.21.4-R0.1-SNAPSHOT.jar:4446-Spigot-e5a64e7-e954502]
	at net.minecraft.server.MinecraftServer.lambda$spin$0(MinecraftServer.java:329) ~[spigot-1.21.4-R0.1-SNAPSHOT.jar:4446-Spigot-e5a64e7-e954502]
	at java.base/java.lang.Thread.run(Thread.java:1583) [?:?]
Caused by: java.lang.NoClassDefFoundError: Could not initialize class com.sk89q.worldguard.bukkit.util.Materials
	at com.sk89q.worldguard.bukkit.listener.RegionProtectionListener.onPlaceBlock(RegionProtectionListener.java:165) ~[?:?]
	at java.base/jdk.internal.reflect.DirectMethodHandleAccessor.invoke(DirectMethodHandleAccessor.java:103) ~[?:?]
	at java.base/java.lang.reflect.Method.invoke(Method.java:580) ~[?:?]
	at org.bukkit.plugin.java.JavaPluginLoader$1.execute(JavaPluginLoader.java:306) ~[spigot-api-1.21.4-R0.1-SNAPSHOT.jar:?]
	... 24 more
Caused by: java.lang.ExceptionInInitializerError: Exception java.lang.NoSuchFieldError: Class org.bukkit.Tag does not have member field 'org.bukkit.Tag ITEMS_TRIM_TEMPLATES' [in thread "Server thread"]
	at com.sk89q.worldguard.bukkit.util.Materials.<clinit>(Materials.java:913) ~[?:?]
	at com.sk89q.worldguard.bukkit.listener.RegionFlagsListener.onPlaceBlock(RegionFlagsListener.java:67) ~[?:?]
	at java.base/jdk.internal.reflect.DirectMethodHandleAccessor.invoke(DirectMethodHandleAccessor.java:103) ~[?:?]
	at java.base/java.lang.reflect.Method.invoke(Method.java:580) ~[?:?]
	at org.bukkit.plugin.java.JavaPluginLoader$1.execute(JavaPluginLoader.java:306) ~[spigot-api-1.21.4-R0.1-SNAPSHOT.jar:?]
	at org.bukkit.plugin.RegisteredListener.callEvent(RegisteredListener.java:70) ~[spigot-api-1.21.4-R0.1-SNAPSHOT.jar:?]
	at org.bukkit.plugin.SimplePluginManager.fireEvent(SimplePluginManager.java:601) ~[spigot-api-1.21.4-R0.1-SNAPSHOT.jar:?]
	at org.bukkit.plugin.SimplePluginManager.callEvent(SimplePluginManager.java:588) ~[spigot-api-1.21.4-R0.1-SNAPSHOT.jar:?]
	at com.sk89q.worldguard.bukkit.util.Events.fireToCancel(Events.java:74) ~[?:?]
	at com.sk89q.worldguard.bukkit.listener.EventAbstractionListener.onBlockIgnite(EventAbstractionListener.java:632) ~[?:?]
	at java.base/jdk.internal.reflect.DirectMethodHandleAccessor.invoke(DirectMethodHandleAccessor.java:103) ~[?:?]
	at java.base/java.lang.reflect.Method.invoke(Method.java:580) ~[?:?]
	at org.bukkit.plugin.java.JavaPluginLoader$1.execute(JavaPluginLoader.java:306) ~[spigot-api-1.21.4-R0.1-SNAPSHOT.jar:?]
	at org.bukkit.plugin.RegisteredListener.callEvent(RegisteredListener.java:70) ~[spigot-api-1.21.4-R0.1-SNAPSHOT.jar:?]
	at org.bukkit.plugin.SimplePluginManager.fireEvent(SimplePluginManager.java:601) ~[spigot-api-1.21.4-R0.1-SNAPSHOT.jar:?]
	at org.bukkit.plugin.SimplePluginManager.callEvent(SimplePluginManager.java:588) ~[spigot-api-1.21.4-R0.1-SNAPSHOT.jar:?]
	at org.bukkit.craftbukkit.v1_21_R3.event.CraftEventFactory.callBlockIgniteEvent(CraftEventFactory.java:1431) ~[spigot-1.21.4-R0.1-SNAPSHOT.jar:4446-Spigot-e5a64e7-e954502]
	at net.minecraft.world.level.material.FluidTypeLava.a(FluidTypeLava.java:90) ~[spigot-1.21.4-R0.1-SNAPSHOT.jar:4446-Spigot-e5a64e7-e954502]
	at net.minecraft.world.level.material.Fluid.a(SourceFile:92) ~[spigot-1.21.4-R0.1-SNAPSHOT.jar:4446-Spigot-e5a64e7-e954502]
	at net.minecraft.world.level.block.BlockFluids.b(BlockFluids.java:101) ~[spigot-1.21.4-R0.1-SNAPSHOT.jar:4446-Spigot-e5a64e7-e954502]
	at net.minecraft.world.level.block.state.BlockBase$BlockData.b(BlockBase.java:1166) ~[spigot-1.21.4-R0.1-SNAPSHOT.jar:4446-Spigot-e5a64e7-e954502]
	at net.minecraft.server.level.WorldServer.a(WorldServer.java:569) ~[spigot-1.21.4-R0.1-SNAPSHOT.jar:4446-Spigot-e5a64e7-e954502]
	... 9 more
[07:39:33] [Server thread/ERROR]: Could not pass event BlockFadeEvent to WorldGuard v7.0.11+068ad68
org.bukkit.event.EventException: null
	at org.bukkit.plugin.java.JavaPluginLoader$1.execute(JavaPluginLoader.java:310) ~[spigot-api-1.21.4-R0.1-SNAPSHOT.jar:?]
	at org.bukkit.plugin.RegisteredListener.callEvent(RegisteredListener.java:70) ~[spigot-api-1.21.4-R0.1-SNAPSHOT.jar:?]
	at org.bukkit.plugin.SimplePluginManager.fireEvent(SimplePluginManager.java:601) ~[spigot-api-1.21.4-R0.1-SNAPSHOT.jar:?]
	at org.bukkit.plugin.SimplePluginManager.callEvent(SimplePluginManager.java:588) ~[spigot-api-1.21.4-R0.1-SNAPSHOT.jar:?]
	at org.bukkit.craftbukkit.v1_21_R3.event.CraftEventFactory.callBlockFadeEvent(CraftEventFactory.java:879) ~[spigot-1.21.4-R0.1-SNAPSHOT.jar:4446-Spigot-e5a64e7-e954502]
	at net.minecraft.world.level.block.BlockFireAbstract.fireExtinguished(BlockFireAbstract.java:230) ~[spigot-1.21.4-R0.1-SNAPSHOT.jar:4446-Spigot-e5a64e7-e954502]
	at net.minecraft.world.level.block.BlockFireAbstract.onPlace(BlockFireAbstract.java:172) ~[spigot-1.21.4-R0.1-SNAPSHOT.jar:4446-Spigot-e5a64e7-e954502]
	at net.minecraft.world.level.block.BlockFire.onPlace(BlockFire.java:367) ~[spigot-1.21.4-R0.1-SNAPSHOT.jar:4446-Spigot-e5a64e7-e954502]
	at net.minecraft.world.level.block.state.BlockBase$BlockData.onPlace(BlockBase.java:1149) ~[spigot-1.21.4-R0.1-SNAPSHOT.jar:4446-Spigot-e5a64e7-e954502]
	at net.minecraft.world.level.block.state.BlockBase$BlockData.a(BlockBase.java:1145) ~[spigot-1.21.4-R0.1-SNAPSHOT.jar:4446-Spigot-e5a64e7-e954502]
	at net.minecraft.world.level.chunk.Chunk.setBlockState(Chunk.java:345) ~[spigot-1.21.4-R0.1-SNAPSHOT.jar:4446-Spigot-e5a64e7-e954502]
	at net.minecraft.world.level.World.a(World.java:344) ~[spigot-1.21.4-R0.1-SNAPSHOT.jar:4446-Spigot-e5a64e7-e954502]
	at net.minecraft.world.level.World.a(World.java:310) ~[spigot-1.21.4-R0.1-SNAPSHOT.jar:4446-Spigot-e5a64e7-e954502]
	at net.minecraft.world.level.World.b(World.java:493) ~[spigot-1.21.4-R0.1-SNAPSHOT.jar:4446-Spigot-e5a64e7-e954502]
	at net.minecraft.world.level.material.FluidTypeLava.a(FluidTypeLava.java:95) ~[spigot-1.21.4-R0.1-SNAPSHOT.jar:4446-Spigot-e5a64e7-e954502]
	at net.minecraft.world.level.material.Fluid.a(SourceFile:92) ~[spigot-1.21.4-R0.1-SNAPSHOT.jar:4446-Spigot-e5a64e7-e954502]
	at net.minecraft.server.level.WorldServer.a(WorldServer.java:575) ~[spigot-1.21.4-R0.1-SNAPSHOT.jar:4446-Spigot-e5a64e7-e954502]
	at net.minecraft.server.level.ChunkProviderServer.a(ChunkProviderServer.java:478) ~[spigot-1.21.4-R0.1-SNAPSHOT.jar:4446-Spigot-e5a64e7-e954502]
	at net.minecraft.server.level.ChunkProviderServer.t(ChunkProviderServer.java:406) ~[spigot-1.21.4-R0.1-SNAPSHOT.jar:4446-Spigot-e5a64e7-e954502]
	at net.minecraft.server.level.ChunkProviderServer.a(ChunkProviderServer.java:375) ~[spigot-1.21.4-R0.1-SNAPSHOT.jar:4446-Spigot-e5a64e7-e954502]
	at net.minecraft.server.level.WorldServer.a(WorldServer.java:403) ~[spigot-1.21.4-R0.1-SNAPSHOT.jar:4446-Spigot-e5a64e7-e954502]
	at net.minecraft.server.MinecraftServer.c(MinecraftServer.java:1549) ~[spigot-1.21.4-R0.1-SNAPSHOT.jar:4446-Spigot-e5a64e7-e954502]
	at net.minecraft.server.MinecraftServer.a(MinecraftServer.java:1391) ~[spigot-1.21.4-R0.1-SNAPSHOT.jar:4446-Spigot-e5a64e7-e954502]
	at net.minecraft.server.MinecraftServer.y(MinecraftServer.java:1093) ~[spigot-1.21.4-R0.1-SNAPSHOT.jar:4446-Spigot-e5a64e7-e954502]
	at net.minecraft.server.MinecraftServer.lambda$spin$0(MinecraftServer.java:329) ~[spigot-1.21.4-R0.1-SNAPSHOT.jar:4446-Spigot-e5a64e7-e954502]
	at java.base/java.lang.Thread.run(Thread.java:1583) [?:?]
Caused by: java.lang.NoClassDefFoundError: Could not initialize class com.sk89q.worldguard.bukkit.util.Materials
	at com.sk89q.worldguard.bukkit.listener.WorldGuardBlockListener.onBlockFade(WorldGuardBlockListener.java:702) ~[?:?]
	at java.base/jdk.internal.reflect.DirectMethodHandleAccessor.invoke(DirectMethodHandleAccessor.java:103) ~[?:?]
	at java.base/java.lang.reflect.Method.invoke(Method.java:580) ~[?:?]
	at org.bukkit.plugin.java.JavaPluginLoader$1.execute(JavaPluginLoader.java:306) ~[spigot-api-1.21.4-R0.1-SNAPSHOT.jar:?]
	... 25 more
Caused by: java.lang.ExceptionInInitializerError: Exception java.lang.NoSuchFieldError: Class org.bukkit.Tag does not have member field 'org.bukkit.Tag ITEMS_TRIM_TEMPLATES' [in thread "Server thread"]
	at com.sk89q.worldguard.bukkit.util.Materials.<clinit>(Materials.java:913) ~[?:?]
	at com.sk89q.worldguard.bukkit.listener.RegionFlagsListener.onPlaceBlock(RegionFlagsListener.java:67) ~[?:?]
	at java.base/jdk.internal.reflect.DirectMethodHandleAccessor.invoke(DirectMethodHandleAccessor.java:103) ~[?:?]
	at java.base/java.lang.reflect.Method.invoke(Method.java:580) ~[?:?]
	at org.bukkit.plugin.java.JavaPluginLoader$1.execute(JavaPluginLoader.java:306) ~[spigot-api-1.21.4-R0.1-SNAPSHOT.jar:?]
	at org.bukkit.plugin.RegisteredListener.callEvent(RegisteredListener.java:70) ~[spigot-api-1.21.4-R0.1-SNAPSHOT.jar:?]
	at org.bukkit.plugin.SimplePluginManager.fireEvent(SimplePluginManager.java:601) ~[spigot-api-1.21.4-R0.1-SNAPSHOT.jar:?]
	at org.bukkit.plugin.SimplePluginManager.callEvent(SimplePluginManager.java:588) ~[spigot-api-1.21.4-R0.1-SNAPSHOT.jar:?]
	at com.sk89q.worldguard.bukkit.util.Events.fireToCancel(Events.java:74) ~[?:?]
	at com.sk89q.worldguard.bukkit.listener.EventAbstractionListener.onBlockIgnite(EventAbstractionListener.java:632) ~[?:?]
	at java.base/jdk.internal.reflect.DirectMethodHandleAccessor.invoke(DirectMethodHandleAccessor.java:103) ~[?:?]
	at java.base/java.lang.reflect.Method.invoke(Method.java:580) ~[?:?]
	at org.bukkit.plugin.java.JavaPluginLoader$1.execute(JavaPluginLoader.java:306) ~[spigot-api-1.21.4-R0.1-SNAPSHOT.jar:?]
	at org.bukkit.plugin.RegisteredListener.callEvent(RegisteredListener.java:70) ~[spigot-api-1.21.4-R0.1-SNAPSHOT.jar:?]
	at org.bukkit.plugin.SimplePluginManager.fireEvent(SimplePluginManager.java:601) ~[spigot-api-1.21.4-R0.1-SNAPSHOT.jar:?]
	at org.bukkit.plugin.SimplePluginManager.callEvent(SimplePluginManager.java:588) ~[spigot-api-1.21.4-R0.1-SNAPSHOT.jar:?]
	at org.bukkit.craftbukkit.v1_21_R3.event.CraftEventFactory.callBlockIgniteEvent(CraftEventFactory.java:1431) ~[spigot-1.21.4-R0.1-SNAPSHOT.jar:4446-Spigot-e5a64e7-e954502]
	at net.minecraft.world.level.material.FluidTypeLava.a(FluidTypeLava.java:90) ~[spigot-1.21.4-R0.1-SNAPSHOT.jar:4446-Spigot-e5a64e7-e954502]
	at net.minecraft.world.level.material.Fluid.a(SourceFile:92) ~[spigot-1.21.4-R0.1-SNAPSHOT.jar:4446-Spigot-e5a64e7-e954502]
	at net.minecraft.world.level.block.BlockFluids.b(BlockFluids.java:101) ~[spigot-1.21.4-R0.1-SNAPSHOT.jar:4446-Spigot-e5a64e7-e954502]
	at net.minecraft.world.level.block.state.BlockBase$BlockData.b(BlockBase.java:1166) ~[spigot-1.21.4-R0.1-SNAPSHOT.jar:4446-Spigot-e5a64e7-e954502]
	at net.minecraft.server.level.WorldServer.a(WorldServer.java:569) ~[spigot-1.21.4-R0.1-SNAPSHOT.jar:4446-Spigot-e5a64e7-e954502]
	... 9 more
[07:39:38] [Server thread/INFO]: come219 issued server command: /tp fergon1441
[07:39:47] [Server thread/INFO]: come219 issued server command: /otp fergon1441
[07:39:49] [Server thread/WARN]: Can't keep up! Is the server overloaded? Running 2500ms or 50 ticks behind
[07:39:51] [Server thread/INFO]: come219 issued server command: /gm 1
[07:39:55] [Server thread/INFO]: come219 issued server command: /top
[07:39:58] [Async Chat Thread - #1/INFO]: [0;37;1mworld_the_end[0;37;1m|<[0;31;22mcome219[m> test[m
[07:40:03] [Server thread/WARN]: come219 moved too quickly! 13.793691694097106,11.572772819808662,9.578885648869345
[07:40:11] [Server thread/INFO]: CommandBlock at -660,9,693 issued server command: /time set day
[07:40:17] [Server thread/WARN]: Can't keep up! Is the server overloaded? Running 12797ms or 255 ticks behind
[07:40:49] [Server thread/INFO]: come219 issued server command: /mvtp world
[07:40:52] [Server thread/WARN]: Can't keep up! Is the server overloaded? Running 2511ms or 50 ticks behind
[07:41:27] [Server thread/ERROR]: Could not pass event PlaceBlockEvent to WorldGuard v7.0.11+068ad68
org.bukkit.event.EventException: null
	at org.bukkit.plugin.java.JavaPluginLoader$1.execute(JavaPluginLoader.java:310) ~[spigot-api-1.21.4-R0.1-SNAPSHOT.jar:?]
	at org.bukkit.plugin.RegisteredListener.callEvent(RegisteredListener.java:70) ~[spigot-api-1.21.4-R0.1-SNAPSHOT.jar:?]
	at org.bukkit.plugin.SimplePluginManager.fireEvent(SimplePluginManager.java:601) ~[spigot-api-1.21.4-R0.1-SNAPSHOT.jar:?]
	at org.bukkit.plugin.SimplePluginManager.callEvent(SimplePluginManager.java:588) ~[spigot-api-1.21.4-R0.1-SNAPSHOT.jar:?]
	at com.sk89q.worldguard.bukkit.util.Events.fireToCancel(Events.java:74) ~[?:?]
	at com.sk89q.worldguard.bukkit.listener.EventAbstractionListener.onBlockIgnite(EventAbstractionListener.java:632) ~[?:?]
	at java.base/jdk.internal.reflect.DirectMethodHandleAccessor.invoke(DirectMethodHandleAccessor.java:103) ~[?:?]
	at java.base/java.lang.reflect.Method.invoke(Method.java:580) ~[?:?]
	at org.bukkit.plugin.java.JavaPluginLoader$1.execute(JavaPluginLoader.java:306) ~[spigot-api-1.21.4-R0.1-SNAPSHOT.jar:?]
	at org.bukkit.plugin.RegisteredListener.callEvent(RegisteredListener.java:70) ~[spigot-api-1.21.4-R0.1-SNAPSHOT.jar:?]
	at org.bukkit.plugin.SimplePluginManager.fireEvent(SimplePluginManager.java:601) ~[spigot-api-1.21.4-R0.1-SNAPSHOT.jar:?]
	at org.bukkit.plugin.SimplePluginManager.callEvent(SimplePluginManager.java:588) ~[spigot-api-1.21.4-R0.1-SNAPSHOT.jar:?]
	at org.bukkit.craftbukkit.v1_21_R3.event.CraftEventFactory.callBlockIgniteEvent(CraftEventFactory.java:1431) ~[spigot-1.21.4-R0.1-SNAPSHOT.jar:4446-Spigot-e5a64e7-e954502]
	at net.minecraft.world.level.material.FluidTypeLava.a(FluidTypeLava.java:90) ~[spigot-1.21.4-R0.1-SNAPSHOT.jar:4446-Spigot-e5a64e7-e954502]
	at net.minecraft.world.level.material.Fluid.a(SourceFile:92) ~[spigot-1.21.4-R0.1-SNAPSHOT.jar:4446-Spigot-e5a64e7-e954502]
	at net.minecraft.world.level.block.BlockFluids.b(BlockFluids.java:101) ~[spigot-1.21.4-R0.1-SNAPSHOT.jar:4446-Spigot-e5a64e7-e954502]
	at net.minecraft.world.level.block.state.BlockBase$BlockData.b(BlockBase.java:1166) ~[spigot-1.21.4-R0.1-SNAPSHOT.jar:4446-Spigot-e5a64e7-e954502]
	at net.minecraft.server.level.WorldServer.a(WorldServer.java:569) ~[spigot-1.21.4-R0.1-SNAPSHOT.jar:4446-Spigot-e5a64e7-e954502]
	at net.minecraft.server.level.ChunkProviderServer.a(ChunkProviderServer.java:478) ~[spigot-1.21.4-R0.1-SNAPSHOT.jar:4446-Spigot-e5a64e7-e954502]
	at net.minecraft.server.level.ChunkProviderServer.t(ChunkProviderServer.java:406) ~[spigot-1.21.4-R0.1-SNAPSHOT.jar:4446-Spigot-e5a64e7-e954502]
	at net.minecraft.server.level.ChunkProviderServer.a(ChunkProviderServer.java:375) ~[spigot-1.21.4-R0.1-SNAPSHOT.jar:4446-Spigot-e5a64e7-e954502]
	at net.minecraft.server.level.WorldServer.a(WorldServer.java:403) ~[spigot-1.21.4-R0.1-SNAPSHOT.jar:4446-Spigot-e5a64e7-e954502]
	at net.minecraft.server.MinecraftServer.c(MinecraftServer.java:1549) ~[spigot-1.21.4-R0.1-SNAPSHOT.jar:4446-Spigot-e5a64e7-e954502]
	at net.minecraft.server.MinecraftServer.a(MinecraftServer.java:1391) ~[spigot-1.21.4-R0.1-SNAPSHOT.jar:4446-Spigot-e5a64e7-e954502]
	at net.minecraft.server.MinecraftServer.y(MinecraftServer.java:1093) ~[spigot-1.21.4-R0.1-SNAPSHOT.jar:4446-Spigot-e5a64e7-e954502]
	at net.minecraft.server.MinecraftServer.lambda$spin$0(MinecraftServer.java:329) ~[spigot-1.21.4-R0.1-SNAPSHOT.jar:4446-Spigot-e5a64e7-e954502]
	at java.base/java.lang.Thread.run(Thread.java:1583) [?:?]
Caused by: java.lang.NoClassDefFoundError: Could not initialize class com.sk89q.worldguard.bukkit.util.Materials
	at com.sk89q.worldguard.bukkit.listener.RegionFlagsListener.onPlaceBlock(RegionFlagsListener.java:67) ~[?:?]
	at java.base/jdk.internal.reflect.DirectMethodHandleAccessor.invoke(DirectMethodHandleAccessor.java:103) ~[?:?]
	at java.base/java.lang.reflect.Method.invoke(Method.java:580) ~[?:?]
	at org.bukkit.plugin.java.JavaPluginLoader$1.execute(JavaPluginLoader.java:306) ~[spigot-api-1.21.4-R0.1-SNAPSHOT.jar:?]
	... 26 more
Caused by: java.lang.ExceptionInInitializerError: Exception java.lang.NoSuchFieldError: Class org.bukkit.Tag does not have member field 'org.bukkit.Tag ITEMS_TRIM_TEMPLATES' [in thread "Server thread"]
	at com.sk89q.worldguard.bukkit.util.Materials.<clinit>(Materials.java:913) ~[?:?]
	at com.sk89q.worldguard.bukkit.listener.RegionFlagsListener.onPlaceBlock(RegionFlagsListener.java:67) ~[?:?]
	at java.base/jdk.internal.reflect.DirectMethodHandleAccessor.invoke(DirectMethodHandleAccessor.java:103) ~[?:?]
	at java.base/java.lang.reflect.Method.invoke(Method.java:580) ~[?:?]
	at org.bukkit.plugin.java.JavaPluginLoader$1.execute(JavaPluginLoader.java:306) ~[spigot-api-1.21.4-R0.1-SNAPSHOT.jar:?]
	... 26 more
[07:41:27] [Server thread/ERROR]: Could not pass event PlaceBlockEvent to WorldGuard v7.0.11+068ad68
org.bukkit.event.EventException: null
	at org.bukkit.plugin.java.JavaPluginLoader$1.execute(JavaPluginLoader.java:310) ~[spigot-api-1.21.4-R0.1-SNAPSHOT.jar:?]
	at org.bukkit.plugin.RegisteredListener.callEvent(RegisteredListener.java:70) ~[spigot-api-1.21.4-R0.1-SNAPSHOT.jar:?]
	at org.bukkit.plugin.SimplePluginManager.fireEvent(SimplePluginManager.java:601) ~[spigot-api-1.21.4-R0.1-SNAPSHOT.jar:?]
	at org.bukkit.plugin.SimplePluginManager.callEvent(SimplePluginManager.java:588) ~[spigot-api-1.21.4-R0.1-SNAPSHOT.jar:?]
	at com.sk89q.worldguard.bukkit.util.Events.fireToCancel(Events.java:74) ~[?:?]
	at com.sk89q.worldguard.bukkit.listener.EventAbstractionListener.onBlockIgnite(EventAbstractionListener.java:632) ~[?:?]
	at java.base/jdk.internal.reflect.DirectMethodHandleAccessor.invoke(DirectMethodHandleAccessor.java:103) ~[?:?]
	at java.base/java.lang.reflect.Method.invoke(Method.java:580) ~[?:?]
	at org.bukkit.plugin.java.JavaPluginLoader$1.execute(JavaPluginLoader.java:306) ~[spigot-api-1.21.4-R0.1-SNAPSHOT.jar:?]
	at org.bukkit.plugin.RegisteredListener.callEvent(RegisteredListener.java:70) ~[spigot-api-1.21.4-R0.1-SNAPSHOT.jar:?]
	at org.bukkit.plugin.SimplePluginManager.fireEvent(SimplePluginManager.java:601) ~[spigot-api-1.21.4-R0.1-SNAPSHOT.jar:?]
	at org.bukkit.plugin.SimplePluginManager.callEvent(SimplePluginManager.java:588) ~[spigot-api-1.21.4-R0.1-SNAPSHOT.jar:?]
	at org.bukkit.craftbukkit.v1_21_R3.event.CraftEventFactory.callBlockIgniteEvent(CraftEventFactory.java:1431) ~[spigot-1.21.4-R0.1-SNAPSHOT.jar:4446-Spigot-e5a64e7-e954502]
	at net.minecraft.world.level.material.FluidTypeLava.a(FluidTypeLava.java:90) ~[spigot-1.21.4-R0.1-SNAPSHOT.jar:4446-Spigot-e5a64e7-e954502]
	at net.minecraft.world.level.material.Fluid.a(SourceFile:92) ~[spigot-1.21.4-R0.1-SNAPSHOT.jar:4446-Spigot-e5a64e7-e954502]
	at net.minecraft.world.level.block.BlockFluids.b(BlockFluids.java:101) ~[spigot-1.21.4-R0.1-SNAPSHOT.jar:4446-Spigot-e5a64e7-e954502]
	at net.minecraft.world.level.block.state.BlockBase$BlockData.b(BlockBase.java:1166) ~[spigot-1.21.4-R0.1-SNAPSHOT.jar:4446-Spigot-e5a64e7-e954502]
	at net.minecraft.server.level.WorldServer.a(WorldServer.java:569) ~[spigot-1.21.4-R0.1-SNAPSHOT.jar:4446-Spigot-e5a64e7-e954502]
	at net.minecraft.server.level.ChunkProviderServer.a(ChunkProviderServer.java:478) ~[spigot-1.21.4-R0.1-SNAPSHOT.jar:4446-Spigot-e5a64e7-e954502]
	at net.minecraft.server.level.ChunkProviderServer.t(ChunkProviderServer.java:406) ~[spigot-1.21.4-R0.1-SNAPSHOT.jar:4446-Spigot-e5a64e7-e954502]
	at net.minecraft.server.level.ChunkProviderServer.a(ChunkProviderServer.java:375) ~[spigot-1.21.4-R0.1-SNAPSHOT.jar:4446-Spigot-e5a64e7-e954502]
	at net.minecraft.server.level.WorldServer.a(WorldServer.java:403) ~[spigot-1.21.4-R0.1-SNAPSHOT.jar:4446-Spigot-e5a64e7-e954502]
	at net.minecraft.server.MinecraftServer.c(MinecraftServer.java:1549) ~[spigot-1.21.4-R0.1-SNAPSHOT.jar:4446-Spigot-e5a64e7-e954502]
	at net.minecraft.server.MinecraftServer.a(MinecraftServer.java:1391) ~[spigot-1.21.4-R0.1-SNAPSHOT.jar:4446-Spigot-e5a64e7-e954502]
	at net.minecraft.server.MinecraftServer.y(MinecraftServer.java:1093) ~[spigot-1.21.4-R0.1-SNAPSHOT.jar:4446-Spigot-e5a64e7-e954502]
	at net.minecraft.server.MinecraftServer.lambda$spin$0(MinecraftServer.java:329) ~[spigot-1.21.4-R0.1-SNAPSHOT.jar:4446-Spigot-e5a64e7-e954502]
	at java.base/java.lang.Thread.run(Thread.java:1583) [?:?]
Caused by: java.lang.NoClassDefFoundError: Could not initialize class com.sk89q.worldguard.bukkit.util.Materials
	at com.sk89q.worldguard.bukkit.listener.RegionProtectionListener.onPlaceBlock(RegionProtectionListener.java:165) ~[?:?]
	at java.base/jdk.internal.reflect.DirectMethodHandleAccessor.invoke(DirectMethodHandleAccessor.java:103) ~[?:?]
	at java.base/java.lang.reflect.Method.invoke(Method.java:580) ~[?:?]
	at org.bukkit.plugin.java.JavaPluginLoader$1.execute(JavaPluginLoader.java:306) ~[spigot-api-1.21.4-R0.1-SNAPSHOT.jar:?]
	... 26 more
Caused by: java.lang.ExceptionInInitializerError: Exception java.lang.NoSuchFieldError: Class org.bukkit.Tag does not have member field 'org.bukkit.Tag ITEMS_TRIM_TEMPLATES' [in thread "Server thread"]
	at com.sk89q.worldguard.bukkit.util.Materials.<clinit>(Materials.java:913) ~[?:?]
	at com.sk89q.worldguard.bukkit.listener.RegionFlagsListener.onPlaceBlock(RegionFlagsListener.java:67) ~[?:?]
	at java.base/jdk.internal.reflect.DirectMethodHandleAccessor.invoke(DirectMethodHandleAccessor.java:103) ~[?:?]
	at java.base/java.lang.reflect.Method.invoke(Method.java:580) ~[?:?]
	at org.bukkit.plugin.java.JavaPluginLoader$1.execute(JavaPluginLoader.java:306) ~[spigot-api-1.21.4-R0.1-SNAPSHOT.jar:?]
	... 26 more
[07:41:27] [Server thread/ERROR]: Could not pass event BlockFadeEvent to WorldGuard v7.0.11+068ad68
org.bukkit.event.EventException: null
	at org.bukkit.plugin.java.JavaPluginLoader$1.execute(JavaPluginLoader.java:310) ~[spigot-api-1.21.4-R0.1-SNAPSHOT.jar:?]
	at org.bukkit.plugin.RegisteredListener.callEvent(RegisteredListener.java:70) ~[spigot-api-1.21.4-R0.1-SNAPSHOT.jar:?]
	at org.bukkit.plugin.SimplePluginManager.fireEvent(SimplePluginManager.java:601) ~[spigot-api-1.21.4-R0.1-SNAPSHOT.jar:?]
	at org.bukkit.plugin.SimplePluginManager.callEvent(SimplePluginManager.java:588) ~[spigot-api-1.21.4-R0.1-SNAPSHOT.jar:?]
	at org.bukkit.craftbukkit.v1_21_R3.event.CraftEventFactory.callBlockFadeEvent(CraftEventFactory.java:879) ~[spigot-1.21.4-R0.1-SNAPSHOT.jar:4446-Spigot-e5a64e7-e954502]
	at net.minecraft.world.level.block.BlockFireAbstract.fireExtinguished(BlockFireAbstract.java:230) ~[spigot-1.21.4-R0.1-SNAPSHOT.jar:4446-Spigot-e5a64e7-e954502]
	at net.minecraft.world.level.block.BlockFireAbstract.onPlace(BlockFireAbstract.java:172) ~[spigot-1.21.4-R0.1-SNAPSHOT.jar:4446-Spigot-e5a64e7-e954502]
	at net.minecraft.world.level.block.BlockFire.onPlace(BlockFire.java:367) ~[spigot-1.21.4-R0.1-SNAPSHOT.jar:4446-Spigot-e5a64e7-e954502]
	at net.minecraft.world.level.block.state.BlockBase$BlockData.onPlace(BlockBase.java:1149) ~[spigot-1.21.4-R0.1-SNAPSHOT.jar:4446-Spigot-e5a64e7-e954502]
	at net.minecraft.world.level.block.state.BlockBase$BlockData.a(BlockBase.java:1145) ~[spigot-1.21.4-R0.1-SNAPSHOT.jar:4446-Spigot-e5a64e7-e954502]
	at net.minecraft.world.level.chunk.Chunk.setBlockState(Chunk.java:345) ~[spigot-1.21.4-R0.1-SNAPSHOT.jar:4446-Spigot-e5a64e7-e954502]
	at net.minecraft.world.level.World.a(World.java:344) ~[spigot-1.21.4-R0.1-SNAPSHOT.jar:4446-Spigot-e5a64e7-e954502]
	at net.minecraft.world.level.World.a(World.java:310) ~[spigot-1.21.4-R0.1-SNAPSHOT.jar:4446-Spigot-e5a64e7-e954502]
	at net.minecraft.world.level.World.b(World.java:493) ~[spigot-1.21.4-R0.1-SNAPSHOT.jar:4446-Spigot-e5a64e7-e954502]
	at net.minecraft.world.level.material.FluidTypeLava.a(FluidTypeLava.java:95) ~[spigot-1.21.4-R0.1-SNAPSHOT.jar:4446-Spigot-e5a64e7-e954502]
	at net.minecraft.world.level.material.Fluid.a(SourceFile:92) ~[spigot-1.21.4-R0.1-SNAPSHOT.jar:4446-Spigot-e5a64e7-e954502]
	at net.minecraft.world.level.block.BlockFluids.b(BlockFluids.java:101) ~[spigot-1.21.4-R0.1-SNAPSHOT.jar:4446-Spigot-e5a64e7-e954502]
	at net.minecraft.world.level.block.state.BlockBase$BlockData.b(BlockBase.java:1166) ~[spigot-1.21.4-R0.1-SNAPSHOT.jar:4446-Spigot-e5a64e7-e954502]
	at net.minecraft.server.level.WorldServer.a(WorldServer.java:569) ~[spigot-1.21.4-R0.1-SNAPSHOT.jar:4446-Spigot-e5a64e7-e954502]
	at net.minecraft.server.level.ChunkProviderServer.a(ChunkProviderServer.java:478) ~[spigot-1.21.4-R0.1-SNAPSHOT.jar:4446-Spigot-e5a64e7-e954502]
	at net.minecraft.server.level.ChunkProviderServer.t(ChunkProviderServer.java:406) ~[spigot-1.21.4-R0.1-SNAPSHOT.jar:4446-Spigot-e5a64e7-e954502]
	at net.minecraft.server.level.ChunkProviderServer.a(ChunkProviderServer.java:375) ~[spigot-1.21.4-R0.1-SNAPSHOT.jar:4446-Spigot-e5a64e7-e954502]
	at net.minecraft.server.level.WorldServer.a(WorldServer.java:403) ~[spigot-1.21.4-R0.1-SNAPSHOT.jar:4446-Spigot-e5a64e7-e954502]
	at net.minecraft.server.MinecraftServer.c(MinecraftServer.java:1549) ~[spigot-1.21.4-R0.1-SNAPSHOT.jar:4446-Spigot-e5a64e7-e954502]
	at net.minecraft.server.MinecraftServer.a(MinecraftServer.java:1391) ~[spigot-1.21.4-R0.1-SNAPSHOT.jar:4446-Spigot-e5a64e7-e954502]
	at net.minecraft.server.MinecraftServer.y(MinecraftServer.java:1093) ~[spigot-1.21.4-R0.1-SNAPSHOT.jar:4446-Spigot-e5a64e7-e954502]
	at net.minecraft.server.MinecraftServer.lambda$spin$0(MinecraftServer.java:329) ~[spigot-1.21.4-R0.1-SNAPSHOT.jar:4446-Spigot-e5a64e7-e954502]
	at java.base/java.lang.Thread.run(Thread.java:1583) [?:?]
Caused by: java.lang.NoClassDefFoundError: Could not initialize class com.sk89q.worldguard.bukkit.util.Materials
	at com.sk89q.worldguard.bukkit.listener.WorldGuardBlockListener.onBlockFade(WorldGuardBlockListener.java:702) ~[?:?]
	at java.base/jdk.internal.reflect.DirectMethodHandleAccessor.invoke(DirectMethodHandleAccessor.java:103) ~[?:?]
	at java.base/java.lang.reflect.Method.invoke(Method.java:580) ~[?:?]
	at org.bukkit.plugin.java.JavaPluginLoader$1.execute(JavaPluginLoader.java:306) ~[spigot-api-1.21.4-R0.1-SNAPSHOT.jar:?]
	... 27 more
Caused by: java.lang.ExceptionInInitializerError: Exception java.lang.NoSuchFieldError: Class org.bukkit.Tag does not have member field 'org.bukkit.Tag ITEMS_TRIM_TEMPLATES' [in thread "Server thread"]
	at com.sk89q.worldguard.bukkit.util.Materials.<clinit>(Materials.java:913) ~[?:?]
	at com.sk89q.worldguard.bukkit.listener.RegionFlagsListener.onPlaceBlock(RegionFlagsListener.java:67) ~[?:?]
	at java.base/jdk.internal.reflect.DirectMethodHandleAccessor.invoke(DirectMethodHandleAccessor.java:103) ~[?:?]
	at java.base/java.lang.reflect.Method.invoke(Method.java:580) ~[?:?]
	at org.bukkit.plugin.java.JavaPluginLoader$1.execute(JavaPluginLoader.java:306) ~[spigot-api-1.21.4-R0.1-SNAPSHOT.jar:?]
	at org.bukkit.plugin.RegisteredListener.callEvent(RegisteredListener.java:70) ~[spigot-api-1.21.4-R0.1-SNAPSHOT.jar:?]
	at org.bukkit.plugin.SimplePluginManager.fireEvent(SimplePluginManager.java:601) ~[spigot-api-1.21.4-R0.1-SNAPSHOT.jar:?]
	at org.bukkit.plugin.SimplePluginManager.callEvent(SimplePluginManager.java:588) ~[spigot-api-1.21.4-R0.1-SNAPSHOT.jar:?]
	at com.sk89q.worldguard.bukkit.util.Events.fireToCancel(Events.java:74) ~[?:?]
	at com.sk89q.worldguard.bukkit.listener.EventAbstractionListener.onBlockIgnite(EventAbstractionListener.java:632) ~[?:?]
	at java.base/jdk.internal.reflect.DirectMethodHandleAccessor.invoke(DirectMethodHandleAccessor.java:103) ~[?:?]
	at java.base/java.lang.reflect.Method.invoke(Method.java:580) ~[?:?]
	at org.bukkit.plugin.java.JavaPluginLoader$1.execute(JavaPluginLoader.java:306) ~[spigot-api-1.21.4-R0.1-SNAPSHOT.jar:?]
	at org.bukkit.plugin.RegisteredListener.callEvent(RegisteredListener.java:70) ~[spigot-api-1.21.4-R0.1-SNAPSHOT.jar:?]
	at org.bukkit.plugin.SimplePluginManager.fireEvent(SimplePluginManager.java:601) ~[spigot-api-1.21.4-R0.1-SNAPSHOT.jar:?]
	at org.bukkit.plugin.SimplePluginManager.callEvent(SimplePluginManager.java:588) ~[spigot-api-1.21.4-R0.1-SNAPSHOT.jar:?]
	at org.bukkit.craftbukkit.v1_21_R3.event.CraftEventFactory.callBlockIgniteEvent(CraftEventFactory.java:1431) ~[spigot-1.21.4-R0.1-SNAPSHOT.jar:4446-Spigot-e5a64e7-e954502]
	at net.minecraft.world.level.material.FluidTypeLava.a(FluidTypeLava.java:90) ~[spigot-1.21.4-R0.1-SNAPSHOT.jar:4446-Spigot-e5a64e7-e954502]
	... 13 more
[07:41:59] [Server thread/ERROR]: Could not pass event PlaceBlockEvent to WorldGuard v7.0.11+068ad68
org.bukkit.event.EventException: null
	at org.bukkit.plugin.java.JavaPluginLoader$1.execute(JavaPluginLoader.java:310) ~[spigot-api-1.21.4-R0.1-SNAPSHOT.jar:?]
	at org.bukkit.plugin.RegisteredListener.callEvent(RegisteredListener.java:70) ~[spigot-api-1.21.4-R0.1-SNAPSHOT.jar:?]
	at org.bukkit.plugin.SimplePluginManager.fireEvent(SimplePluginManager.java:601) ~[spigot-api-1.21.4-R0.1-SNAPSHOT.jar:?]
	at org.bukkit.plugin.SimplePluginManager.callEvent(SimplePluginManager.java:588) ~[spigot-api-1.21.4-R0.1-SNAPSHOT.jar:?]
	at com.sk89q.worldguard.bukkit.util.Events.fireToCancel(Events.java:74) ~[?:?]
	at com.sk89q.worldguard.bukkit.listener.EventAbstractionListener.onBlockIgnite(EventAbstractionListener.java:632) ~[?:?]
	at java.base/jdk.internal.reflect.DirectMethodHandleAccessor.invoke(DirectMethodHandleAccessor.java:103) ~[?:?]
	at java.base/java.lang.reflect.Method.invoke(Method.java:580) ~[?:?]
	at org.bukkit.plugin.java.JavaPluginLoader$1.execute(JavaPluginLoader.java:306) ~[spigot-api-1.21.4-R0.1-SNAPSHOT.jar:?]
	at org.bukkit.plugin.RegisteredListener.callEvent(RegisteredListener.java:70) ~[spigot-api-1.21.4-R0.1-SNAPSHOT.jar:?]
	at org.bukkit.plugin.SimplePluginManager.fireEvent(SimplePluginManager.java:601) ~[spigot-api-1.21.4-R0.1-SNAPSHOT.jar:?]
	at org.bukkit.plugin.SimplePluginManager.callEvent(SimplePluginManager.java:588) ~[spigot-api-1.21.4-R0.1-SNAPSHOT.jar:?]
	at org.bukkit.craftbukkit.v1_21_R3.event.CraftEventFactory.callBlockIgniteEvent(CraftEventFactory.java:1431) ~[spigot-1.21.4-R0.1-SNAPSHOT.jar:4446-Spigot-e5a64e7-e954502]
	at net.minecraft.world.level.material.FluidTypeLava.a(FluidTypeLava.java:90) ~[spigot-1.21.4-R0.1-SNAPSHOT.jar:4446-Spigot-e5a64e7-e954502]
	at net.minecraft.world.level.material.Fluid.a(SourceFile:92) ~[spigot-1.21.4-R0.1-SNAPSHOT.jar:4446-Spigot-e5a64e7-e954502]
	at net.minecraft.world.level.block.BlockFluids.b(BlockFluids.java:101) ~[spigot-1.21.4-R0.1-SNAPSHOT.jar:4446-Spigot-e5a64e7-e954502]
	at net.minecraft.world.level.block.state.BlockBase$BlockData.b(BlockBase.java:1166) ~[spigot-1.21.4-R0.1-SNAPSHOT.jar:4446-Spigot-e5a64e7-e954502]
	at net.minecraft.server.level.WorldServer.a(WorldServer.java:569) ~[spigot-1.21.4-R0.1-SNAPSHOT.jar:4446-Spigot-e5a64e7-e954502]
	at net.minecraft.server.level.ChunkProviderServer.a(ChunkProviderServer.java:478) ~[spigot-1.21.4-R0.1-SNAPSHOT.jar:4446-Spigot-e5a64e7-e954502]
	at net.minecraft.server.level.ChunkProviderServer.t(ChunkProviderServer.java:406) ~[spigot-1.21.4-R0.1-SNAPSHOT.jar:4446-Spigot-e5a64e7-e954502]
	at net.minecraft.server.level.ChunkProviderServer.a(ChunkProviderServer.java:375) ~[spigot-1.21.4-R0.1-SNAPSHOT.jar:4446-Spigot-e5a64e7-e954502]
	at net.minecraft.server.level.WorldServer.a(WorldServer.java:403) ~[spigot-1.21.4-R0.1-SNAPSHOT.jar:4446-Spigot-e5a64e7-e954502]
	at net.minecraft.server.MinecraftServer.c(MinecraftServer.java:1549) ~[spigot-1.21.4-R0.1-SNAPSHOT.jar:4446-Spigot-e5a64e7-e954502]
	at net.minecraft.server.MinecraftServer.a(MinecraftServer.java:1391) ~[spigot-1.21.4-R0.1-SNAPSHOT.jar:4446-Spigot-e5a64e7-e954502]
	at net.minecraft.server.MinecraftServer.y(MinecraftServer.java:1093) ~[spigot-1.21.4-R0.1-SNAPSHOT.jar:4446-Spigot-e5a64e7-e954502]
	at net.minecraft.server.MinecraftServer.lambda$spin$0(MinecraftServer.java:329) ~[spigot-1.21.4-R0.1-SNAPSHOT.jar:4446-Spigot-e5a64e7-e954502]
	at java.base/java.lang.Thread.run(Thread.java:1583) [?:?]
Caused by: java.lang.NoClassDefFoundError: Could not initialize class com.sk89q.worldguard.bukkit.util.Materials
	at com.sk89q.worldguard.bukkit.listener.RegionFlagsListener.onPlaceBlock(RegionFlagsListener.java:67) ~[?:?]
	at java.base/jdk.internal.reflect.DirectMethodHandleAccessor.invoke(DirectMethodHandleAccessor.java:103) ~[?:?]
	at java.base/java.lang.reflect.Method.invoke(Method.java:580) ~[?:?]
	at org.bukkit.plugin.java.JavaPluginLoader$1.execute(JavaPluginLoader.java:306) ~[spigot-api-1.21.4-R0.1-SNAPSHOT.jar:?]
	... 26 more
Caused by: java.lang.ExceptionInInitializerError: Exception java.lang.NoSuchFieldError: Class org.bukkit.Tag does not have member field 'org.bukkit.Tag ITEMS_TRIM_TEMPLATES' [in thread "Server thread"]
	at com.sk89q.worldguard.bukkit.util.Materials.<clinit>(Materials.java:913) ~[?:?]
	at com.sk89q.worldguard.bukkit.listener.RegionFlagsListener.onPlaceBlock(RegionFlagsListener.java:67) ~[?:?]
	at java.base/jdk.internal.reflect.DirectMethodHandleAccessor.invoke(DirectMethodHandleAccessor.java:103) ~[?:?]
	at java.base/java.lang.reflect.Method.invoke(Method.java:580) ~[?:?]
	at org.bukkit.plugin.java.JavaPluginLoader$1.execute(JavaPluginLoader.java:306) ~[spigot-api-1.21.4-R0.1-SNAPSHOT.jar:?]
	... 26 more
[07:41:59] [Server thread/ERROR]: Could not pass event PlaceBlockEvent to WorldGuard v7.0.11+068ad68
org.bukkit.event.EventException: null
	at org.bukkit.plugin.java.JavaPluginLoader$1.execute(JavaPluginLoader.java:310) ~[spigot-api-1.21.4-R0.1-SNAPSHOT.jar:?]
	at org.bukkit.plugin.RegisteredListener.callEvent(RegisteredListener.java:70) ~[spigot-api-1.21.4-R0.1-SNAPSHOT.jar:?]
	at org.bukkit.plugin.SimplePluginManager.fireEvent(SimplePluginManager.java:601) ~[spigot-api-1.21.4-R0.1-SNAPSHOT.jar:?]
	at org.bukkit.plugin.SimplePluginManager.callEvent(SimplePluginManager.java:588) ~[spigot-api-1.21.4-R0.1-SNAPSHOT.jar:?]
	at com.sk89q.worldguard.bukkit.util.Events.fireToCancel(Events.java:74) ~[?:?]
	at com.sk89q.worldguard.bukkit.listener.EventAbstractionListener.onBlockIgnite(EventAbstractionListener.java:632) ~[?:?]
	at java.base/jdk.internal.reflect.DirectMethodHandleAccessor.invoke(DirectMethodHandleAccessor.java:103) ~[?:?]
	at java.base/java.lang.reflect.Method.invoke(Method.java:580) ~[?:?]
	at org.bukkit.plugin.java.JavaPluginLoader$1.execute(JavaPluginLoader.java:306) ~[spigot-api-1.21.4-R0.1-SNAPSHOT.jar:?]
	at org.bukkit.plugin.RegisteredListener.callEvent(RegisteredListener.java:70) ~[spigot-api-1.21.4-R0.1-SNAPSHOT.jar:?]
	at org.bukkit.plugin.SimplePluginManager.fireEvent(SimplePluginManager.java:601) ~[spigot-api-1.21.4-R0.1-SNAPSHOT.jar:?]
	at org.bukkit.plugin.SimplePluginManager.callEvent(SimplePluginManager.java:588) ~[spigot-api-1.21.4-R0.1-SNAPSHOT.jar:?]
	at org.bukkit.craftbukkit.v1_21_R3.event.CraftEventFactory.callBlockIgniteEvent(CraftEventFactory.java:1431) ~[spigot-1.21.4-R0.1-SNAPSHOT.jar:4446-Spigot-e5a64e7-e954502]
	at net.minecraft.world.level.material.FluidTypeLava.a(FluidTypeLava.java:90) ~[spigot-1.21.4-R0.1-SNAPSHOT.jar:4446-Spigot-e5a64e7-e954502]
	at net.minecraft.world.level.material.Fluid.a(SourceFile:92) ~[spigot-1.21.4-R0.1-SNAPSHOT.jar:4446-Spigot-e5a64e7-e954502]
	at net.minecraft.world.level.block.BlockFluids.b(BlockFluids.java:101) ~[spigot-1.21.4-R0.1-SNAPSHOT.jar:4446-Spigot-e5a64e7-e954502]
	at net.minecraft.world.level.block.state.BlockBase$BlockData.b(BlockBase.java:1166) ~[spigot-1.21.4-R0.1-SNAPSHOT.jar:4446-Spigot-e5a64e7-e954502]
	at net.minecraft.server.level.WorldServer.a(WorldServer.java:569) ~[spigot-1.21.4-R0.1-SNAPSHOT.jar:4446-Spigot-e5a64e7-e954502]
	at net.minecraft.server.level.ChunkProviderServer.a(ChunkProviderServer.java:478) ~[spigot-1.21.4-R0.1-SNAPSHOT.jar:4446-Spigot-e5a64e7-e954502]
	at net.minecraft.server.level.ChunkProviderServer.t(ChunkProviderServer.java:406) ~[spigot-1.21.4-R0.1-SNAPSHOT.jar:4446-Spigot-e5a64e7-e954502]
	at net.minecraft.server.level.ChunkProviderServer.a(ChunkProviderServer.java:375) ~[spigot-1.21.4-R0.1-SNAPSHOT.jar:4446-Spigot-e5a64e7-e954502]
	at net.minecraft.server.level.WorldServer.a(WorldServer.java:403) ~[spigot-1.21.4-R0.1-SNAPSHOT.jar:4446-Spigot-e5a64e7-e954502]
	at net.minecraft.server.MinecraftServer.c(MinecraftServer.java:1549) ~[spigot-1.21.4-R0.1-SNAPSHOT.jar:4446-Spigot-e5a64e7-e954502]
	at net.minecraft.server.MinecraftServer.a(MinecraftServer.java:1391) ~[spigot-1.21.4-R0.1-SNAPSHOT.jar:4446-Spigot-e5a64e7-e954502]
	at net.minecraft.server.MinecraftServer.y(MinecraftServer.java:1093) ~[spigot-1.21.4-R0.1-SNAPSHOT.jar:4446-Spigot-e5a64e7-e954502]
	at net.minecraft.server.MinecraftServer.lambda$spin$0(MinecraftServer.java:329) ~[spigot-1.21.4-R0.1-SNAPSHOT.jar:4446-Spigot-e5a64e7-e954502]
	at java.base/java.lang.Thread.run(Thread.java:1583) [?:?]
Caused by: java.lang.NoClassDefFoundError: Could not initialize class com.sk89q.worldguard.bukkit.util.Materials
	at com.sk89q.worldguard.bukkit.listener.RegionProtectionListener.onPlaceBlock(RegionProtectionListener.java:165) ~[?:?]
	at java.base/jdk.internal.reflect.DirectMethodHandleAccessor.invoke(DirectMethodHandleAccessor.java:103) ~[?:?]
	at java.base/java.lang.reflect.Method.invoke(Method.java:580) ~[?:?]
	at org.bukkit.plugin.java.JavaPluginLoader$1.execute(JavaPluginLoader.java:306) ~[spigot-api-1.21.4-R0.1-SNAPSHOT.jar:?]
	... 26 more
Caused by: java.lang.ExceptionInInitializerError: Exception java.lang.NoSuchFieldError: Class org.bukkit.Tag does not have member field 'org.bukkit.Tag ITEMS_TRIM_TEMPLATES' [in thread "Server thread"]
	at com.sk89q.worldguard.bukkit.util.Materials.<clinit>(Materials.java:913) ~[?:?]
	at com.sk89q.worldguard.bukkit.listener.RegionFlagsListener.onPlaceBlock(RegionFlagsListener.java:67) ~[?:?]
	at java.base/jdk.internal.reflect.DirectMethodHandleAccessor.invoke(DirectMethodHandleAccessor.java:103) ~[?:?]
	at java.base/java.lang.reflect.Method.invoke(Method.java:580) ~[?:?]
	at org.bukkit.plugin.java.JavaPluginLoader$1.execute(JavaPluginLoader.java:306) ~[spigot-api-1.21.4-R0.1-SNAPSHOT.jar:?]
	... 26 more
[07:41:59] [Server thread/ERROR]: Could not pass event BlockFadeEvent to WorldGuard v7.0.11+068ad68
org.bukkit.event.EventException: null
	at org.bukkit.plugin.java.JavaPluginLoader$1.execute(JavaPluginLoader.java:310) ~[spigot-api-1.21.4-R0.1-SNAPSHOT.jar:?]
	at org.bukkit.plugin.RegisteredListener.callEvent(RegisteredListener.java:70) ~[spigot-api-1.21.4-R0.1-SNAPSHOT.jar:?]
	at org.bukkit.plugin.SimplePluginManager.fireEvent(SimplePluginManager.java:601) ~[spigot-api-1.21.4-R0.1-SNAPSHOT.jar:?]
	at org.bukkit.plugin.SimplePluginManager.callEvent(SimplePluginManager.java:588) ~[spigot-api-1.21.4-R0.1-SNAPSHOT.jar:?]
	at org.bukkit.craftbukkit.v1_21_R3.event.CraftEventFactory.callBlockFadeEvent(CraftEventFactory.java:879) ~[spigot-1.21.4-R0.1-SNAPSHOT.jar:4446-Spigot-e5a64e7-e954502]
	at net.minecraft.world.level.block.BlockFireAbstract.fireExtinguished(BlockFireAbstract.java:230) ~[spigot-1.21.4-R0.1-SNAPSHOT.jar:4446-Spigot-e5a64e7-e954502]
	at net.minecraft.world.level.block.BlockFireAbstract.onPlace(BlockFireAbstract.java:172) ~[spigot-1.21.4-R0.1-SNAPSHOT.jar:4446-Spigot-e5a64e7-e954502]
	at net.minecraft.world.level.block.BlockFire.onPlace(BlockFire.java:367) ~[spigot-1.21.4-R0.1-SNAPSHOT.jar:4446-Spigot-e5a64e7-e954502]
	at net.minecraft.world.level.block.state.BlockBase$BlockData.onPlace(BlockBase.java:1149) ~[spigot-1.21.4-R0.1-SNAPSHOT.jar:4446-Spigot-e5a64e7-e954502]
	at net.minecraft.world.level.block.state.BlockBase$BlockData.a(BlockBase.java:1145) ~[spigot-1.21.4-R0.1-SNAPSHOT.jar:4446-Spigot-e5a64e7-e954502]
	at net.minecraft.world.level.chunk.Chunk.setBlockState(Chunk.java:345) ~[spigot-1.21.4-R0.1-SNAPSHOT.jar:4446-Spigot-e5a64e7-e954502]
	at net.minecraft.world.level.World.a(World.java:344) ~[spigot-1.21.4-R0.1-SNAPSHOT.jar:4446-Spigot-e5a64e7-e954502]
	at net.minecraft.world.level.World.a(World.java:310) ~[spigot-1.21.4-R0.1-SNAPSHOT.jar:4446-Spigot-e5a64e7-e954502]
	at net.minecraft.world.level.World.b(World.java:493) ~[spigot-1.21.4-R0.1-SNAPSHOT.jar:4446-Spigot-e5a64e7-e954502]
	at net.minecraft.world.level.material.FluidTypeLava.a(FluidTypeLava.java:95) ~[spigot-1.21.4-R0.1-SNAPSHOT.jar:4446-Spigot-e5a64e7-e954502]
	at net.minecraft.world.level.material.Fluid.a(SourceFile:92) ~[spigot-1.21.4-R0.1-SNAPSHOT.jar:4446-Spigot-e5a64e7-e954502]
	at net.minecraft.world.level.block.BlockFluids.b(BlockFluids.java:101) ~[spigot-1.21.4-R0.1-SNAPSHOT.jar:4446-Spigot-e5a64e7-e954502]
	at net.minecraft.world.level.block.state.BlockBase$BlockData.b(BlockBase.java:1166) ~[spigot-1.21.4-R0.1-SNAPSHOT.jar:4446-Spigot-e5a64e7-e954502]
	at net.minecraft.server.level.WorldServer.a(WorldServer.java:569) ~[spigot-1.21.4-R0.1-SNAPSHOT.jar:4446-Spigot-e5a64e7-e954502]
	at net.minecraft.server.level.ChunkProviderServer.a(ChunkProviderServer.java:478) ~[spigot-1.21.4-R0.1-SNAPSHOT.jar:4446-Spigot-e5a64e7-e954502]
	at net.minecraft.server.level.ChunkProviderServer.t(ChunkProviderServer.java:406) ~[spigot-1.21.4-R0.1-SNAPSHOT.jar:4446-Spigot-e5a64e7-e954502]
	at net.minecraft.server.level.ChunkProviderServer.a(ChunkProviderServer.java:375) ~[spigot-1.21.4-R0.1-SNAPSHOT.jar:4446-Spigot-e5a64e7-e954502]
	at net.minecraft.server.level.WorldServer.a(WorldServer.java:403) ~[spigot-1.21.4-R0.1-SNAPSHOT.jar:4446-Spigot-e5a64e7-e954502]
	at net.minecraft.server.MinecraftServer.c(MinecraftServer.java:1549) ~[spigot-1.21.4-R0.1-SNAPSHOT.jar:4446-Spigot-e5a64e7-e954502]
	at net.minecraft.server.MinecraftServer.a(MinecraftServer.java:1391) ~[spigot-1.21.4-R0.1-SNAPSHOT.jar:4446-Spigot-e5a64e7-e954502]
	at net.minecraft.server.MinecraftServer.y(MinecraftServer.java:1093) ~[spigot-1.21.4-R0.1-SNAPSHOT.jar:4446-Spigot-e5a64e7-e954502]
	at net.minecraft.server.MinecraftServer.lambda$spin$0(MinecraftServer.java:329) ~[spigot-1.21.4-R0.1-SNAPSHOT.jar:4446-Spigot-e5a64e7-e954502]
	at java.base/java.lang.Thread.run(Thread.java:1583) [?:?]
Caused by: java.lang.NoClassDefFoundError: Could not initialize class com.sk89q.worldguard.bukkit.util.Materials
	at com.sk89q.worldguard.bukkit.listener.WorldGuardBlockListener.onBlockFade(WorldGuardBlockListener.java:702) ~[?:?]
	at java.base/jdk.internal.reflect.DirectMethodHandleAccessor.invoke(DirectMethodHandleAccessor.java:103) ~[?:?]
	at java.base/java.lang.reflect.Method.invoke(Method.java:580) ~[?:?]
	at org.bukkit.plugin.java.JavaPluginLoader$1.execute(JavaPluginLoader.java:306) ~[spigot-api-1.21.4-R0.1-SNAPSHOT.jar:?]
	... 27 more
Caused by: java.lang.ExceptionInInitializerError: Exception java.lang.NoSuchFieldError: Class org.bukkit.Tag does not have member field 'org.bukkit.Tag ITEMS_TRIM_TEMPLATES' [in thread "Server thread"]
	at com.sk89q.worldguard.bukkit.util.Materials.<clinit>(Materials.java:913) ~[?:?]
	at com.sk89q.worldguard.bukkit.listener.RegionFlagsListener.onPlaceBlock(RegionFlagsListener.java:67) ~[?:?]
	at java.base/jdk.internal.reflect.DirectMethodHandleAccessor.invoke(DirectMethodHandleAccessor.java:103) ~[?:?]
	at java.base/java.lang.reflect.Method.invoke(Method.java:580) ~[?:?]
	at org.bukkit.plugin.java.JavaPluginLoader$1.execute(JavaPluginLoader.java:306) ~[spigot-api-1.21.4-R0.1-SNAPSHOT.jar:?]
	at org.bukkit.plugin.RegisteredListener.callEvent(RegisteredListener.java:70) ~[spigot-api-1.21.4-R0.1-SNAPSHOT.jar:?]
	at org.bukkit.plugin.SimplePluginManager.fireEvent(SimplePluginManager.java:601) ~[spigot-api-1.21.4-R0.1-SNAPSHOT.jar:?]
	at org.bukkit.plugin.SimplePluginManager.callEvent(SimplePluginManager.java:588) ~[spigot-api-1.21.4-R0.1-SNAPSHOT.jar:?]
	at com.sk89q.worldguard.bukkit.util.Events.fireToCancel(Events.java:74) ~[?:?]
	at com.sk89q.worldguard.bukkit.listener.EventAbstractionListener.onBlockIgnite(EventAbstractionListener.java:632) ~[?:?]
	at java.base/jdk.internal.reflect.DirectMethodHandleAccessor.invoke(DirectMethodHandleAccessor.java:103) ~[?:?]
	at java.base/java.lang.reflect.Method.invoke(Method.java:580) ~[?:?]
	at org.bukkit.plugin.java.JavaPluginLoader$1.execute(JavaPluginLoader.java:306) ~[spigot-api-1.21.4-R0.1-SNAPSHOT.jar:?]
	at org.bukkit.plugin.RegisteredListener.callEvent(RegisteredListener.java:70) ~[spigot-api-1.21.4-R0.1-SNAPSHOT.jar:?]
	at org.bukkit.plugin.SimplePluginManager.fireEvent(SimplePluginManager.java:601) ~[spigot-api-1.21.4-R0.1-SNAPSHOT.jar:?]
	at org.bukkit.plugin.SimplePluginManager.callEvent(SimplePluginManager.java:588) ~[spigot-api-1.21.4-R0.1-SNAPSHOT.jar:?]
	at org.bukkit.craftbukkit.v1_21_R3.event.CraftEventFactory.callBlockIgniteEvent(CraftEventFactory.java:1431) ~[spigot-1.21.4-R0.1-SNAPSHOT.jar:4446-Spigot-e5a64e7-e954502]
	at net.minecraft.world.level.material.FluidTypeLava.a(FluidTypeLava.java:90) ~[spigot-1.21.4-R0.1-SNAPSHOT.jar:4446-Spigot-e5a64e7-e954502]
	... 13 more
[07:42:24] [Server thread/INFO]: come219 lost connection: Disconnected
[07:42:26] [Server thread/INFO]: come219 left the game
[07:42:55] [Server thread/WARN]: Can't keep up! Is the server overloaded? Running 2717ms or 54 ticks behind
[07:43:27] [Server thread/INFO]: Server empty for 60 seconds, pausing
[07:46:25] [User Authenticator #2/INFO]: UUID of player fergon1441 is d477da7f-3bb8-4a0f-a8d7-6ba5ff9d2105
[07:46:27] [Server thread/INFO]: fergon1441 joined the game
[07:46:27] [Server thread/INFO]: fergon1441[/69.250.203.48:56101] logged in with entity id 1207 at ([world_the_end]-1841.0699285847359, 62.41999998688698, 837.6665475317646)
[07:46:37] [Server thread/INFO]: fergon1441 issued server command: /world KillGod_the_end
[07:46:44] [Server thread/INFO]: fergon1441 issued server command: /gm 1
[07:46:50] [Server thread/INFO]: fergon1441 issued server command: /world KillGod_the_end
[07:46:54] [Server thread/INFO]: fergon1441 issued server command: /gm 1
[07:46:57] [Server thread/INFO]: fergon1441 fell out of the world
[07:47:02] [Server thread/WARN]: Can't keep up! Is the server overloaded? Running 3314ms or 66 ticks behind
[07:47:04] [Server thread/INFO]: fergon1441 issued server command: /gm 1
[07:47:06] [Server thread/ERROR]: Could not pass event BlockGrowEvent to WorldGuard v7.0.11+068ad68
org.bukkit.event.EventException: null
	at org.bukkit.plugin.java.JavaPluginLoader$1.execute(JavaPluginLoader.java:310) ~[spigot-api-1.21.4-R0.1-SNAPSHOT.jar:?]
	at org.bukkit.plugin.RegisteredListener.callEvent(RegisteredListener.java:70) ~[spigot-api-1.21.4-R0.1-SNAPSHOT.jar:?]
	at org.bukkit.plugin.SimplePluginManager.fireEvent(SimplePluginManager.java:601) ~[spigot-api-1.21.4-R0.1-SNAPSHOT.jar:?]
	at org.bukkit.plugin.SimplePluginManager.callEvent(SimplePluginManager.java:588) ~[spigot-api-1.21.4-R0.1-SNAPSHOT.jar:?]
	at org.bukkit.craftbukkit.v1_21_R3.event.CraftEventFactory.handleBlockGrowEvent(CraftEventFactory.java:1206) ~[spigot-1.21.4-R0.1-SNAPSHOT.jar:4446-Spigot-e5a64e7-e954502]
	at net.minecraft.world.level.block.BlockCrops.b(BlockCrops.java:101) ~[spigot-1.21.4-R0.1-SNAPSHOT.jar:4446-Spigot-e5a64e7-e954502]
	at net.minecraft.world.level.block.BlockBeetroot.b(SourceFile:59) ~[spigot-1.21.4-R0.1-SNAPSHOT.jar:4446-Spigot-e5a64e7-e954502]
	at net.minecraft.world.level.block.state.BlockBase$BlockData.b(BlockBase.java:1166) ~[spigot-1.21.4-R0.1-SNAPSHOT.jar:4446-Spigot-e5a64e7-e954502]
	at net.minecraft.server.level.WorldServer.a(WorldServer.java:569) ~[spigot-1.21.4-R0.1-SNAPSHOT.jar:4446-Spigot-e5a64e7-e954502]
	at net.minecraft.server.level.ChunkProviderServer.a(ChunkProviderServer.java:478) ~[spigot-1.21.4-R0.1-SNAPSHOT.jar:4446-Spigot-e5a64e7-e954502]
	at net.minecraft.server.level.ChunkProviderServer.t(ChunkProviderServer.java:406) ~[spigot-1.21.4-R0.1-SNAPSHOT.jar:4446-Spigot-e5a64e7-e954502]
	at net.minecraft.server.level.ChunkProviderServer.a(ChunkProviderServer.java:375) ~[spigot-1.21.4-R0.1-SNAPSHOT.jar:4446-Spigot-e5a64e7-e954502]
	at net.minecraft.server.level.WorldServer.a(WorldServer.java:403) ~[spigot-1.21.4-R0.1-SNAPSHOT.jar:4446-Spigot-e5a64e7-e954502]
	at net.minecraft.server.MinecraftServer.c(MinecraftServer.java:1549) ~[spigot-1.21.4-R0.1-SNAPSHOT.jar:4446-Spigot-e5a64e7-e954502]
	at net.minecraft.server.MinecraftServer.a(MinecraftServer.java:1391) ~[spigot-1.21.4-R0.1-SNAPSHOT.jar:4446-Spigot-e5a64e7-e954502]
	at net.minecraft.server.MinecraftServer.y(MinecraftServer.java:1093) ~[spigot-1.21.4-R0.1-SNAPSHOT.jar:4446-Spigot-e5a64e7-e954502]
	at net.minecraft.server.MinecraftServer.lambda$spin$0(MinecraftServer.java:329) ~[spigot-1.21.4-R0.1-SNAPSHOT.jar:4446-Spigot-e5a64e7-e954502]
	at java.base/java.lang.Thread.run(Thread.java:1583) [?:?]
Caused by: java.lang.NoClassDefFoundError: Could not initialize class com.sk89q.worldguard.bukkit.util.Materials
	at com.sk89q.worldguard.bukkit.listener.WorldGuardBlockListener.handleGrow(WorldGuardBlockListener.java:642) ~[?:?]
	at com.sk89q.worldguard.bukkit.listener.WorldGuardBlockListener.onBlockGrow(WorldGuardBlockListener.java:637) ~[?:?]
	at java.base/jdk.internal.reflect.DirectMethodHandleAccessor.invoke(DirectMethodHandleAccessor.java:103) ~[?:?]
	at java.base/java.lang.reflect.Method.invoke(Method.java:580) ~[?:?]
	at org.bukkit.plugin.java.JavaPluginLoader$1.execute(JavaPluginLoader.java:306) ~[spigot-api-1.21.4-R0.1-SNAPSHOT.jar:?]
	... 17 more
Caused by: java.lang.ExceptionInInitializerError: Exception java.lang.NoSuchFieldError: Class org.bukkit.Tag does not have member field 'org.bukkit.Tag ITEMS_TRIM_TEMPLATES' [in thread "Server thread"]
	at com.sk89q.worldguard.bukkit.util.Materials.<clinit>(Materials.java:913) ~[?:?]
	at com.sk89q.worldguard.bukkit.listener.RegionFlagsListener.onPlaceBlock(RegionFlagsListener.java:67) ~[?:?]
	at java.base/jdk.internal.reflect.DirectMethodHandleAccessor.invoke(DirectMethodHandleAccessor.java:103) ~[?:?]
	at java.base/java.lang.reflect.Method.invoke(Method.java:580) ~[?:?]
	at org.bukkit.plugin.java.JavaPluginLoader$1.execute(JavaPluginLoader.java:306) ~[spigot-api-1.21.4-R0.1-SNAPSHOT.jar:?]
	at org.bukkit.plugin.RegisteredListener.callEvent(RegisteredListener.java:70) ~[spigot-api-1.21.4-R0.1-SNAPSHOT.jar:?]
	at org.bukkit.plugin.SimplePluginManager.fireEvent(SimplePluginManager.java:601) ~[spigot-api-1.21.4-R0.1-SNAPSHOT.jar:?]
	at org.bukkit.plugin.SimplePluginManager.callEvent(SimplePluginManager.java:588) ~[spigot-api-1.21.4-R0.1-SNAPSHOT.jar:?]
	at com.sk89q.worldguard.bukkit.util.Events.fireToCancel(Events.java:74) ~[?:?]
	at com.sk89q.worldguard.bukkit.listener.EventAbstractionListener.onBlockIgnite(EventAbstractionListener.java:632) ~[?:?]
	at java.base/jdk.internal.reflect.DirectMethodHandleAccessor.invoke(DirectMethodHandleAccessor.java:103) ~[?:?]
	at java.base/java.lang.reflect.Method.invoke(Method.java:580) ~[?:?]
	at org.bukkit.plugin.java.JavaPluginLoader$1.execute(JavaPluginLoader.java:306) ~[spigot-api-1.21.4-R0.1-SNAPSHOT.jar:?]
	at org.bukkit.plugin.RegisteredListener.callEvent(RegisteredListener.java:70) ~[spigot-api-1.21.4-R0.1-SNAPSHOT.jar:?]
	at org.bukkit.plugin.SimplePluginManager.fireEvent(SimplePluginManager.java:601) ~[spigot-api-1.21.4-R0.1-SNAPSHOT.jar:?]
	at org.bukkit.plugin.SimplePluginManager.callEvent(SimplePluginManager.java:588) ~[spigot-api-1.21.4-R0.1-SNAPSHOT.jar:?]
	at org.bukkit.craftbukkit.v1_21_R3.event.CraftEventFactory.callBlockIgniteEvent(CraftEventFactory.java:1431) ~[spigot-1.21.4-R0.1-SNAPSHOT.jar:4446-Spigot-e5a64e7-e954502]
	at net.minecraft.world.level.material.FluidTypeLava.a(FluidTypeLava.java:90) ~[spigot-1.21.4-R0.1-SNAPSHOT.jar:4446-Spigot-e5a64e7-e954502]
	at net.minecraft.world.level.material.Fluid.a(SourceFile:92) ~[spigot-1.21.4-R0.1-SNAPSHOT.jar:4446-Spigot-e5a64e7-e954502]
	at net.minecraft.world.level.block.BlockFluids.b(BlockFluids.java:101) ~[spigot-1.21.4-R0.1-SNAPSHOT.jar:4446-Spigot-e5a64e7-e954502]
	... 11 more
[07:47:07] [Server thread/ERROR]: Could not pass event BlockSpreadEvent to WorldGuard v7.0.11+068ad68
org.bukkit.event.EventException: null
	at org.bukkit.plugin.java.JavaPluginLoader$1.execute(JavaPluginLoader.java:310) ~[spigot-api-1.21.4-R0.1-SNAPSHOT.jar:?]
	at org.bukkit.plugin.RegisteredListener.callEvent(RegisteredListener.java:70) ~[spigot-api-1.21.4-R0.1-SNAPSHOT.jar:?]
	at org.bukkit.plugin.SimplePluginManager.fireEvent(SimplePluginManager.java:601) ~[spigot-api-1.21.4-R0.1-SNAPSHOT.jar:?]
	at org.bukkit.plugin.SimplePluginManager.callEvent(SimplePluginManager.java:588) ~[spigot-api-1.21.4-R0.1-SNAPSHOT.jar:?]
	at org.bukkit.craftbukkit.v1_21_R3.event.CraftEventFactory.handleBlockSpreadEvent(CraftEventFactory.java:913) ~[spigot-1.21.4-R0.1-SNAPSHOT.jar:4446-Spigot-e5a64e7-e954502]
	at org.bukkit.craftbukkit.v1_21_R3.event.CraftEventFactory.handleBlockSpreadEvent(CraftEventFactory.java:897) ~[spigot-1.21.4-R0.1-SNAPSHOT.jar:4446-Spigot-e5a64e7-e954502]
	at net.minecraft.world.level.block.BlockDirtSnowSpreadable.b(BlockDirtSnowSpreadable.java:61) ~[spigot-1.21.4-R0.1-SNAPSHOT.jar:4446-Spigot-e5a64e7-e954502]
	at net.minecraft.world.level.block.state.BlockBase$BlockData.b(BlockBase.java:1166) ~[spigot-1.21.4-R0.1-SNAPSHOT.jar:4446-Spigot-e5a64e7-e954502]
	at net.minecraft.server.level.WorldServer.a(WorldServer.java:569) ~[spigot-1.21.4-R0.1-SNAPSHOT.jar:4446-Spigot-e5a64e7-e954502]
	at net.minecraft.server.level.ChunkProviderServer.a(ChunkProviderServer.java:478) ~[spigot-1.21.4-R0.1-SNAPSHOT.jar:4446-Spigot-e5a64e7-e954502]
	at net.minecraft.server.level.ChunkProviderServer.t(ChunkProviderServer.java:406) ~[spigot-1.21.4-R0.1-SNAPSHOT.jar:4446-Spigot-e5a64e7-e954502]
	at net.minecraft.server.level.ChunkProviderServer.a(ChunkProviderServer.java:375) ~[spigot-1.21.4-R0.1-SNAPSHOT.jar:4446-Spigot-e5a64e7-e954502]
	at net.minecraft.server.level.WorldServer.a(WorldServer.java:403) ~[spigot-1.21.4-R0.1-SNAPSHOT.jar:4446-Spigot-e5a64e7-e954502]
	at net.minecraft.server.MinecraftServer.c(MinecraftServer.java:1549) ~[spigot-1.21.4-R0.1-SNAPSHOT.jar:4446-Spigot-e5a64e7-e954502]
	at net.minecraft.server.MinecraftServer.a(MinecraftServer.java:1391) ~[spigot-1.21.4-R0.1-SNAPSHOT.jar:4446-Spigot-e5a64e7-e954502]
	at net.minecraft.server.MinecraftServer.y(MinecraftServer.java:1093) ~[spigot-1.21.4-R0.1-SNAPSHOT.jar:4446-Spigot-e5a64e7-e954502]
	at net.minecraft.server.MinecraftServer.lambda$spin$0(MinecraftServer.java:329) ~[spigot-1.21.4-R0.1-SNAPSHOT.jar:4446-Spigot-e5a64e7-e954502]
	at java.base/java.lang.Thread.run(Thread.java:1583) [?:?]
Caused by: java.lang.NoClassDefFoundError: Could not initialize class com.sk89q.worldguard.bukkit.util.Materials
	at com.sk89q.worldguard.bukkit.listener.WorldGuardBlockListener.onBlockSpread(WorldGuardBlockListener.java:553) ~[?:?]
	at java.base/jdk.internal.reflect.DirectMethodHandleAccessor.invoke(DirectMethodHandleAccessor.java:103) ~[?:?]
	at java.base/java.lang.reflect.Method.invoke(Method.java:580) ~[?:?]
	at org.bukkit.plugin.java.JavaPluginLoader$1.execute(JavaPluginLoader.java:306) ~[spigot-api-1.21.4-R0.1-SNAPSHOT.jar:?]
	... 17 more
Caused by: java.lang.ExceptionInInitializerError: Exception java.lang.NoSuchFieldError: Class org.bukkit.Tag does not have member field 'org.bukkit.Tag ITEMS_TRIM_TEMPLATES' [in thread "Server thread"]
	at com.sk89q.worldguard.bukkit.util.Materials.<clinit>(Materials.java:913) ~[?:?]
	at com.sk89q.worldguard.bukkit.listener.RegionFlagsListener.onPlaceBlock(RegionFlagsListener.java:67) ~[?:?]
	at java.base/jdk.internal.reflect.DirectMethodHandleAccessor.invoke(DirectMethodHandleAccessor.java:103) ~[?:?]
	at java.base/java.lang.reflect.Method.invoke(Method.java:580) ~[?:?]
	at org.bukkit.plugin.java.JavaPluginLoader$1.execute(JavaPluginLoader.java:306) ~[spigot-api-1.21.4-R0.1-SNAPSHOT.jar:?]
	at org.bukkit.plugin.RegisteredListener.callEvent(RegisteredListener.java:70) ~[spigot-api-1.21.4-R0.1-SNAPSHOT.jar:?]
	at org.bukkit.plugin.SimplePluginManager.fireEvent(SimplePluginManager.java:601) ~[spigot-api-1.21.4-R0.1-SNAPSHOT.jar:?]
	at org.bukkit.plugin.SimplePluginManager.callEvent(SimplePluginManager.java:588) ~[spigot-api-1.21.4-R0.1-SNAPSHOT.jar:?]
	at com.sk89q.worldguard.bukkit.util.Events.fireToCancel(Events.java:74) ~[?:?]
	at com.sk89q.worldguard.bukkit.listener.EventAbstractionListener.onBlockIgnite(EventAbstractionListener.java:632) ~[?:?]
	at java.base/jdk.internal.reflect.DirectMethodHandleAccessor.invoke(DirectMethodHandleAccessor.java:103) ~[?:?]
	at java.base/java.lang.reflect.Method.invoke(Method.java:580) ~[?:?]
	at org.bukkit.plugin.java.JavaPluginLoader$1.execute(JavaPluginLoader.java:306) ~[spigot-api-1.21.4-R0.1-SNAPSHOT.jar:?]
	at org.bukkit.plugin.RegisteredListener.callEvent(RegisteredListener.java:70) ~[spigot-api-1.21.4-R0.1-SNAPSHOT.jar:?]
	at org.bukkit.plugin.SimplePluginManager.fireEvent(SimplePluginManager.java:601) ~[spigot-api-1.21.4-R0.1-SNAPSHOT.jar:?]
	at org.bukkit.plugin.SimplePluginManager.callEvent(SimplePluginManager.java:588) ~[spigot-api-1.21.4-R0.1-SNAPSHOT.jar:?]
	at org.bukkit.craftbukkit.v1_21_R3.event.CraftEventFactory.callBlockIgniteEvent(CraftEventFactory.java:1431) ~[spigot-1.21.4-R0.1-SNAPSHOT.jar:4446-Spigot-e5a64e7-e954502]
	at net.minecraft.world.level.material.FluidTypeLava.a(FluidTypeLava.java:90) ~[spigot-1.21.4-R0.1-SNAPSHOT.jar:4446-Spigot-e5a64e7-e954502]
	at net.minecraft.world.level.material.Fluid.a(SourceFile:92) ~[spigot-1.21.4-R0.1-SNAPSHOT.jar:4446-Spigot-e5a64e7-e954502]
	at net.minecraft.world.level.block.BlockFluids.b(BlockFluids.java:101) ~[spigot-1.21.4-R0.1-SNAPSHOT.jar:4446-Spigot-e5a64e7-e954502]
	... 11 more
[07:47:07] [Server thread/ERROR]: Could not pass event PlaceBlockEvent to WorldGuard v7.0.11+068ad68
org.bukkit.event.EventException: null
	at org.bukkit.plugin.java.JavaPluginLoader$1.execute(JavaPluginLoader.java:310) ~[spigot-api-1.21.4-R0.1-SNAPSHOT.jar:?]
	at org.bukkit.plugin.RegisteredListener.callEvent(RegisteredListener.java:70) ~[spigot-api-1.21.4-R0.1-SNAPSHOT.jar:?]
	at org.bukkit.plugin.SimplePluginManager.fireEvent(SimplePluginManager.java:601) ~[spigot-api-1.21.4-R0.1-SNAPSHOT.jar:?]
	at org.bukkit.plugin.SimplePluginManager.callEvent(SimplePluginManager.java:588) ~[spigot-api-1.21.4-R0.1-SNAPSHOT.jar:?]
	at com.sk89q.worldguard.bukkit.util.Events.fireToCancel(Events.java:74) ~[?:?]
	at com.sk89q.worldguard.bukkit.listener.EventAbstractionListener.onEntityChangeBlock(EventAbstractionListener.java:356) ~[?:?]
	at java.base/jdk.internal.reflect.DirectMethodHandleAccessor.invoke(DirectMethodHandleAccessor.java:103) ~[?:?]
	at java.base/java.lang.reflect.Method.invoke(Method.java:580) ~[?:?]
	at org.bukkit.plugin.java.JavaPluginLoader$1.execute(JavaPluginLoader.java:306) ~[spigot-api-1.21.4-R0.1-SNAPSHOT.jar:?]
	at org.bukkit.plugin.RegisteredListener.callEvent(RegisteredListener.java:70) ~[spigot-api-1.21.4-R0.1-SNAPSHOT.jar:?]
	at org.bukkit.plugin.SimplePluginManager.fireEvent(SimplePluginManager.java:601) ~[spigot-api-1.21.4-R0.1-SNAPSHOT.jar:?]
	at org.bukkit.plugin.SimplePluginManager.callEvent(SimplePluginManager.java:588) ~[spigot-api-1.21.4-R0.1-SNAPSHOT.jar:?]
	at org.bukkit.craftbukkit.v1_21_R3.event.CraftEventFactory.callEntityChangeBlockEvent(CraftEventFactory.java:1265) ~[spigot-1.21.4-R0.1-SNAPSHOT.jar:4446-Spigot-e5a64e7-e954502]
	at org.bukkit.craftbukkit.v1_21_R3.event.CraftEventFactory.callEntityChangeBlockEvent(CraftEventFactory.java:1257) ~[spigot-1.21.4-R0.1-SNAPSHOT.jar:4446-Spigot-e5a64e7-e954502]
	at net.minecraft.world.entity.ai.behavior.BehaviorFarm.c(BehaviorFarm.java:130) ~[spigot-1.21.4-R0.1-SNAPSHOT.jar:4446-Spigot-e5a64e7-e954502]
	at net.minecraft.world.entity.ai.behavior.BehaviorFarm.c(BehaviorFarm.java:35) ~[spigot-1.21.4-R0.1-SNAPSHOT.jar:4446-Spigot-e5a64e7-e954502]
	at net.minecraft.world.entity.ai.behavior.Behavior.f(SourceFile:66) ~[spigot-1.21.4-R0.1-SNAPSHOT.jar:4446-Spigot-e5a64e7-e954502]
	at net.minecraft.world.entity.ai.behavior.BehaviorGate.b(SourceFile:72) ~[spigot-1.21.4-R0.1-SNAPSHOT.jar:4446-Spigot-e5a64e7-e954502]
	at java.base/java.util.stream.ForEachOps$ForEachOp$OfRef.accept(ForEachOps.java:184) ~[?:?]
	at java.base/java.util.stream.ReferencePipeline$2$1.accept(ReferencePipeline.java:179) ~[?:?]
	at java.base/java.util.stream.ReferencePipeline$3$1.accept(ReferencePipeline.java:197) ~[?:?]
	at java.base/java.util.ArrayList$ArrayListSpliterator.forEachRemaining(ArrayList.java:1708) ~[?:?]
	at java.base/java.util.stream.AbstractPipeline.copyInto(AbstractPipeline.java:509) ~[?:?]
	at java.base/java.util.stream.AbstractPipeline.wrapAndCopyInto(AbstractPipeline.java:499) ~[?:?]
	at java.base/java.util.stream.ForEachOps$ForEachOp.evaluateSequential(ForEachOps.java:151) ~[?:?]
	at java.base/java.util.stream.ForEachOps$ForEachOp$OfRef.evaluateSequential(ForEachOps.java:174) ~[?:?]
	at java.base/java.util.stream.AbstractPipeline.evaluate(AbstractPipeline.java:234) ~[?:?]
	at java.base/java.util.stream.ReferencePipeline.forEach(ReferencePipeline.java:596) ~[?:?]
	at net.minecraft.world.entity.ai.behavior.BehaviorGate.f(SourceFile:72) ~[spigot-1.21.4-R0.1-SNAPSHOT.jar:4446-Spigot-e5a64e7-e954502]
	at net.minecraft.world.entity.ai.BehaviorController.e(SourceFile:548) ~[spigot-1.21.4-R0.1-SNAPSHOT.jar:4446-Spigot-e5a64e7-e954502]
	at net.minecraft.world.entity.ai.BehaviorController.a(SourceFile:493) ~[spigot-1.21.4-R0.1-SNAPSHOT.jar:4446-Spigot-e5a64e7-e954502]
	at net.minecraft.world.entity.npc.EntityVillager.a(EntityVillager.java:249) ~[spigot-1.21.4-R0.1-SNAPSHOT.jar:4446-Spigot-e5a64e7-e954502]
	at net.minecraft.world.entity.npc.EntityVillager.inactiveTick(EntityVillager.java:238) ~[spigot-1.21.4-R0.1-SNAPSHOT.jar:4446-Spigot-e5a64e7-e954502]
	at net.minecraft.server.level.WorldServer.a(WorldServer.java:864) ~[spigot-1.21.4-R0.1-SNAPSHOT.jar:4446-Spigot-e5a64e7-e954502]
	at net.minecraft.world.level.World.a(World.java:687) ~[spigot-1.21.4-R0.1-SNAPSHOT.jar:4446-Spigot-e5a64e7-e954502]
	at net.minecraft.server.level.WorldServer.lambda$tick$2(WorldServer.java:448) ~[spigot-1.21.4-R0.1-SNAPSHOT.jar:4446-Spigot-e5a64e7-e954502]
	at net.minecraft.world.level.entity.EntityTickList.a(SourceFile:54) ~[spigot-1.21.4-R0.1-SNAPSHOT.jar:4446-Spigot-e5a64e7-e954502]
	at net.minecraft.server.level.WorldServer.a(WorldServer.java:430) ~[spigot-1.21.4-R0.1-SNAPSHOT.jar:4446-Spigot-e5a64e7-e954502]
	at net.minecraft.server.MinecraftServer.c(MinecraftServer.java:1549) ~[spigot-1.21.4-R0.1-SNAPSHOT.jar:4446-Spigot-e5a64e7-e954502]
	at net.minecraft.server.MinecraftServer.a(MinecraftServer.java:1391) ~[spigot-1.21.4-R0.1-SNAPSHOT.jar:4446-Spigot-e5a64e7-e954502]
	at net.minecraft.server.MinecraftServer.y(MinecraftServer.java:1093) ~[spigot-1.21.4-R0.1-SNAPSHOT.jar:4446-Spigot-e5a64e7-e954502]
	at net.minecraft.server.MinecraftServer.lambda$spin$0(MinecraftServer.java:329) ~[spigot-1.21.4-R0.1-SNAPSHOT.jar:4446-Spigot-e5a64e7-e954502]
	at java.base/java.lang.Thread.run(Thread.java:1583) [?:?]
Caused by: java.lang.NoClassDefFoundError: Could not initialize class com.sk89q.worldguard.bukkit.util.Materials
	at com.sk89q.worldguard.bukkit.listener.RegionProtectionListener.lambda$onPlaceBlock$0(RegionProtectionListener.java:175) ~[?:?]
	at com.google.common.base.Predicate.test(Predicate.java:79) ~[guava-33.3.1-jre.jar:?]
	at com.sk89q.worldguard.bukkit.event.block.AbstractBlockEvent.filterInternal(AbstractBlockEvent.java:132) ~[?:?]
	at com.sk89q.worldguard.bukkit.event.block.AbstractBlockEvent.filter(AbstractBlockEvent.java:124) ~[?:?]
	at com.sk89q.worldguard.bukkit.event.block.AbstractBlockEvent.filter(AbstractBlockEvent.java:160) ~[?:?]
	at com.sk89q.worldguard.bukkit.listener.RegionProtectionListener.onPlaceBlock(RegionProtectionListener.java:170) ~[?:?]
	at java.base/jdk.internal.reflect.DirectMethodHandleAccessor.invoke(DirectMethodHandleAccessor.java:103) ~[?:?]
	at java.base/java.lang.reflect.Method.invoke(Method.java:580) ~[?:?]
	at org.bukkit.plugin.java.JavaPluginLoader$1.execute(JavaPluginLoader.java:306) ~[spigot-api-1.21.4-R0.1-SNAPSHOT.jar:?]
	... 42 more
Caused by: java.lang.ExceptionInInitializerError: Exception java.lang.NoSuchFieldError: Class org.bukkit.Tag does not have member field 'org.bukkit.Tag ITEMS_TRIM_TEMPLATES' [in thread "Server thread"]
	at com.sk89q.worldguard.bukkit.util.Materials.<clinit>(Materials.java:913) ~[?:?]
	at com.sk89q.worldguard.bukkit.listener.RegionFlagsListener.onPlaceBlock(RegionFlagsListener.java:67) ~[?:?]
	at java.base/jdk.internal.reflect.DirectMethodHandleAccessor.invoke(DirectMethodHandleAccessor.java:103) ~[?:?]
	at java.base/java.lang.reflect.Method.invoke(Method.java:580) ~[?:?]
	at org.bukkit.plugin.java.JavaPluginLoader$1.execute(JavaPluginLoader.java:306) ~[spigot-api-1.21.4-R0.1-SNAPSHOT.jar:?]
	at org.bukkit.plugin.RegisteredListener.callEvent(RegisteredListener.java:70) ~[spigot-api-1.21.4-R0.1-SNAPSHOT.jar:?]
	at org.bukkit.plugin.SimplePluginManager.fireEvent(SimplePluginManager.java:601) ~[spigot-api-1.21.4-R0.1-SNAPSHOT.jar:?]
	at org.bukkit.plugin.SimplePluginManager.callEvent(SimplePluginManager.java:588) ~[spigot-api-1.21.4-R0.1-SNAPSHOT.jar:?]
	at com.sk89q.worldguard.bukkit.util.Events.fireToCancel(Events.java:74) ~[?:?]
	at com.sk89q.worldguard.bukkit.listener.EventAbstractionListener.onBlockIgnite(EventAbstractionListener.java:632) ~[?:?]
	at java.base/jdk.internal.reflect.DirectMethodHandleAccessor.invoke(DirectMethodHandleAccessor.java:103) ~[?:?]
	at java.base/java.lang.reflect.Method.invoke(Method.java:580) ~[?:?]
	at org.bukkit.plugin.java.JavaPluginLoader$1.execute(JavaPluginLoader.java:306) ~[spigot-api-1.21.4-R0.1-SNAPSHOT.jar:?]
	at org.bukkit.plugin.RegisteredListener.callEvent(RegisteredListener.java:70) ~[spigot-api-1.21.4-R0.1-SNAPSHOT.jar:?]
	at org.bukkit.plugin.SimplePluginManager.fireEvent(SimplePluginManager.java:601) ~[spigot-api-1.21.4-R0.1-SNAPSHOT.jar:?]
	at org.bukkit.plugin.SimplePluginManager.callEvent(SimplePluginManager.java:588) ~[spigot-api-1.21.4-R0.1-SNAPSHOT.jar:?]
	at org.bukkit.craftbukkit.v1_21_R3.event.CraftEventFactory.callBlockIgniteEvent(CraftEventFactory.java:1431) ~[spigot-1.21.4-R0.1-SNAPSHOT.jar:4446-Spigot-e5a64e7-e954502]
	at net.minecraft.world.level.material.FluidTypeLava.a(FluidTypeLava.java:90) ~[spigot-1.21.4-R0.1-SNAPSHOT.jar:4446-Spigot-e5a64e7-e954502]
	at net.minecraft.world.level.material.Fluid.a(SourceFile:92) ~[spigot-1.21.4-R0.1-SNAPSHOT.jar:4446-Spigot-e5a64e7-e954502]
	at net.minecraft.world.level.block.BlockFluids.b(BlockFluids.java:101) ~[spigot-1.21.4-R0.1-SNAPSHOT.jar:4446-Spigot-e5a64e7-e954502]
	at net.minecraft.world.level.block.state.BlockBase$BlockData.b(BlockBase.java:1166) ~[spigot-1.21.4-R0.1-SNAPSHOT.jar:4446-Spigot-e5a64e7-e954502]
	at net.minecraft.server.level.WorldServer.a(WorldServer.java:569) ~[spigot-1.21.4-R0.1-SNAPSHOT.jar:4446-Spigot-e5a64e7-e954502]
	at net.minecraft.server.level.ChunkProviderServer.a(ChunkProviderServer.java:478) ~[spigot-1.21.4-R0.1-SNAPSHOT.jar:4446-Spigot-e5a64e7-e954502]
	at net.minecraft.server.level.ChunkProviderServer.t(ChunkProviderServer.java:406) ~[spigot-1.21.4-R0.1-SNAPSHOT.jar:4446-Spigot-e5a64e7-e954502]
	at net.minecraft.server.level.ChunkProviderServer.a(ChunkProviderServer.java:375) ~[spigot-1.21.4-R0.1-SNAPSHOT.jar:4446-Spigot-e5a64e7-e954502]
	at net.minecraft.server.level.WorldServer.a(WorldServer.java:403) ~[spigot-1.21.4-R0.1-SNAPSHOT.jar:4446-Spigot-e5a64e7-e954502]
	... 5 more
[07:47:08] [Server thread/ERROR]: Could not pass event BlockGrowEvent to WorldGuard v7.0.11+068ad68
org.bukkit.event.EventException: null
	at org.bukkit.plugin.java.JavaPluginLoader$1.execute(JavaPluginLoader.java:310) ~[spigot-api-1.21.4-R0.1-SNAPSHOT.jar:?]
	at org.bukkit.plugin.RegisteredListener.callEvent(RegisteredListener.java:70) ~[spigot-api-1.21.4-R0.1-SNAPSHOT.jar:?]
	at org.bukkit.plugin.SimplePluginManager.fireEvent(SimplePluginManager.java:601) ~[spigot-api-1.21.4-R0.1-SNAPSHOT.jar:?]
	at org.bukkit.plugin.SimplePluginManager.callEvent(SimplePluginManager.java:588) ~[spigot-api-1.21.4-R0.1-SNAPSHOT.jar:?]
	at org.bukkit.craftbukkit.v1_21_R3.event.CraftEventFactory.handleBlockGrowEvent(CraftEventFactory.java:1206) ~[spigot-1.21.4-R0.1-SNAPSHOT.jar:4446-Spigot-e5a64e7-e954502]
	at net.minecraft.world.level.block.BlockCrops.b(BlockCrops.java:101) ~[spigot-1.21.4-R0.1-SNAPSHOT.jar:4446-Spigot-e5a64e7-e954502]
	at net.minecraft.world.level.block.state.BlockBase$BlockData.b(BlockBase.java:1166) ~[spigot-1.21.4-R0.1-SNAPSHOT.jar:4446-Spigot-e5a64e7-e954502]
	at net.minecraft.server.level.WorldServer.a(WorldServer.java:569) ~[spigot-1.21.4-R0.1-SNAPSHOT.jar:4446-Spigot-e5a64e7-e954502]
	at net.minecraft.server.level.ChunkProviderServer.a(ChunkProviderServer.java:478) ~[spigot-1.21.4-R0.1-SNAPSHOT.jar:4446-Spigot-e5a64e7-e954502]
	at net.minecraft.server.level.ChunkProviderServer.t(ChunkProviderServer.java:406) ~[spigot-1.21.4-R0.1-SNAPSHOT.jar:4446-Spigot-e5a64e7-e954502]
	at net.minecraft.server.level.ChunkProviderServer.a(ChunkProviderServer.java:375) ~[spigot-1.21.4-R0.1-SNAPSHOT.jar:4446-Spigot-e5a64e7-e954502]
	at net.minecraft.server.level.WorldServer.a(WorldServer.java:403) ~[spigot-1.21.4-R0.1-SNAPSHOT.jar:4446-Spigot-e5a64e7-e954502]
	at net.minecraft.server.MinecraftServer.c(MinecraftServer.java:1549) ~[spigot-1.21.4-R0.1-SNAPSHOT.jar:4446-Spigot-e5a64e7-e954502]
	at net.minecraft.server.MinecraftServer.a(MinecraftServer.java:1391) ~[spigot-1.21.4-R0.1-SNAPSHOT.jar:4446-Spigot-e5a64e7-e954502]
	at net.minecraft.server.MinecraftServer.y(MinecraftServer.java:1093) ~[spigot-1.21.4-R0.1-SNAPSHOT.jar:4446-Spigot-e5a64e7-e954502]
	at net.minecraft.server.MinecraftServer.lambda$spin$0(MinecraftServer.java:329) ~[spigot-1.21.4-R0.1-SNAPSHOT.jar:4446-Spigot-e5a64e7-e954502]
	at java.base/java.lang.Thread.run(Thread.java:1583) [?:?]
Caused by: java.lang.NoClassDefFoundError: Could not initialize class com.sk89q.worldguard.bukkit.util.Materials
	at com.sk89q.worldguard.bukkit.listener.WorldGuardBlockListener.handleGrow(WorldGuardBlockListener.java:642) ~[?:?]
	at com.sk89q.worldguard.bukkit.listener.WorldGuardBlockListener.onBlockGrow(WorldGuardBlockListener.java:637) ~[?:?]
	at java.base/jdk.internal.reflect.DirectMethodHandleAccessor.invoke(DirectMethodHandleAccessor.java:103) ~[?:?]
	at java.base/java.lang.reflect.Method.invoke(Method.java:580) ~[?:?]
	at org.bukkit.plugin.java.JavaPluginLoader$1.execute(JavaPluginLoader.java:306) ~[spigot-api-1.21.4-R0.1-SNAPSHOT.jar:?]
	... 16 more
Caused by: java.lang.ExceptionInInitializerError: Exception java.lang.NoSuchFieldError: Class org.bukkit.Tag does not have member field 'org.bukkit.Tag ITEMS_TRIM_TEMPLATES' [in thread "Server thread"]
	at com.sk89q.worldguard.bukkit.util.Materials.<clinit>(Materials.java:913) ~[?:?]
	at com.sk89q.worldguard.bukkit.listener.RegionFlagsListener.onPlaceBlock(RegionFlagsListener.java:67) ~[?:?]
	at java.base/jdk.internal.reflect.DirectMethodHandleAccessor.invoke(DirectMethodHandleAccessor.java:103) ~[?:?]
	at java.base/java.lang.reflect.Method.invoke(Method.java:580) ~[?:?]
	at org.bukkit.plugin.java.JavaPluginLoader$1.execute(JavaPluginLoader.java:306) ~[spigot-api-1.21.4-R0.1-SNAPSHOT.jar:?]
	at org.bukkit.plugin.RegisteredListener.callEvent(RegisteredListener.java:70) ~[spigot-api-1.21.4-R0.1-SNAPSHOT.jar:?]
	at org.bukkit.plugin.SimplePluginManager.fireEvent(SimplePluginManager.java:601) ~[spigot-api-1.21.4-R0.1-SNAPSHOT.jar:?]
	at org.bukkit.plugin.SimplePluginManager.callEvent(SimplePluginManager.java:588) ~[spigot-api-1.21.4-R0.1-SNAPSHOT.jar:?]
	at com.sk89q.worldguard.bukkit.util.Events.fireToCancel(Events.java:74) ~[?:?]
	at com.sk89q.worldguard.bukkit.listener.EventAbstractionListener.onBlockIgnite(EventAbstractionListener.java:632) ~[?:?]
	at java.base/jdk.internal.reflect.DirectMethodHandleAccessor.invoke(DirectMethodHandleAccessor.java:103) ~[?:?]
	at java.base/java.lang.reflect.Method.invoke(Method.java:580) ~[?:?]
	at org.bukkit.plugin.java.JavaPluginLoader$1.execute(JavaPluginLoader.java:306) ~[spigot-api-1.21.4-R0.1-SNAPSHOT.jar:?]
	at org.bukkit.plugin.RegisteredListener.callEvent(RegisteredListener.java:70) ~[spigot-api-1.21.4-R0.1-SNAPSHOT.jar:?]
	at org.bukkit.plugin.SimplePluginManager.fireEvent(SimplePluginManager.java:601) ~[spigot-api-1.21.4-R0.1-SNAPSHOT.jar:?]
	at org.bukkit.plugin.SimplePluginManager.callEvent(SimplePluginManager.java:588) ~[spigot-api-1.21.4-R0.1-SNAPSHOT.jar:?]
	at org.bukkit.craftbukkit.v1_21_R3.event.CraftEventFactory.callBlockIgniteEvent(CraftEventFactory.java:1431) ~[spigot-1.21.4-R0.1-SNAPSHOT.jar:4446-Spigot-e5a64e7-e954502]
	at net.minecraft.world.level.material.FluidTypeLava.a(FluidTypeLava.java:90) ~[spigot-1.21.4-R0.1-SNAPSHOT.jar:4446-Spigot-e5a64e7-e954502]
	at net.minecraft.world.level.material.Fluid.a(SourceFile:92) ~[spigot-1.21.4-R0.1-SNAPSHOT.jar:4446-Spigot-e5a64e7-e954502]
	at net.minecraft.world.level.block.BlockFluids.b(BlockFluids.java:101) ~[spigot-1.21.4-R0.1-SNAPSHOT.jar:4446-Spigot-e5a64e7-e954502]
	... 11 more
[07:47:09] [Server thread/ERROR]: Could not pass event BlockGrowEvent to WorldGuard v7.0.11+068ad68
org.bukkit.event.EventException: null
	at org.bukkit.plugin.java.JavaPluginLoader$1.execute(JavaPluginLoader.java:310) ~[spigot-api-1.21.4-R0.1-SNAPSHOT.jar:?]
	at org.bukkit.plugin.RegisteredListener.callEvent(RegisteredListener.java:70) ~[spigot-api-1.21.4-R0.1-SNAPSHOT.jar:?]
	at org.bukkit.plugin.SimplePluginManager.fireEvent(SimplePluginManager.java:601) ~[spigot-api-1.21.4-R0.1-SNAPSHOT.jar:?]
	at org.bukkit.plugin.SimplePluginManager.callEvent(SimplePluginManager.java:588) ~[spigot-api-1.21.4-R0.1-SNAPSHOT.jar:?]
	at org.bukkit.craftbukkit.v1_21_R3.event.CraftEventFactory.handleBlockGrowEvent(CraftEventFactory.java:1206) ~[spigot-1.21.4-R0.1-SNAPSHOT.jar:4446-Spigot-e5a64e7-e954502]
	at net.minecraft.world.level.block.BlockCrops.b(BlockCrops.java:101) ~[spigot-1.21.4-R0.1-SNAPSHOT.jar:4446-Spigot-e5a64e7-e954502]
	at net.minecraft.world.level.block.BlockBeetroot.b(SourceFile:59) ~[spigot-1.21.4-R0.1-SNAPSHOT.jar:4446-Spigot-e5a64e7-e954502]
	at net.minecraft.world.level.block.state.BlockBase$BlockData.b(BlockBase.java:1166) ~[spigot-1.21.4-R0.1-SNAPSHOT.jar:4446-Spigot-e5a64e7-e954502]
	at net.minecraft.server.level.WorldServer.a(WorldServer.java:569) ~[spigot-1.21.4-R0.1-SNAPSHOT.jar:4446-Spigot-e5a64e7-e954502]
	at net.minecraft.server.level.ChunkProviderServer.a(ChunkProviderServer.java:478) ~[spigot-1.21.4-R0.1-SNAPSHOT.jar:4446-Spigot-e5a64e7-e954502]
	at net.minecraft.server.level.ChunkProviderServer.t(ChunkProviderServer.java:406) ~[spigot-1.21.4-R0.1-SNAPSHOT.jar:4446-Spigot-e5a64e7-e954502]
	at net.minecraft.server.level.ChunkProviderServer.a(ChunkProviderServer.java:375) ~[spigot-1.21.4-R0.1-SNAPSHOT.jar:4446-Spigot-e5a64e7-e954502]
	at net.minecraft.server.level.WorldServer.a(WorldServer.java:403) ~[spigot-1.21.4-R0.1-SNAPSHOT.jar:4446-Spigot-e5a64e7-e954502]
	at net.minecraft.server.MinecraftServer.c(MinecraftServer.java:1549) ~[spigot-1.21.4-R0.1-SNAPSHOT.jar:4446-Spigot-e5a64e7-e954502]
	at net.minecraft.server.MinecraftServer.a(MinecraftServer.java:1391) ~[spigot-1.21.4-R0.1-SNAPSHOT.jar:4446-Spigot-e5a64e7-e954502]
	at net.minecraft.server.MinecraftServer.y(MinecraftServer.java:1093) ~[spigot-1.21.4-R0.1-SNAPSHOT.jar:4446-Spigot-e5a64e7-e954502]
	at net.minecraft.server.MinecraftServer.lambda$spin$0(MinecraftServer.java:329) ~[spigot-1.21.4-R0.1-SNAPSHOT.jar:4446-Spigot-e5a64e7-e954502]
	at java.base/java.lang.Thread.run(Thread.java:1583) [?:?]
Caused by: java.lang.NoClassDefFoundError: Could not initialize class com.sk89q.worldguard.bukkit.util.Materials
	at com.sk89q.worldguard.bukkit.listener.WorldGuardBlockListener.handleGrow(WorldGuardBlockListener.java:642) ~[?:?]
	at com.sk89q.worldguard.bukkit.listener.WorldGuardBlockListener.onBlockGrow(WorldGuardBlockListener.java:637) ~[?:?]
	at java.base/jdk.internal.reflect.DirectMethodHandleAccessor.invoke(DirectMethodHandleAccessor.java:103) ~[?:?]
	at java.base/java.lang.reflect.Method.invoke(Method.java:580) ~[?:?]
	at org.bukkit.plugin.java.JavaPluginLoader$1.execute(JavaPluginLoader.java:306) ~[spigot-api-1.21.4-R0.1-SNAPSHOT.jar:?]
	... 17 more
Caused by: java.lang.ExceptionInInitializerError: Exception java.lang.NoSuchFieldError: Class org.bukkit.Tag does not have member field 'org.bukkit.Tag ITEMS_TRIM_TEMPLATES' [in thread "Server thread"]
	at com.sk89q.worldguard.bukkit.util.Materials.<clinit>(Materials.java:913) ~[?:?]
	at com.sk89q.worldguard.bukkit.listener.RegionFlagsListener.onPlaceBlock(RegionFlagsListener.java:67) ~[?:?]
	at java.base/jdk.internal.reflect.DirectMethodHandleAccessor.invoke(DirectMethodHandleAccessor.java:103) ~[?:?]
	at java.base/java.lang.reflect.Method.invoke(Method.java:580) ~[?:?]
	at org.bukkit.plugin.java.JavaPluginLoader$1.execute(JavaPluginLoader.java:306) ~[spigot-api-1.21.4-R0.1-SNAPSHOT.jar:?]
	at org.bukkit.plugin.RegisteredListener.callEvent(RegisteredListener.java:70) ~[spigot-api-1.21.4-R0.1-SNAPSHOT.jar:?]
	at org.bukkit.plugin.SimplePluginManager.fireEvent(SimplePluginManager.java:601) ~[spigot-api-1.21.4-R0.1-SNAPSHOT.jar:?]
	at org.bukkit.plugin.SimplePluginManager.callEvent(SimplePluginManager.java:588) ~[spigot-api-1.21.4-R0.1-SNAPSHOT.jar:?]
	at com.sk89q.worldguard.bukkit.util.Events.fireToCancel(Events.java:74) ~[?:?]
	at com.sk89q.worldguard.bukkit.listener.EventAbstractionListener.onBlockIgnite(EventAbstractionListener.java:632) ~[?:?]
	at java.base/jdk.internal.reflect.DirectMethodHandleAccessor.invoke(DirectMethodHandleAccessor.java:103) ~[?:?]
	at java.base/java.lang.reflect.Method.invoke(Method.java:580) ~[?:?]
	at org.bukkit.plugin.java.JavaPluginLoader$1.execute(JavaPluginLoader.java:306) ~[spigot-api-1.21.4-R0.1-SNAPSHOT.jar:?]
	at org.bukkit.plugin.RegisteredListener.callEvent(RegisteredListener.java:70) ~[spigot-api-1.21.4-R0.1-SNAPSHOT.jar:?]
	at org.bukkit.plugin.SimplePluginManager.fireEvent(SimplePluginManager.java:601) ~[spigot-api-1.21.4-R0.1-SNAPSHOT.jar:?]
	at org.bukkit.plugin.SimplePluginManager.callEvent(SimplePluginManager.java:588) ~[spigot-api-1.21.4-R0.1-SNAPSHOT.jar:?]
	at org.bukkit.craftbukkit.v1_21_R3.event.CraftEventFactory.callBlockIgniteEvent(CraftEventFactory.java:1431) ~[spigot-1.21.4-R0.1-SNAPSHOT.jar:4446-Spigot-e5a64e7-e954502]
	at net.minecraft.world.level.material.FluidTypeLava.a(FluidTypeLava.java:90) ~[spigot-1.21.4-R0.1-SNAPSHOT.jar:4446-Spigot-e5a64e7-e954502]
	at net.minecraft.world.level.material.Fluid.a(SourceFile:92) ~[spigot-1.21.4-R0.1-SNAPSHOT.jar:4446-Spigot-e5a64e7-e954502]
	at net.minecraft.world.level.block.BlockFluids.b(BlockFluids.java:101) ~[spigot-1.21.4-R0.1-SNAPSHOT.jar:4446-Spigot-e5a64e7-e954502]
	... 11 more
[07:47:09] [Server thread/ERROR]: Could not pass event BlockSpreadEvent to WorldGuard v7.0.11+068ad68
org.bukkit.event.EventException: null
	at org.bukkit.plugin.java.JavaPluginLoader$1.execute(JavaPluginLoader.java:310) ~[spigot-api-1.21.4-R0.1-SNAPSHOT.jar:?]
	at org.bukkit.plugin.RegisteredListener.callEvent(RegisteredListener.java:70) ~[spigot-api-1.21.4-R0.1-SNAPSHOT.jar:?]
	at org.bukkit.plugin.SimplePluginManager.fireEvent(SimplePluginManager.java:601) ~[spigot-api-1.21.4-R0.1-SNAPSHOT.jar:?]
	at org.bukkit.plugin.SimplePluginManager.callEvent(SimplePluginManager.java:588) ~[spigot-api-1.21.4-R0.1-SNAPSHOT.jar:?]
	at org.bukkit.craftbukkit.v1_21_R3.event.CraftEventFactory.handleBlockSpreadEvent(CraftEventFactory.java:913) ~[spigot-1.21.4-R0.1-SNAPSHOT.jar:4446-Spigot-e5a64e7-e954502]
	at org.bukkit.craftbukkit.v1_21_R3.event.CraftEventFactory.handleBlockSpreadEvent(CraftEventFactory.java:897) ~[spigot-1.21.4-R0.1-SNAPSHOT.jar:4446-Spigot-e5a64e7-e954502]
	at net.minecraft.world.level.block.BlockDirtSnowSpreadable.b(BlockDirtSnowSpreadable.java:61) ~[spigot-1.21.4-R0.1-SNAPSHOT.jar:4446-Spigot-e5a64e7-e954502]
	at net.minecraft.world.level.block.state.BlockBase$BlockData.b(BlockBase.java:1166) ~[spigot-1.21.4-R0.1-SNAPSHOT.jar:4446-Spigot-e5a64e7-e954502]
	at net.minecraft.server.level.WorldServer.a(WorldServer.java:569) ~[spigot-1.21.4-R0.1-SNAPSHOT.jar:4446-Spigot-e5a64e7-e954502]
	at net.minecraft.server.level.ChunkProviderServer.a(ChunkProviderServer.java:478) ~[spigot-1.21.4-R0.1-SNAPSHOT.jar:4446-Spigot-e5a64e7-e954502]
	at net.minecraft.server.level.ChunkProviderServer.t(ChunkProviderServer.java:406) ~[spigot-1.21.4-R0.1-SNAPSHOT.jar:4446-Spigot-e5a64e7-e954502]
	at net.minecraft.server.level.ChunkProviderServer.a(ChunkProviderServer.java:375) ~[spigot-1.21.4-R0.1-SNAPSHOT.jar:4446-Spigot-e5a64e7-e954502]
	at net.minecraft.server.level.WorldServer.a(WorldServer.java:403) ~[spigot-1.21.4-R0.1-SNAPSHOT.jar:4446-Spigot-e5a64e7-e954502]
	at net.minecraft.server.MinecraftServer.c(MinecraftServer.java:1549) ~[spigot-1.21.4-R0.1-SNAPSHOT.jar:4446-Spigot-e5a64e7-e954502]
	at net.minecraft.server.MinecraftServer.a(MinecraftServer.java:1391) ~[spigot-1.21.4-R0.1-SNAPSHOT.jar:4446-Spigot-e5a64e7-e954502]
	at net.minecraft.server.MinecraftServer.y(MinecraftServer.java:1093) ~[spigot-1.21.4-R0.1-SNAPSHOT.jar:4446-Spigot-e5a64e7-e954502]
	at net.minecraft.server.MinecraftServer.lambda$spin$0(MinecraftServer.java:329) ~[spigot-1.21.4-R0.1-SNAPSHOT.jar:4446-Spigot-e5a64e7-e954502]
	at java.base/java.lang.Thread.run(Thread.java:1583) [?:?]
Caused by: java.lang.NoClassDefFoundError: Could not initialize class com.sk89q.worldguard.bukkit.util.Materials
	at com.sk89q.worldguard.bukkit.listener.WorldGuardBlockListener.onBlockSpread(WorldGuardBlockListener.java:553) ~[?:?]
	at java.base/jdk.internal.reflect.DirectMethodHandleAccessor.invoke(DirectMethodHandleAccessor.java:103) ~[?:?]
	at java.base/java.lang.reflect.Method.invoke(Method.java:580) ~[?:?]
	at org.bukkit.plugin.java.JavaPluginLoader$1.execute(JavaPluginLoader.java:306) ~[spigot-api-1.21.4-R0.1-SNAPSHOT.jar:?]
	... 17 more
Caused by: java.lang.ExceptionInInitializerError: Exception java.lang.NoSuchFieldError: Class org.bukkit.Tag does not have member field 'org.bukkit.Tag ITEMS_TRIM_TEMPLATES' [in thread "Server thread"]
	at com.sk89q.worldguard.bukkit.util.Materials.<clinit>(Materials.java:913) ~[?:?]
	at com.sk89q.worldguard.bukkit.listener.RegionFlagsListener.onPlaceBlock(RegionFlagsListener.java:67) ~[?:?]
	at java.base/jdk.internal.reflect.DirectMethodHandleAccessor.invoke(DirectMethodHandleAccessor.java:103) ~[?:?]
	at java.base/java.lang.reflect.Method.invoke(Method.java:580) ~[?:?]
	at org.bukkit.plugin.java.JavaPluginLoader$1.execute(JavaPluginLoader.java:306) ~[spigot-api-1.21.4-R0.1-SNAPSHOT.jar:?]
	at org.bukkit.plugin.RegisteredListener.callEvent(RegisteredListener.java:70) ~[spigot-api-1.21.4-R0.1-SNAPSHOT.jar:?]
	at org.bukkit.plugin.SimplePluginManager.fireEvent(SimplePluginManager.java:601) ~[spigot-api-1.21.4-R0.1-SNAPSHOT.jar:?]
	at org.bukkit.plugin.SimplePluginManager.callEvent(SimplePluginManager.java:588) ~[spigot-api-1.21.4-R0.1-SNAPSHOT.jar:?]
	at com.sk89q.worldguard.bukkit.util.Events.fireToCancel(Events.java:74) ~[?:?]
	at com.sk89q.worldguard.bukkit.listener.EventAbstractionListener.onBlockIgnite(EventAbstractionListener.java:632) ~[?:?]
	at java.base/jdk.internal.reflect.DirectMethodHandleAccessor.invoke(DirectMethodHandleAccessor.java:103) ~[?:?]
	at java.base/java.lang.reflect.Method.invoke(Method.java:580) ~[?:?]
	at org.bukkit.plugin.java.JavaPluginLoader$1.execute(JavaPluginLoader.java:306) ~[spigot-api-1.21.4-R0.1-SNAPSHOT.jar:?]
	at org.bukkit.plugin.RegisteredListener.callEvent(RegisteredListener.java:70) ~[spigot-api-1.21.4-R0.1-SNAPSHOT.jar:?]
	at org.bukkit.plugin.SimplePluginManager.fireEvent(SimplePluginManager.java:601) ~[spigot-api-1.21.4-R0.1-SNAPSHOT.jar:?]
	at org.bukkit.plugin.SimplePluginManager.callEvent(SimplePluginManager.java:588) ~[spigot-api-1.21.4-R0.1-SNAPSHOT.jar:?]
	at org.bukkit.craftbukkit.v1_21_R3.event.CraftEventFactory.callBlockIgniteEvent(CraftEventFactory.java:1431) ~[spigot-1.21.4-R0.1-SNAPSHOT.jar:4446-Spigot-e5a64e7-e954502]
	at net.minecraft.world.level.material.FluidTypeLava.a(FluidTypeLava.java:90) ~[spigot-1.21.4-R0.1-SNAPSHOT.jar:4446-Spigot-e5a64e7-e954502]
	at net.minecraft.world.level.material.Fluid.a(SourceFile:92) ~[spigot-1.21.4-R0.1-SNAPSHOT.jar:4446-Spigot-e5a64e7-e954502]
	at net.minecraft.world.level.block.BlockFluids.b(BlockFluids.java:101) ~[spigot-1.21.4-R0.1-SNAPSHOT.jar:4446-Spigot-e5a64e7-e954502]
	... 11 more
[07:47:11] [Server thread/INFO]: fergon1441 issued server command: /world KillGod_the_end
[07:47:14] [Server thread/INFO]: fergon1441 issued server command: /gm 1
[07:47:39] [Server thread/INFO]: fergon1441 has made the advancement [The City at the End of the Game]
[07:48:24] [Server thread/ERROR]: Could not pass event PlayerInteractEvent to WorldGuard v7.0.11+068ad68
org.bukkit.event.EventException: null
	at org.bukkit.plugin.java.JavaPluginLoader$1.execute(JavaPluginLoader.java:310) ~[spigot-api-1.21.4-R0.1-SNAPSHOT.jar:?]
	at org.bukkit.plugin.RegisteredListener.callEvent(RegisteredListener.java:70) ~[spigot-api-1.21.4-R0.1-SNAPSHOT.jar:?]
	at org.bukkit.plugin.SimplePluginManager.fireEvent(SimplePluginManager.java:601) ~[spigot-api-1.21.4-R0.1-SNAPSHOT.jar:?]
	at org.bukkit.plugin.SimplePluginManager.callEvent(SimplePluginManager.java:588) ~[spigot-api-1.21.4-R0.1-SNAPSHOT.jar:?]
	at org.bukkit.craftbukkit.v1_21_R3.event.CraftEventFactory.callPlayerInteractEvent(CraftEventFactory.java:590) ~[spigot-1.21.4-R0.1-SNAPSHOT.jar:4446-Spigot-e5a64e7-e954502]
	at org.bukkit.craftbukkit.v1_21_R3.event.CraftEventFactory.callPlayerInteractEvent(CraftEventFactory.java:564) ~[spigot-1.21.4-R0.1-SNAPSHOT.jar:4446-Spigot-e5a64e7-e954502]
	at net.minecraft.server.level.PlayerInteractManager.a(PlayerInteractManager.java:510) ~[spigot-1.21.4-R0.1-SNAPSHOT.jar:4446-Spigot-e5a64e7-e954502]
	at net.minecraft.server.network.PlayerConnection.a(PlayerConnection.java:1659) ~[spigot-1.21.4-R0.1-SNAPSHOT.jar:4446-Spigot-e5a64e7-e954502]
	at net.minecraft.network.protocol.game.PacketPlayInUseItem.a(PacketPlayInUseItem.java:44) ~[spigot-1.21.4-R0.1-SNAPSHOT.jar:4446-Spigot-e5a64e7-e954502]
	at net.minecraft.network.protocol.game.PacketPlayInUseItem.a(PacketPlayInUseItem.java:11) ~[spigot-1.21.4-R0.1-SNAPSHOT.jar:4446-Spigot-e5a64e7-e954502]
	at net.minecraft.network.protocol.PlayerConnectionUtils.lambda$ensureRunningOnSameThread$0(PlayerConnectionUtils.java:35) ~[spigot-1.21.4-R0.1-SNAPSHOT.jar:4446-Spigot-e5a64e7-e954502]
	at net.minecraft.server.TickTask.run(SourceFile:18) ~[spigot-1.21.4-R0.1-SNAPSHOT.jar:4446-Spigot-e5a64e7-e954502]
	at net.minecraft.util.thread.IAsyncTaskHandler.d(SourceFile:164) ~[spigot-1.21.4-R0.1-SNAPSHOT.jar:4446-Spigot-e5a64e7-e954502]
	at net.minecraft.util.thread.IAsyncTaskHandlerReentrant.d(SourceFile:23) ~[spigot-1.21.4-R0.1-SNAPSHOT.jar:4446-Spigot-e5a64e7-e954502]
	at net.minecraft.server.MinecraftServer.b(MinecraftServer.java:1319) ~[spigot-1.21.4-R0.1-SNAPSHOT.jar:4446-Spigot-e5a64e7-e954502]
	at net.minecraft.server.MinecraftServer.d(MinecraftServer.java:210) ~[spigot-1.21.4-R0.1-SNAPSHOT.jar:4446-Spigot-e5a64e7-e954502]
	at net.minecraft.util.thread.IAsyncTaskHandler.B(SourceFile:138) ~[spigot-1.21.4-R0.1-SNAPSHOT.jar:4446-Spigot-e5a64e7-e954502]
	at net.minecraft.server.MinecraftServer.bv(MinecraftServer.java:1298) ~[spigot-1.21.4-R0.1-SNAPSHOT.jar:4446-Spigot-e5a64e7-e954502]
	at net.minecraft.server.MinecraftServer.B(MinecraftServer.java:1291) ~[spigot-1.21.4-R0.1-SNAPSHOT.jar:4446-Spigot-e5a64e7-e954502]
	at net.minecraft.util.thread.IAsyncTaskHandler.bA(SourceFile:123) ~[spigot-1.21.4-R0.1-SNAPSHOT.jar:4446-Spigot-e5a64e7-e954502]
	at net.minecraft.server.MinecraftServer.x_(MinecraftServer.java:1254) ~[spigot-1.21.4-R0.1-SNAPSHOT.jar:4446-Spigot-e5a64e7-e954502]
	at net.minecraft.server.MinecraftServer.y(MinecraftServer.java:1101) ~[spigot-1.21.4-R0.1-SNAPSHOT.jar:4446-Spigot-e5a64e7-e954502]
	at net.minecraft.server.MinecraftServer.lambda$spin$0(MinecraftServer.java:329) ~[spigot-1.21.4-R0.1-SNAPSHOT.jar:4446-Spigot-e5a64e7-e954502]
	at java.base/java.lang.Thread.run(Thread.java:1583) [?:?]
Caused by: java.lang.NoClassDefFoundError: Could not initialize class com.sk89q.worldguard.bukkit.util.Materials
	at com.sk89q.worldguard.bukkit.listener.EventAbstractionListener.isBlockModifiedOnClick(EventAbstractionListener.java:1276) ~[?:?]
	at com.sk89q.worldguard.bukkit.listener.EventAbstractionListener.onPlayerInteract(EventAbstractionListener.java:539) ~[?:?]
	at java.base/jdk.internal.reflect.DirectMethodHandleAccessor.invoke(DirectMethodHandleAccessor.java:103) ~[?:?]
	at java.base/java.lang.reflect.Method.invoke(Method.java:580) ~[?:?]
	at org.bukkit.plugin.java.JavaPluginLoader$1.execute(JavaPluginLoader.java:306) ~[spigot-api-1.21.4-R0.1-SNAPSHOT.jar:?]
	... 23 more
Caused by: java.lang.ExceptionInInitializerError: Exception java.lang.NoSuchFieldError: Class org.bukkit.Tag does not have member field 'org.bukkit.Tag ITEMS_TRIM_TEMPLATES' [in thread "Server thread"]
	at com.sk89q.worldguard.bukkit.util.Materials.<clinit>(Materials.java:913) ~[?:?]
	at com.sk89q.worldguard.bukkit.listener.RegionFlagsListener.onPlaceBlock(RegionFlagsListener.java:67) ~[?:?]
	at java.base/jdk.internal.reflect.DirectMethodHandleAccessor.invoke(DirectMethodHandleAccessor.java:103) ~[?:?]
	at java.base/java.lang.reflect.Method.invoke(Method.java:580) ~[?:?]
	at org.bukkit.plugin.java.JavaPluginLoader$1.execute(JavaPluginLoader.java:306) ~[spigot-api-1.21.4-R0.1-SNAPSHOT.jar:?]
	at org.bukkit.plugin.RegisteredListener.callEvent(RegisteredListener.java:70) ~[spigot-api-1.21.4-R0.1-SNAPSHOT.jar:?]
	at org.bukkit.plugin.SimplePluginManager.fireEvent(SimplePluginManager.java:601) ~[spigot-api-1.21.4-R0.1-SNAPSHOT.jar:?]
	at org.bukkit.plugin.SimplePluginManager.callEvent(SimplePluginManager.java:588) ~[spigot-api-1.21.4-R0.1-SNAPSHOT.jar:?]
	at com.sk89q.worldguard.bukkit.util.Events.fireToCancel(Events.java:74) ~[?:?]
	at com.sk89q.worldguard.bukkit.listener.EventAbstractionListener.onBlockIgnite(EventAbstractionListener.java:632) ~[?:?]
	at java.base/jdk.internal.reflect.DirectMethodHandleAccessor.invoke(DirectMethodHandleAccessor.java:103) ~[?:?]
	at java.base/java.lang.reflect.Method.invoke(Method.java:580) ~[?:?]
	at org.bukkit.plugin.java.JavaPluginLoader$1.execute(JavaPluginLoader.java:306) ~[spigot-api-1.21.4-R0.1-SNAPSHOT.jar:?]
	at org.bukkit.plugin.RegisteredListener.callEvent(RegisteredListener.java:70) ~[spigot-api-1.21.4-R0.1-SNAPSHOT.jar:?]
	at org.bukkit.plugin.SimplePluginManager.fireEvent(SimplePluginManager.java:601) ~[spigot-api-1.21.4-R0.1-SNAPSHOT.jar:?]
	at org.bukkit.plugin.SimplePluginManager.callEvent(SimplePluginManager.java:588) ~[spigot-api-1.21.4-R0.1-SNAPSHOT.jar:?]
	at org.bukkit.craftbukkit.v1_21_R3.event.CraftEventFactory.callBlockIgniteEvent(CraftEventFactory.java:1431) ~[spigot-1.21.4-R0.1-SNAPSHOT.jar:4446-Spigot-e5a64e7-e954502]
	at net.minecraft.world.level.material.FluidTypeLava.a(FluidTypeLava.java:90) ~[spigot-1.21.4-R0.1-SNAPSHOT.jar:4446-Spigot-e5a64e7-e954502]
	at net.minecraft.world.level.material.Fluid.a(SourceFile:92) ~[spigot-1.21.4-R0.1-SNAPSHOT.jar:4446-Spigot-e5a64e7-e954502]
	at net.minecraft.world.level.block.BlockFluids.b(BlockFluids.java:101) ~[spigot-1.21.4-R0.1-SNAPSHOT.jar:4446-Spigot-e5a64e7-e954502]
	at net.minecraft.world.level.block.state.BlockBase$BlockData.b(BlockBase.java:1166) ~[spigot-1.21.4-R0.1-SNAPSHOT.jar:4446-Spigot-e5a64e7-e954502]
	at net.minecraft.server.level.WorldServer.a(WorldServer.java:569) ~[spigot-1.21.4-R0.1-SNAPSHOT.jar:4446-Spigot-e5a64e7-e954502]
	at net.minecraft.server.level.ChunkProviderServer.a(ChunkProviderServer.java:478) ~[spigot-1.21.4-R0.1-SNAPSHOT.jar:4446-Spigot-e5a64e7-e954502]
	at net.minecraft.server.level.ChunkProviderServer.t(ChunkProviderServer.java:406) ~[spigot-1.21.4-R0.1-SNAPSHOT.jar:4446-Spigot-e5a64e7-e954502]
	at net.minecraft.server.level.ChunkProviderServer.a(ChunkProviderServer.java:375) ~[spigot-1.21.4-R0.1-SNAPSHOT.jar:4446-Spigot-e5a64e7-e954502]
	at net.minecraft.server.level.WorldServer.a(WorldServer.java:403) ~[spigot-1.21.4-R0.1-SNAPSHOT.jar:4446-Spigot-e5a64e7-e954502]
	at net.minecraft.server.MinecraftServer.c(MinecraftServer.java:1549) ~[spigot-1.21.4-R0.1-SNAPSHOT.jar:4446-Spigot-e5a64e7-e954502]
	at net.minecraft.server.MinecraftServer.a(MinecraftServer.java:1391) ~[spigot-1.21.4-R0.1-SNAPSHOT.jar:4446-Spigot-e5a64e7-e954502]
	at net.minecraft.server.MinecraftServer.y(MinecraftServer.java:1093) ~[spigot-1.21.4-R0.1-SNAPSHOT.jar:4446-Spigot-e5a64e7-e954502]
	... 2 more
[07:48:24] [Server thread/ERROR]: Could not pass event PlayerInteractEvent to WorldGuard v7.0.11+068ad68
org.bukkit.event.EventException: null
	at org.bukkit.plugin.java.JavaPluginLoader$1.execute(JavaPluginLoader.java:310) ~[spigot-api-1.21.4-R0.1-SNAPSHOT.jar:?]
	at org.bukkit.plugin.RegisteredListener.callEvent(RegisteredListener.java:70) ~[spigot-api-1.21.4-R0.1-SNAPSHOT.jar:?]
	at org.bukkit.plugin.SimplePluginManager.fireEvent(SimplePluginManager.java:601) ~[spigot-api-1.21.4-R0.1-SNAPSHOT.jar:?]
	at org.bukkit.plugin.SimplePluginManager.callEvent(SimplePluginManager.java:588) ~[spigot-api-1.21.4-R0.1-SNAPSHOT.jar:?]
	at org.bukkit.craftbukkit.v1_21_R3.event.CraftEventFactory.callPlayerInteractEvent(CraftEventFactory.java:590) ~[spigot-1.21.4-R0.1-SNAPSHOT.jar:4446-Spigot-e5a64e7-e954502]
	at org.bukkit.craftbukkit.v1_21_R3.event.CraftEventFactory.callPlayerInteractEvent(CraftEventFactory.java:564) ~[spigot-1.21.4-R0.1-SNAPSHOT.jar:4446-Spigot-e5a64e7-e954502]
	at net.minecraft.server.level.PlayerInteractManager.a(PlayerInteractManager.java:510) ~[spigot-1.21.4-R0.1-SNAPSHOT.jar:4446-Spigot-e5a64e7-e954502]
	at net.minecraft.server.network.PlayerConnection.a(PlayerConnection.java:1659) ~[spigot-1.21.4-R0.1-SNAPSHOT.jar:4446-Spigot-e5a64e7-e954502]
	at net.minecraft.network.protocol.game.PacketPlayInUseItem.a(PacketPlayInUseItem.java:44) ~[spigot-1.21.4-R0.1-SNAPSHOT.jar:4446-Spigot-e5a64e7-e954502]
	at net.minecraft.network.protocol.game.PacketPlayInUseItem.a(PacketPlayInUseItem.java:11) ~[spigot-1.21.4-R0.1-SNAPSHOT.jar:4446-Spigot-e5a64e7-e954502]
	at net.minecraft.network.protocol.PlayerConnectionUtils.lambda$ensureRunningOnSameThread$0(PlayerConnectionUtils.java:35) ~[spigot-1.21.4-R0.1-SNAPSHOT.jar:4446-Spigot-e5a64e7-e954502]
	at net.minecraft.server.TickTask.run(SourceFile:18) ~[spigot-1.21.4-R0.1-SNAPSHOT.jar:4446-Spigot-e5a64e7-e954502]
	at net.minecraft.util.thread.IAsyncTaskHandler.d(SourceFile:164) ~[spigot-1.21.4-R0.1-SNAPSHOT.jar:4446-Spigot-e5a64e7-e954502]
	at net.minecraft.util.thread.IAsyncTaskHandlerReentrant.d(SourceFile:23) ~[spigot-1.21.4-R0.1-SNAPSHOT.jar:4446-Spigot-e5a64e7-e954502]
	at net.minecraft.server.MinecraftServer.b(MinecraftServer.java:1319) ~[spigot-1.21.4-R0.1-SNAPSHOT.jar:4446-Spigot-e5a64e7-e954502]
	at net.minecraft.server.MinecraftServer.d(MinecraftServer.java:210) ~[spigot-1.21.4-R0.1-SNAPSHOT.jar:4446-Spigot-e5a64e7-e954502]
	at net.minecraft.util.thread.IAsyncTaskHandler.B(SourceFile:138) ~[spigot-1.21.4-R0.1-SNAPSHOT.jar:4446-Spigot-e5a64e7-e954502]
	at net.minecraft.server.MinecraftServer.bv(MinecraftServer.java:1298) ~[spigot-1.21.4-R0.1-SNAPSHOT.jar:4446-Spigot-e5a64e7-e954502]
	at net.minecraft.server.MinecraftServer.B(MinecraftServer.java:1291) ~[spigot-1.21.4-R0.1-SNAPSHOT.jar:4446-Spigot-e5a64e7-e954502]
	at net.minecraft.util.thread.IAsyncTaskHandler.bA(SourceFile:123) ~[spigot-1.21.4-R0.1-SNAPSHOT.jar:4446-Spigot-e5a64e7-e954502]
	at net.minecraft.server.MinecraftServer.x_(MinecraftServer.java:1254) ~[spigot-1.21.4-R0.1-SNAPSHOT.jar:4446-Spigot-e5a64e7-e954502]
	at net.minecraft.server.MinecraftServer.y(MinecraftServer.java:1101) ~[spigot-1.21.4-R0.1-SNAPSHOT.jar:4446-Spigot-e5a64e7-e954502]
	at net.minecraft.server.MinecraftServer.lambda$spin$0(MinecraftServer.java:329) ~[spigot-1.21.4-R0.1-SNAPSHOT.jar:4446-Spigot-e5a64e7-e954502]
	at java.base/java.lang.Thread.run(Thread.java:1583) [?:?]
Caused by: java.lang.NoClassDefFoundError: Could not initialize class com.sk89q.worldguard.bukkit.util.Materials
	at com.sk89q.worldguard.bukkit.listener.WorldGuardPlayerListener.handleBlockRightClick(WorldGuardPlayerListener.java:248) ~[?:?]
	at com.sk89q.worldguard.bukkit.listener.WorldGuardPlayerListener.onPlayerInteract(WorldGuardPlayerListener.java:210) ~[?:?]
	at java.base/jdk.internal.reflect.DirectMethodHandleAccessor.invoke(DirectMethodHandleAccessor.java:103) ~[?:?]
	at java.base/java.lang.reflect.Method.invoke(Method.java:580) ~[?:?]
	at org.bukkit.plugin.java.JavaPluginLoader$1.execute(JavaPluginLoader.java:306) ~[spigot-api-1.21.4-R0.1-SNAPSHOT.jar:?]
	... 23 more
Caused by: java.lang.ExceptionInInitializerError: Exception java.lang.NoSuchFieldError: Class org.bukkit.Tag does not have member field 'org.bukkit.Tag ITEMS_TRIM_TEMPLATES' [in thread "Server thread"]
	at com.sk89q.worldguard.bukkit.util.Materials.<clinit>(Materials.java:913) ~[?:?]
	at com.sk89q.worldguard.bukkit.listener.RegionFlagsListener.onPlaceBlock(RegionFlagsListener.java:67) ~[?:?]
	at java.base/jdk.internal.reflect.DirectMethodHandleAccessor.invoke(DirectMethodHandleAccessor.java:103) ~[?:?]
	at java.base/java.lang.reflect.Method.invoke(Method.java:580) ~[?:?]
	at org.bukkit.plugin.java.JavaPluginLoader$1.execute(JavaPluginLoader.java:306) ~[spigot-api-1.21.4-R0.1-SNAPSHOT.jar:?]
	at org.bukkit.plugin.RegisteredListener.callEvent(RegisteredListener.java:70) ~[spigot-api-1.21.4-R0.1-SNAPSHOT.jar:?]
	at org.bukkit.plugin.SimplePluginManager.fireEvent(SimplePluginManager.java:601) ~[spigot-api-1.21.4-R0.1-SNAPSHOT.jar:?]
	at org.bukkit.plugin.SimplePluginManager.callEvent(SimplePluginManager.java:588) ~[spigot-api-1.21.4-R0.1-SNAPSHOT.jar:?]
	at com.sk89q.worldguard.bukkit.util.Events.fireToCancel(Events.java:74) ~[?:?]
	at com.sk89q.worldguard.bukkit.listener.EventAbstractionListener.onBlockIgnite(EventAbstractionListener.java:632) ~[?:?]
	at java.base/jdk.internal.reflect.DirectMethodHandleAccessor.invoke(DirectMethodHandleAccessor.java:103) ~[?:?]
	at java.base/java.lang.reflect.Method.invoke(Method.java:580) ~[?:?]
	at org.bukkit.plugin.java.JavaPluginLoader$1.execute(JavaPluginLoader.java:306) ~[spigot-api-1.21.4-R0.1-SNAPSHOT.jar:?]
	at org.bukkit.plugin.RegisteredListener.callEvent(RegisteredListener.java:70) ~[spigot-api-1.21.4-R0.1-SNAPSHOT.jar:?]
	at org.bukkit.plugin.SimplePluginManager.fireEvent(SimplePluginManager.java:601) ~[spigot-api-1.21.4-R0.1-SNAPSHOT.jar:?]
	at org.bukkit.plugin.SimplePluginManager.callEvent(SimplePluginManager.java:588) ~[spigot-api-1.21.4-R0.1-SNAPSHOT.jar:?]
	at org.bukkit.craftbukkit.v1_21_R3.event.CraftEventFactory.callBlockIgniteEvent(CraftEventFactory.java:1431) ~[spigot-1.21.4-R0.1-SNAPSHOT.jar:4446-Spigot-e5a64e7-e954502]
	at net.minecraft.world.level.material.FluidTypeLava.a(FluidTypeLava.java:90) ~[spigot-1.21.4-R0.1-SNAPSHOT.jar:4446-Spigot-e5a64e7-e954502]
	at net.minecraft.world.level.material.Fluid.a(SourceFile:92) ~[spigot-1.21.4-R0.1-SNAPSHOT.jar:4446-Spigot-e5a64e7-e954502]
	at net.minecraft.world.level.block.BlockFluids.b(BlockFluids.java:101) ~[spigot-1.21.4-R0.1-SNAPSHOT.jar:4446-Spigot-e5a64e7-e954502]
	at net.minecraft.world.level.block.state.BlockBase$BlockData.b(BlockBase.java:1166) ~[spigot-1.21.4-R0.1-SNAPSHOT.jar:4446-Spigot-e5a64e7-e954502]
	at net.minecraft.server.level.WorldServer.a(WorldServer.java:569) ~[spigot-1.21.4-R0.1-SNAPSHOT.jar:4446-Spigot-e5a64e7-e954502]
	at net.minecraft.server.level.ChunkProviderServer.a(ChunkProviderServer.java:478) ~[spigot-1.21.4-R0.1-SNAPSHOT.jar:4446-Spigot-e5a64e7-e954502]
	at net.minecraft.server.level.ChunkProviderServer.t(ChunkProviderServer.java:406) ~[spigot-1.21.4-R0.1-SNAPSHOT.jar:4446-Spigot-e5a64e7-e954502]
	at net.minecraft.server.level.ChunkProviderServer.a(ChunkProviderServer.java:375) ~[spigot-1.21.4-R0.1-SNAPSHOT.jar:4446-Spigot-e5a64e7-e954502]
	at net.minecraft.server.level.WorldServer.a(WorldServer.java:403) ~[spigot-1.21.4-R0.1-SNAPSHOT.jar:4446-Spigot-e5a64e7-e954502]
	at net.minecraft.server.MinecraftServer.c(MinecraftServer.java:1549) ~[spigot-1.21.4-R0.1-SNAPSHOT.jar:4446-Spigot-e5a64e7-e954502]
	at net.minecraft.server.MinecraftServer.a(MinecraftServer.java:1391) ~[spigot-1.21.4-R0.1-SNAPSHOT.jar:4446-Spigot-e5a64e7-e954502]
	at net.minecraft.server.MinecraftServer.y(MinecraftServer.java:1093) ~[spigot-1.21.4-R0.1-SNAPSHOT.jar:4446-Spigot-e5a64e7-e954502]
	... 2 more
[07:48:24] [Server thread/ERROR]: Could not pass event PlayerInteractEvent to WorldGuard v7.0.11+068ad68
org.bukkit.event.EventException: null
	at org.bukkit.plugin.java.JavaPluginLoader$1.execute(JavaPluginLoader.java:310) ~[spigot-api-1.21.4-R0.1-SNAPSHOT.jar:?]
	at org.bukkit.plugin.RegisteredListener.callEvent(RegisteredListener.java:70) ~[spigot-api-1.21.4-R0.1-SNAPSHOT.jar:?]
	at org.bukkit.plugin.SimplePluginManager.fireEvent(SimplePluginManager.java:601) ~[spigot-api-1.21.4-R0.1-SNAPSHOT.jar:?]
	at org.bukkit.plugin.SimplePluginManager.callEvent(SimplePluginManager.java:588) ~[spigot-api-1.21.4-R0.1-SNAPSHOT.jar:?]
	at org.bukkit.craftbukkit.v1_21_R3.event.CraftEventFactory.callPlayerInteractEvent(CraftEventFactory.java:590) ~[spigot-1.21.4-R0.1-SNAPSHOT.jar:4446-Spigot-e5a64e7-e954502]
	at org.bukkit.craftbukkit.v1_21_R3.event.CraftEventFactory.callPlayerInteractEvent(CraftEventFactory.java:564) ~[spigot-1.21.4-R0.1-SNAPSHOT.jar:4446-Spigot-e5a64e7-e954502]
	at net.minecraft.server.level.PlayerInteractManager.a(PlayerInteractManager.java:510) ~[spigot-1.21.4-R0.1-SNAPSHOT.jar:4446-Spigot-e5a64e7-e954502]
	at net.minecraft.server.network.PlayerConnection.a(PlayerConnection.java:1659) ~[spigot-1.21.4-R0.1-SNAPSHOT.jar:4446-Spigot-e5a64e7-e954502]
	at net.minecraft.network.protocol.game.PacketPlayInUseItem.a(PacketPlayInUseItem.java:44) ~[spigot-1.21.4-R0.1-SNAPSHOT.jar:4446-Spigot-e5a64e7-e954502]
	at net.minecraft.network.protocol.game.PacketPlayInUseItem.a(PacketPlayInUseItem.java:11) ~[spigot-1.21.4-R0.1-SNAPSHOT.jar:4446-Spigot-e5a64e7-e954502]
	at net.minecraft.network.protocol.PlayerConnectionUtils.lambda$ensureRunningOnSameThread$0(PlayerConnectionUtils.java:35) ~[spigot-1.21.4-R0.1-SNAPSHOT.jar:4446-Spigot-e5a64e7-e954502]
	at net.minecraft.server.TickTask.run(SourceFile:18) ~[spigot-1.21.4-R0.1-SNAPSHOT.jar:4446-Spigot-e5a64e7-e954502]
	at net.minecraft.util.thread.IAsyncTaskHandler.d(SourceFile:164) ~[spigot-1.21.4-R0.1-SNAPSHOT.jar:4446-Spigot-e5a64e7-e954502]
	at net.minecraft.util.thread.IAsyncTaskHandlerReentrant.d(SourceFile:23) ~[spigot-1.21.4-R0.1-SNAPSHOT.jar:4446-Spigot-e5a64e7-e954502]
	at net.minecraft.server.MinecraftServer.b(MinecraftServer.java:1319) ~[spigot-1.21.4-R0.1-SNAPSHOT.jar:4446-Spigot-e5a64e7-e954502]
	at net.minecraft.server.MinecraftServer.d(MinecraftServer.java:210) ~[spigot-1.21.4-R0.1-SNAPSHOT.jar:4446-Spigot-e5a64e7-e954502]
	at net.minecraft.util.thread.IAsyncTaskHandler.B(SourceFile:138) ~[spigot-1.21.4-R0.1-SNAPSHOT.jar:4446-Spigot-e5a64e7-e954502]
	at net.minecraft.server.MinecraftServer.bv(MinecraftServer.java:1298) ~[spigot-1.21.4-R0.1-SNAPSHOT.jar:4446-Spigot-e5a64e7-e954502]
	at net.minecraft.server.MinecraftServer.B(MinecraftServer.java:1291) ~[spigot-1.21.4-R0.1-SNAPSHOT.jar:4446-Spigot-e5a64e7-e954502]
	at net.minecraft.util.thread.IAsyncTaskHandler.bA(SourceFile:123) ~[spigot-1.21.4-R0.1-SNAPSHOT.jar:4446-Spigot-e5a64e7-e954502]
	at net.minecraft.server.MinecraftServer.x_(MinecraftServer.java:1254) ~[spigot-1.21.4-R0.1-SNAPSHOT.jar:4446-Spigot-e5a64e7-e954502]
	at net.minecraft.server.MinecraftServer.y(MinecraftServer.java:1101) ~[spigot-1.21.4-R0.1-SNAPSHOT.jar:4446-Spigot-e5a64e7-e954502]
	at net.minecraft.server.MinecraftServer.lambda$spin$0(MinecraftServer.java:329) ~[spigot-1.21.4-R0.1-SNAPSHOT.jar:4446-Spigot-e5a64e7-e954502]
	at java.base/java.lang.Thread.run(Thread.java:1583) [?:?]
Caused by: java.lang.NoClassDefFoundError: Could not initialize class com.sk89q.worldguard.bukkit.util.Materials
	at com.sk89q.worldguard.bukkit.listener.EventAbstractionListener.isBlockModifiedOnClick(EventAbstractionListener.java:1276) ~[?:?]
	at com.sk89q.worldguard.bukkit.listener.EventAbstractionListener.onPlayerInteract(EventAbstractionListener.java:539) ~[?:?]
	at java.base/jdk.internal.reflect.DirectMethodHandleAccessor.invoke(DirectMethodHandleAccessor.java:103) ~[?:?]
	at java.base/java.lang.reflect.Method.invoke(Method.java:580) ~[?:?]
	at org.bukkit.plugin.java.JavaPluginLoader$1.execute(JavaPluginLoader.java:306) ~[spigot-api-1.21.4-R0.1-SNAPSHOT.jar:?]
	... 23 more
Caused by: java.lang.ExceptionInInitializerError: Exception java.lang.NoSuchFieldError: Class org.bukkit.Tag does not have member field 'org.bukkit.Tag ITEMS_TRIM_TEMPLATES' [in thread "Server thread"]
	at com.sk89q.worldguard.bukkit.util.Materials.<clinit>(Materials.java:913) ~[?:?]
	at com.sk89q.worldguard.bukkit.listener.RegionFlagsListener.onPlaceBlock(RegionFlagsListener.java:67) ~[?:?]
	at java.base/jdk.internal.reflect.DirectMethodHandleAccessor.invoke(DirectMethodHandleAccessor.java:103) ~[?:?]
	at java.base/java.lang.reflect.Method.invoke(Method.java:580) ~[?:?]
	at org.bukkit.plugin.java.JavaPluginLoader$1.execute(JavaPluginLoader.java:306) ~[spigot-api-1.21.4-R0.1-SNAPSHOT.jar:?]
	at org.bukkit.plugin.RegisteredListener.callEvent(RegisteredListener.java:70) ~[spigot-api-1.21.4-R0.1-SNAPSHOT.jar:?]
	at org.bukkit.plugin.SimplePluginManager.fireEvent(SimplePluginManager.java:601) ~[spigot-api-1.21.4-R0.1-SNAPSHOT.jar:?]
	at org.bukkit.plugin.SimplePluginManager.callEvent(SimplePluginManager.java:588) ~[spigot-api-1.21.4-R0.1-SNAPSHOT.jar:?]
	at com.sk89q.worldguard.bukkit.util.Events.fireToCancel(Events.java:74) ~[?:?]
	at com.sk89q.worldguard.bukkit.listener.EventAbstractionListener.onBlockIgnite(EventAbstractionListener.java:632) ~[?:?]
	at java.base/jdk.internal.reflect.DirectMethodHandleAccessor.invoke(DirectMethodHandleAccessor.java:103) ~[?:?]
	at java.base/java.lang.reflect.Method.invoke(Method.java:580) ~[?:?]
	at org.bukkit.plugin.java.JavaPluginLoader$1.execute(JavaPluginLoader.java:306) ~[spigot-api-1.21.4-R0.1-SNAPSHOT.jar:?]
	at org.bukkit.plugin.RegisteredListener.callEvent(RegisteredListener.java:70) ~[spigot-api-1.21.4-R0.1-SNAPSHOT.jar:?]
	at org.bukkit.plugin.SimplePluginManager.fireEvent(SimplePluginManager.java:601) ~[spigot-api-1.21.4-R0.1-SNAPSHOT.jar:?]
	at org.bukkit.plugin.SimplePluginManager.callEvent(SimplePluginManager.java:588) ~[spigot-api-1.21.4-R0.1-SNAPSHOT.jar:?]
	at org.bukkit.craftbukkit.v1_21_R3.event.CraftEventFactory.callBlockIgniteEvent(CraftEventFactory.java:1431) ~[spigot-1.21.4-R0.1-SNAPSHOT.jar:4446-Spigot-e5a64e7-e954502]
	at net.minecraft.world.level.material.FluidTypeLava.a(FluidTypeLava.java:90) ~[spigot-1.21.4-R0.1-SNAPSHOT.jar:4446-Spigot-e5a64e7-e954502]
	at net.minecraft.world.level.material.Fluid.a(SourceFile:92) ~[spigot-1.21.4-R0.1-SNAPSHOT.jar:4446-Spigot-e5a64e7-e954502]
	at net.minecraft.world.level.block.BlockFluids.b(BlockFluids.java:101) ~[spigot-1.21.4-R0.1-SNAPSHOT.jar:4446-Spigot-e5a64e7-e954502]
	at net.minecraft.world.level.block.state.BlockBase$BlockData.b(BlockBase.java:1166) ~[spigot-1.21.4-R0.1-SNAPSHOT.jar:4446-Spigot-e5a64e7-e954502]
	at net.minecraft.server.level.WorldServer.a(WorldServer.java:569) ~[spigot-1.21.4-R0.1-SNAPSHOT.jar:4446-Spigot-e5a64e7-e954502]
	at net.minecraft.server.level.ChunkProviderServer.a(ChunkProviderServer.java:478) ~[spigot-1.21.4-R0.1-SNAPSHOT.jar:4446-Spigot-e5a64e7-e954502]
	at net.minecraft.server.level.ChunkProviderServer.t(ChunkProviderServer.java:406) ~[spigot-1.21.4-R0.1-SNAPSHOT.jar:4446-Spigot-e5a64e7-e954502]
	at net.minecraft.server.level.ChunkProviderServer.a(ChunkProviderServer.java:375) ~[spigot-1.21.4-R0.1-SNAPSHOT.jar:4446-Spigot-e5a64e7-e954502]
	at net.minecraft.server.level.WorldServer.a(WorldServer.java:403) ~[spigot-1.21.4-R0.1-SNAPSHOT.jar:4446-Spigot-e5a64e7-e954502]
	at net.minecraft.server.MinecraftServer.c(MinecraftServer.java:1549) ~[spigot-1.21.4-R0.1-SNAPSHOT.jar:4446-Spigot-e5a64e7-e954502]
	at net.minecraft.server.MinecraftServer.a(MinecraftServer.java:1391) ~[spigot-1.21.4-R0.1-SNAPSHOT.jar:4446-Spigot-e5a64e7-e954502]
	at net.minecraft.server.MinecraftServer.y(MinecraftServer.java:1093) ~[spigot-1.21.4-R0.1-SNAPSHOT.jar:4446-Spigot-e5a64e7-e954502]
	... 2 more
[07:48:24] [Server thread/ERROR]: Could not pass event PlayerInteractEvent to WorldGuard v7.0.11+068ad68
org.bukkit.event.EventException: null
	at org.bukkit.plugin.java.JavaPluginLoader$1.execute(JavaPluginLoader.java:310) ~[spigot-api-1.21.4-R0.1-SNAPSHOT.jar:?]
	at org.bukkit.plugin.RegisteredListener.callEvent(RegisteredListener.java:70) ~[spigot-api-1.21.4-R0.1-SNAPSHOT.jar:?]
	at org.bukkit.plugin.SimplePluginManager.fireEvent(SimplePluginManager.java:601) ~[spigot-api-1.21.4-R0.1-SNAPSHOT.jar:?]
	at org.bukkit.plugin.SimplePluginManager.callEvent(SimplePluginManager.java:588) ~[spigot-api-1.21.4-R0.1-SNAPSHOT.jar:?]
	at org.bukkit.craftbukkit.v1_21_R3.event.CraftEventFactory.callPlayerInteractEvent(CraftEventFactory.java:590) ~[spigot-1.21.4-R0.1-SNAPSHOT.jar:4446-Spigot-e5a64e7-e954502]
	at org.bukkit.craftbukkit.v1_21_R3.event.CraftEventFactory.callPlayerInteractEvent(CraftEventFactory.java:564) ~[spigot-1.21.4-R0.1-SNAPSHOT.jar:4446-Spigot-e5a64e7-e954502]
	at net.minecraft.server.level.PlayerInteractManager.a(PlayerInteractManager.java:510) ~[spigot-1.21.4-R0.1-SNAPSHOT.jar:4446-Spigot-e5a64e7-e954502]
	at net.minecraft.server.network.PlayerConnection.a(PlayerConnection.java:1659) ~[spigot-1.21.4-R0.1-SNAPSHOT.jar:4446-Spigot-e5a64e7-e954502]
	at net.minecraft.network.protocol.game.PacketPlayInUseItem.a(PacketPlayInUseItem.java:44) ~[spigot-1.21.4-R0.1-SNAPSHOT.jar:4446-Spigot-e5a64e7-e954502]
	at net.minecraft.network.protocol.game.PacketPlayInUseItem.a(PacketPlayInUseItem.java:11) ~[spigot-1.21.4-R0.1-SNAPSHOT.jar:4446-Spigot-e5a64e7-e954502]
	at net.minecraft.network.protocol.PlayerConnectionUtils.lambda$ensureRunningOnSameThread$0(PlayerConnectionUtils.java:35) ~[spigot-1.21.4-R0.1-SNAPSHOT.jar:4446-Spigot-e5a64e7-e954502]
	at net.minecraft.server.TickTask.run(SourceFile:18) ~[spigot-1.21.4-R0.1-SNAPSHOT.jar:4446-Spigot-e5a64e7-e954502]
	at net.minecraft.util.thread.IAsyncTaskHandler.d(SourceFile:164) ~[spigot-1.21.4-R0.1-SNAPSHOT.jar:4446-Spigot-e5a64e7-e954502]
	at net.minecraft.util.thread.IAsyncTaskHandlerReentrant.d(SourceFile:23) ~[spigot-1.21.4-R0.1-SNAPSHOT.jar:4446-Spigot-e5a64e7-e954502]
	at net.minecraft.server.MinecraftServer.b(MinecraftServer.java:1319) ~[spigot-1.21.4-R0.1-SNAPSHOT.jar:4446-Spigot-e5a64e7-e954502]
	at net.minecraft.server.MinecraftServer.d(MinecraftServer.java:210) ~[spigot-1.21.4-R0.1-SNAPSHOT.jar:4446-Spigot-e5a64e7-e954502]
	at net.minecraft.util.thread.IAsyncTaskHandler.B(SourceFile:138) ~[spigot-1.21.4-R0.1-SNAPSHOT.jar:4446-Spigot-e5a64e7-e954502]
	at net.minecraft.server.MinecraftServer.bv(MinecraftServer.java:1298) ~[spigot-1.21.4-R0.1-SNAPSHOT.jar:4446-Spigot-e5a64e7-e954502]
	at net.minecraft.server.MinecraftServer.B(MinecraftServer.java:1291) ~[spigot-1.21.4-R0.1-SNAPSHOT.jar:4446-Spigot-e5a64e7-e954502]
	at net.minecraft.util.thread.IAsyncTaskHandler.bA(SourceFile:123) ~[spigot-1.21.4-R0.1-SNAPSHOT.jar:4446-Spigot-e5a64e7-e954502]
	at net.minecraft.server.MinecraftServer.x_(MinecraftServer.java:1254) ~[spigot-1.21.4-R0.1-SNAPSHOT.jar:4446-Spigot-e5a64e7-e954502]
	at net.minecraft.server.MinecraftServer.y(MinecraftServer.java:1101) ~[spigot-1.21.4-R0.1-SNAPSHOT.jar:4446-Spigot-e5a64e7-e954502]
	at net.minecraft.server.MinecraftServer.lambda$spin$0(MinecraftServer.java:329) ~[spigot-1.21.4-R0.1-SNAPSHOT.jar:4446-Spigot-e5a64e7-e954502]
	at java.base/java.lang.Thread.run(Thread.java:1583) [?:?]
Caused by: java.lang.NoClassDefFoundError: Could not initialize class com.sk89q.worldguard.bukkit.util.Materials
	at com.sk89q.worldguard.bukkit.listener.WorldGuardPlayerListener.handleBlockRightClick(WorldGuardPlayerListener.java:248) ~[?:?]
	at com.sk89q.worldguard.bukkit.listener.WorldGuardPlayerListener.onPlayerInteract(WorldGuardPlayerListener.java:210) ~[?:?]
	at java.base/jdk.internal.reflect.DirectMethodHandleAccessor.invoke(DirectMethodHandleAccessor.java:103) ~[?:?]
	at java.base/java.lang.reflect.Method.invoke(Method.java:580) ~[?:?]
	at org.bukkit.plugin.java.JavaPluginLoader$1.execute(JavaPluginLoader.java:306) ~[spigot-api-1.21.4-R0.1-SNAPSHOT.jar:?]
	... 23 more
Caused by: java.lang.ExceptionInInitializerError: Exception java.lang.NoSuchFieldError: Class org.bukkit.Tag does not have member field 'org.bukkit.Tag ITEMS_TRIM_TEMPLATES' [in thread "Server thread"]
	at com.sk89q.worldguard.bukkit.util.Materials.<clinit>(Materials.java:913) ~[?:?]
	at com.sk89q.worldguard.bukkit.listener.RegionFlagsListener.onPlaceBlock(RegionFlagsListener.java:67) ~[?:?]
	at java.base/jdk.internal.reflect.DirectMethodHandleAccessor.invoke(DirectMethodHandleAccessor.java:103) ~[?:?]
	at java.base/java.lang.reflect.Method.invoke(Method.java:580) ~[?:?]
	at org.bukkit.plugin.java.JavaPluginLoader$1.execute(JavaPluginLoader.java:306) ~[spigot-api-1.21.4-R0.1-SNAPSHOT.jar:?]
	at org.bukkit.plugin.RegisteredListener.callEvent(RegisteredListener.java:70) ~[spigot-api-1.21.4-R0.1-SNAPSHOT.jar:?]
	at org.bukkit.plugin.SimplePluginManager.fireEvent(SimplePluginManager.java:601) ~[spigot-api-1.21.4-R0.1-SNAPSHOT.jar:?]
	at org.bukkit.plugin.SimplePluginManager.callEvent(SimplePluginManager.java:588) ~[spigot-api-1.21.4-R0.1-SNAPSHOT.jar:?]
	at com.sk89q.worldguard.bukkit.util.Events.fireToCancel(Events.java:74) ~[?:?]
	at com.sk89q.worldguard.bukkit.listener.EventAbstractionListener.onBlockIgnite(EventAbstractionListener.java:632) ~[?:?]
	at java.base/jdk.internal.reflect.DirectMethodHandleAccessor.invoke(DirectMethodHandleAccessor.java:103) ~[?:?]
	at java.base/java.lang.reflect.Method.invoke(Method.java:580) ~[?:?]
	at org.bukkit.plugin.java.JavaPluginLoader$1.execute(JavaPluginLoader.java:306) ~[spigot-api-1.21.4-R0.1-SNAPSHOT.jar:?]
	at org.bukkit.plugin.RegisteredListener.callEvent(RegisteredListener.java:70) ~[spigot-api-1.21.4-R0.1-SNAPSHOT.jar:?]
	at org.bukkit.plugin.SimplePluginManager.fireEvent(SimplePluginManager.java:601) ~[spigot-api-1.21.4-R0.1-SNAPSHOT.jar:?]
	at org.bukkit.plugin.SimplePluginManager.callEvent(SimplePluginManager.java:588) ~[spigot-api-1.21.4-R0.1-SNAPSHOT.jar:?]
	at org.bukkit.craftbukkit.v1_21_R3.event.CraftEventFactory.callBlockIgniteEvent(CraftEventFactory.java:1431) ~[spigot-1.21.4-R0.1-SNAPSHOT.jar:4446-Spigot-e5a64e7-e954502]
	at net.minecraft.world.level.material.FluidTypeLava.a(FluidTypeLava.java:90) ~[spigot-1.21.4-R0.1-SNAPSHOT.jar:4446-Spigot-e5a64e7-e954502]
	at net.minecraft.world.level.material.Fluid.a(SourceFile:92) ~[spigot-1.21.4-R0.1-SNAPSHOT.jar:4446-Spigot-e5a64e7-e954502]
	at net.minecraft.world.level.block.BlockFluids.b(BlockFluids.java:101) ~[spigot-1.21.4-R0.1-SNAPSHOT.jar:4446-Spigot-e5a64e7-e954502]
	at net.minecraft.world.level.block.state.BlockBase$BlockData.b(BlockBase.java:1166) ~[spigot-1.21.4-R0.1-SNAPSHOT.jar:4446-Spigot-e5a64e7-e954502]
	at net.minecraft.server.level.WorldServer.a(WorldServer.java:569) ~[spigot-1.21.4-R0.1-SNAPSHOT.jar:4446-Spigot-e5a64e7-e954502]
	at net.minecraft.server.level.ChunkProviderServer.a(ChunkProviderServer.java:478) ~[spigot-1.21.4-R0.1-SNAPSHOT.jar:4446-Spigot-e5a64e7-e954502]
	at net.minecraft.server.level.ChunkProviderServer.t(ChunkProviderServer.java:406) ~[spigot-1.21.4-R0.1-SNAPSHOT.jar:4446-Spigot-e5a64e7-e954502]
	at net.minecraft.server.level.ChunkProviderServer.a(ChunkProviderServer.java:375) ~[spigot-1.21.4-R0.1-SNAPSHOT.jar:4446-Spigot-e5a64e7-e954502]
	at net.minecraft.server.level.WorldServer.a(WorldServer.java:403) ~[spigot-1.21.4-R0.1-SNAPSHOT.jar:4446-Spigot-e5a64e7-e954502]
	at net.minecraft.server.MinecraftServer.c(MinecraftServer.java:1549) ~[spigot-1.21.4-R0.1-SNAPSHOT.jar:4446-Spigot-e5a64e7-e954502]
	at net.minecraft.server.MinecraftServer.a(MinecraftServer.java:1391) ~[spigot-1.21.4-R0.1-SNAPSHOT.jar:4446-Spigot-e5a64e7-e954502]
	at net.minecraft.server.MinecraftServer.y(MinecraftServer.java:1093) ~[spigot-1.21.4-R0.1-SNAPSHOT.jar:4446-Spigot-e5a64e7-e954502]
	... 2 more
[07:48:25] [Server thread/ERROR]: Could not pass event PlayerInteractEvent to WorldGuard v7.0.11+068ad68
org.bukkit.event.EventException: null
	at org.bukkit.plugin.java.JavaPluginLoader$1.execute(JavaPluginLoader.java:310) ~[spigot-api-1.21.4-R0.1-SNAPSHOT.jar:?]
	at org.bukkit.plugin.RegisteredListener.callEvent(RegisteredListener.java:70) ~[spigot-api-1.21.4-R0.1-SNAPSHOT.jar:?]
	at org.bukkit.plugin.SimplePluginManager.fireEvent(SimplePluginManager.java:601) ~[spigot-api-1.21.4-R0.1-SNAPSHOT.jar:?]
	at org.bukkit.plugin.SimplePluginManager.callEvent(SimplePluginManager.java:588) ~[spigot-api-1.21.4-R0.1-SNAPSHOT.jar:?]
	at org.bukkit.craftbukkit.v1_21_R3.event.CraftEventFactory.callPlayerInteractEvent(CraftEventFactory.java:590) ~[spigot-1.21.4-R0.1-SNAPSHOT.jar:4446-Spigot-e5a64e7-e954502]
	at org.bukkit.craftbukkit.v1_21_R3.event.CraftEventFactory.callPlayerInteractEvent(CraftEventFactory.java:564) ~[spigot-1.21.4-R0.1-SNAPSHOT.jar:4446-Spigot-e5a64e7-e954502]
	at org.bukkit.craftbukkit.v1_21_R3.event.CraftEventFactory.callPlayerInteractEvent(CraftEventFactory.java:550) ~[spigot-1.21.4-R0.1-SNAPSHOT.jar:4446-Spigot-e5a64e7-e954502]
	at net.minecraft.server.level.PlayerInteractManager.a(PlayerInteractManager.java:191) ~[spigot-1.21.4-R0.1-SNAPSHOT.jar:4446-Spigot-e5a64e7-e954502]
	at net.minecraft.server.network.PlayerConnection.a(PlayerConnection.java:1592) ~[spigot-1.21.4-R0.1-SNAPSHOT.jar:4446-Spigot-e5a64e7-e954502]
	at net.minecraft.network.protocol.game.PacketPlayInBlockDig.a(SourceFile:50) ~[spigot-1.21.4-R0.1-SNAPSHOT.jar:4446-Spigot-e5a64e7-e954502]
	at net.minecraft.network.protocol.game.PacketPlayInBlockDig.a(SourceFile:10) ~[spigot-1.21.4-R0.1-SNAPSHOT.jar:4446-Spigot-e5a64e7-e954502]
	at net.minecraft.network.protocol.PlayerConnectionUtils.lambda$ensureRunningOnSameThread$0(PlayerConnectionUtils.java:35) ~[spigot-1.21.4-R0.1-SNAPSHOT.jar:4446-Spigot-e5a64e7-e954502]
	at net.minecraft.server.TickTask.run(SourceFile:18) ~[spigot-1.21.4-R0.1-SNAPSHOT.jar:4446-Spigot-e5a64e7-e954502]
	at net.minecraft.util.thread.IAsyncTaskHandler.d(SourceFile:164) ~[spigot-1.21.4-R0.1-SNAPSHOT.jar:4446-Spigot-e5a64e7-e954502]
	at net.minecraft.util.thread.IAsyncTaskHandlerReentrant.d(SourceFile:23) ~[spigot-1.21.4-R0.1-SNAPSHOT.jar:4446-Spigot-e5a64e7-e954502]
	at net.minecraft.server.MinecraftServer.b(MinecraftServer.java:1319) ~[spigot-1.21.4-R0.1-SNAPSHOT.jar:4446-Spigot-e5a64e7-e954502]
	at net.minecraft.server.MinecraftServer.d(MinecraftServer.java:210) ~[spigot-1.21.4-R0.1-SNAPSHOT.jar:4446-Spigot-e5a64e7-e954502]
	at net.minecraft.util.thread.IAsyncTaskHandler.B(SourceFile:138) ~[spigot-1.21.4-R0.1-SNAPSHOT.jar:4446-Spigot-e5a64e7-e954502]
	at net.minecraft.server.MinecraftServer.bv(MinecraftServer.java:1298) ~[spigot-1.21.4-R0.1-SNAPSHOT.jar:4446-Spigot-e5a64e7-e954502]
	at net.minecraft.server.MinecraftServer.B(MinecraftServer.java:1291) ~[spigot-1.21.4-R0.1-SNAPSHOT.jar:4446-Spigot-e5a64e7-e954502]
	at net.minecraft.util.thread.IAsyncTaskHandler.b(SourceFile:147) ~[spigot-1.21.4-R0.1-SNAPSHOT.jar:4446-Spigot-e5a64e7-e954502]
	at net.minecraft.server.MinecraftServer.b(MinecraftServer.java:1248) ~[spigot-1.21.4-R0.1-SNAPSHOT.jar:4446-Spigot-e5a64e7-e954502]
	at net.minecraft.server.MinecraftServer.x_(MinecraftServer.java:1258) ~[spigot-1.21.4-R0.1-SNAPSHOT.jar:4446-Spigot-e5a64e7-e954502]
	at net.minecraft.server.MinecraftServer.y(MinecraftServer.java:1101) ~[spigot-1.21.4-R0.1-SNAPSHOT.jar:4446-Spigot-e5a64e7-e954502]
	at net.minecraft.server.MinecraftServer.lambda$spin$0(MinecraftServer.java:329) ~[spigot-1.21.4-R0.1-SNAPSHOT.jar:4446-Spigot-e5a64e7-e954502]
	at java.base/java.lang.Thread.run(Thread.java:1583) [?:?]
Caused by: java.lang.NoClassDefFoundError: Could not initialize class com.sk89q.worldguard.bukkit.util.Materials
	at com.sk89q.worldguard.bukkit.listener.EventAbstractionListener.isItemAppliedToBlock(EventAbstractionListener.java:1280) ~[?:?]
	at com.sk89q.worldguard.bukkit.listener.EventAbstractionListener.onPlayerInteract(EventAbstractionListener.java:536) ~[?:?]
	at java.base/jdk.internal.reflect.DirectMethodHandleAccessor.invoke(DirectMethodHandleAccessor.java:103) ~[?:?]
	at java.base/java.lang.reflect.Method.invoke(Method.java:580) ~[?:?]
	at org.bukkit.plugin.java.JavaPluginLoader$1.execute(JavaPluginLoader.java:306) ~[spigot-api-1.21.4-R0.1-SNAPSHOT.jar:?]
	... 25 more
Caused by: java.lang.ExceptionInInitializerError: Exception java.lang.NoSuchFieldError: Class org.bukkit.Tag does not have member field 'org.bukkit.Tag ITEMS_TRIM_TEMPLATES' [in thread "Server thread"]
	at com.sk89q.worldguard.bukkit.util.Materials.<clinit>(Materials.java:913) ~[?:?]
	at com.sk89q.worldguard.bukkit.listener.RegionFlagsListener.onPlaceBlock(RegionFlagsListener.java:67) ~[?:?]
	at java.base/jdk.internal.reflect.DirectMethodHandleAccessor.invoke(DirectMethodHandleAccessor.java:103) ~[?:?]
	at java.base/java.lang.reflect.Method.invoke(Method.java:580) ~[?:?]
	at org.bukkit.plugin.java.JavaPluginLoader$1.execute(JavaPluginLoader.java:306) ~[spigot-api-1.21.4-R0.1-SNAPSHOT.jar:?]
	at org.bukkit.plugin.RegisteredListener.callEvent(RegisteredListener.java:70) ~[spigot-api-1.21.4-R0.1-SNAPSHOT.jar:?]
	at org.bukkit.plugin.SimplePluginManager.fireEvent(SimplePluginManager.java:601) ~[spigot-api-1.21.4-R0.1-SNAPSHOT.jar:?]
	at org.bukkit.plugin.SimplePluginManager.callEvent(SimplePluginManager.java:588) ~[spigot-api-1.21.4-R0.1-SNAPSHOT.jar:?]
	at com.sk89q.worldguard.bukkit.util.Events.fireToCancel(Events.java:74) ~[?:?]
	at com.sk89q.worldguard.bukkit.listener.EventAbstractionListener.onBlockIgnite(EventAbstractionListener.java:632) ~[?:?]
	at java.base/jdk.internal.reflect.DirectMethodHandleAccessor.invoke(DirectMethodHandleAccessor.java:103) ~[?:?]
	at java.base/java.lang.reflect.Method.invoke(Method.java:580) ~[?:?]
	at org.bukkit.plugin.java.JavaPluginLoader$1.execute(JavaPluginLoader.java:306) ~[spigot-api-1.21.4-R0.1-SNAPSHOT.jar:?]
	at org.bukkit.plugin.RegisteredListener.callEvent(RegisteredListener.java:70) ~[spigot-api-1.21.4-R0.1-SNAPSHOT.jar:?]
	at org.bukkit.plugin.SimplePluginManager.fireEvent(SimplePluginManager.java:601) ~[spigot-api-1.21.4-R0.1-SNAPSHOT.jar:?]
	at org.bukkit.plugin.SimplePluginManager.callEvent(SimplePluginManager.java:588) ~[spigot-api-1.21.4-R0.1-SNAPSHOT.jar:?]
	at org.bukkit.craftbukkit.v1_21_R3.event.CraftEventFactory.callBlockIgniteEvent(CraftEventFactory.java:1431) ~[spigot-1.21.4-R0.1-SNAPSHOT.jar:4446-Spigot-e5a64e7-e954502]
	at net.minecraft.world.level.material.FluidTypeLava.a(FluidTypeLava.java:90) ~[spigot-1.21.4-R0.1-SNAPSHOT.jar:4446-Spigot-e5a64e7-e954502]
	at net.minecraft.world.level.material.Fluid.a(SourceFile:92) ~[spigot-1.21.4-R0.1-SNAPSHOT.jar:4446-Spigot-e5a64e7-e954502]
	at net.minecraft.world.level.block.BlockFluids.b(BlockFluids.java:101) ~[spigot-1.21.4-R0.1-SNAPSHOT.jar:4446-Spigot-e5a64e7-e954502]
	at net.minecraft.world.level.block.state.BlockBase$BlockData.b(BlockBase.java:1166) ~[spigot-1.21.4-R0.1-SNAPSHOT.jar:4446-Spigot-e5a64e7-e954502]
	at net.minecraft.server.level.WorldServer.a(WorldServer.java:569) ~[spigot-1.21.4-R0.1-SNAPSHOT.jar:4446-Spigot-e5a64e7-e954502]
	at net.minecraft.server.level.ChunkProviderServer.a(ChunkProviderServer.java:478) ~[spigot-1.21.4-R0.1-SNAPSHOT.jar:4446-Spigot-e5a64e7-e954502]
	at net.minecraft.server.level.ChunkProviderServer.t(ChunkProviderServer.java:406) ~[spigot-1.21.4-R0.1-SNAPSHOT.jar:4446-Spigot-e5a64e7-e954502]
	at net.minecraft.server.level.ChunkProviderServer.a(ChunkProviderServer.java:375) ~[spigot-1.21.4-R0.1-SNAPSHOT.jar:4446-Spigot-e5a64e7-e954502]
	at net.minecraft.server.level.WorldServer.a(WorldServer.java:403) ~[spigot-1.21.4-R0.1-SNAPSHOT.jar:4446-Spigot-e5a64e7-e954502]
	at net.minecraft.server.MinecraftServer.c(MinecraftServer.java:1549) ~[spigot-1.21.4-R0.1-SNAPSHOT.jar:4446-Spigot-e5a64e7-e954502]
	at net.minecraft.server.MinecraftServer.a(MinecraftServer.java:1391) ~[spigot-1.21.4-R0.1-SNAPSHOT.jar:4446-Spigot-e5a64e7-e954502]
	at net.minecraft.server.MinecraftServer.y(MinecraftServer.java:1093) ~[spigot-1.21.4-R0.1-SNAPSHOT.jar:4446-Spigot-e5a64e7-e954502]
	... 2 more
[07:48:26] [Server thread/ERROR]: Could not pass event PlayerInteractEvent to WorldGuard v7.0.11+068ad68
org.bukkit.event.EventException: null
	at org.bukkit.plugin.java.JavaPluginLoader$1.execute(JavaPluginLoader.java:310) ~[spigot-api-1.21.4-R0.1-SNAPSHOT.jar:?]
	at org.bukkit.plugin.RegisteredListener.callEvent(RegisteredListener.java:70) ~[spigot-api-1.21.4-R0.1-SNAPSHOT.jar:?]
	at org.bukkit.plugin.SimplePluginManager.fireEvent(SimplePluginManager.java:601) ~[spigot-api-1.21.4-R0.1-SNAPSHOT.jar:?]
	at org.bukkit.plugin.SimplePluginManager.callEvent(SimplePluginManager.java:588) ~[spigot-api-1.21.4-R0.1-SNAPSHOT.jar:?]
	at org.bukkit.craftbukkit.v1_21_R3.event.CraftEventFactory.callPlayerInteractEvent(CraftEventFactory.java:590) ~[spigot-1.21.4-R0.1-SNAPSHOT.jar:4446-Spigot-e5a64e7-e954502]
	at org.bukkit.craftbukkit.v1_21_R3.event.CraftEventFactory.callPlayerInteractEvent(CraftEventFactory.java:564) ~[spigot-1.21.4-R0.1-SNAPSHOT.jar:4446-Spigot-e5a64e7-e954502]
	at net.minecraft.server.level.PlayerInteractManager.a(PlayerInteractManager.java:510) ~[spigot-1.21.4-R0.1-SNAPSHOT.jar:4446-Spigot-e5a64e7-e954502]
	at net.minecraft.server.network.PlayerConnection.a(PlayerConnection.java:1659) ~[spigot-1.21.4-R0.1-SNAPSHOT.jar:4446-Spigot-e5a64e7-e954502]
	at net.minecraft.network.protocol.game.PacketPlayInUseItem.a(PacketPlayInUseItem.java:44) ~[spigot-1.21.4-R0.1-SNAPSHOT.jar:4446-Spigot-e5a64e7-e954502]
	at net.minecraft.network.protocol.game.PacketPlayInUseItem.a(PacketPlayInUseItem.java:11) ~[spigot-1.21.4-R0.1-SNAPSHOT.jar:4446-Spigot-e5a64e7-e954502]
	at net.minecraft.network.protocol.PlayerConnectionUtils.lambda$ensureRunningOnSameThread$0(PlayerConnectionUtils.java:35) ~[spigot-1.21.4-R0.1-SNAPSHOT.jar:4446-Spigot-e5a64e7-e954502]
	at net.minecraft.server.TickTask.run(SourceFile:18) ~[spigot-1.21.4-R0.1-SNAPSHOT.jar:4446-Spigot-e5a64e7-e954502]
	at net.minecraft.util.thread.IAsyncTaskHandler.d(SourceFile:164) ~[spigot-1.21.4-R0.1-SNAPSHOT.jar:4446-Spigot-e5a64e7-e954502]
	at net.minecraft.util.thread.IAsyncTaskHandlerReentrant.d(SourceFile:23) ~[spigot-1.21.4-R0.1-SNAPSHOT.jar:4446-Spigot-e5a64e7-e954502]
	at net.minecraft.server.MinecraftServer.b(MinecraftServer.java:1319) ~[spigot-1.21.4-R0.1-SNAPSHOT.jar:4446-Spigot-e5a64e7-e954502]
	at net.minecraft.server.MinecraftServer.d(MinecraftServer.java:210) ~[spigot-1.21.4-R0.1-SNAPSHOT.jar:4446-Spigot-e5a64e7-e954502]
	at net.minecraft.util.thread.IAsyncTaskHandler.B(SourceFile:138) ~[spigot-1.21.4-R0.1-SNAPSHOT.jar:4446-Spigot-e5a64e7-e954502]
	at net.minecraft.server.MinecraftServer.bv(MinecraftServer.java:1298) ~[spigot-1.21.4-R0.1-SNAPSHOT.jar:4446-Spigot-e5a64e7-e954502]
	at net.minecraft.server.MinecraftServer.B(MinecraftServer.java:1291) ~[spigot-1.21.4-R0.1-SNAPSHOT.jar:4446-Spigot-e5a64e7-e954502]
	at net.minecraft.util.thread.IAsyncTaskHandler.bA(SourceFile:123) ~[spigot-1.21.4-R0.1-SNAPSHOT.jar:4446-Spigot-e5a64e7-e954502]
	at net.minecraft.server.MinecraftServer.x_(MinecraftServer.java:1254) ~[spigot-1.21.4-R0.1-SNAPSHOT.jar:4446-Spigot-e5a64e7-e954502]
	at net.minecraft.server.MinecraftServer.y(MinecraftServer.java:1101) ~[spigot-1.21.4-R0.1-SNAPSHOT.jar:4446-Spigot-e5a64e7-e954502]
	at net.minecraft.server.MinecraftServer.lambda$spin$0(MinecraftServer.java:329) ~[spigot-1.21.4-R0.1-SNAPSHOT.jar:4446-Spigot-e5a64e7-e954502]
	at java.base/java.lang.Thread.run(Thread.java:1583) [?:?]
Caused by: java.lang.NoClassDefFoundError: Could not initialize class com.sk89q.worldguard.bukkit.util.Materials
	at com.sk89q.worldguard.bukkit.listener.EventAbstractionListener.handleBlockRightClick(EventAbstractionListener.java:1187) ~[?:?]
	at com.sk89q.worldguard.bukkit.listener.EventAbstractionListener.onPlayerInteract(EventAbstractionListener.java:528) ~[?:?]
	at java.base/jdk.internal.reflect.DirectMethodHandleAccessor.invoke(DirectMethodHandleAccessor.java:103) ~[?:?]
	at java.base/java.lang.reflect.Method.invoke(Method.java:580) ~[?:?]
	at org.bukkit.plugin.java.JavaPluginLoader$1.execute(JavaPluginLoader.java:306) ~[spigot-api-1.21.4-R0.1-SNAPSHOT.jar:?]
	... 23 more
Caused by: java.lang.ExceptionInInitializerError: Exception java.lang.NoSuchFieldError: Class org.bukkit.Tag does not have member field 'org.bukkit.Tag ITEMS_TRIM_TEMPLATES' [in thread "Server thread"]
	at com.sk89q.worldguard.bukkit.util.Materials.<clinit>(Materials.java:913) ~[?:?]
	at com.sk89q.worldguard.bukkit.listener.RegionFlagsListener.onPlaceBlock(RegionFlagsListener.java:67) ~[?:?]
	at java.base/jdk.internal.reflect.DirectMethodHandleAccessor.invoke(DirectMethodHandleAccessor.java:103) ~[?:?]
	at java.base/java.lang.reflect.Method.invoke(Method.java:580) ~[?:?]
	at org.bukkit.plugin.java.JavaPluginLoader$1.execute(JavaPluginLoader.java:306) ~[spigot-api-1.21.4-R0.1-SNAPSHOT.jar:?]
	at org.bukkit.plugin.RegisteredListener.callEvent(RegisteredListener.java:70) ~[spigot-api-1.21.4-R0.1-SNAPSHOT.jar:?]
	at org.bukkit.plugin.SimplePluginManager.fireEvent(SimplePluginManager.java:601) ~[spigot-api-1.21.4-R0.1-SNAPSHOT.jar:?]
	at org.bukkit.plugin.SimplePluginManager.callEvent(SimplePluginManager.java:588) ~[spigot-api-1.21.4-R0.1-SNAPSHOT.jar:?]
	at com.sk89q.worldguard.bukkit.util.Events.fireToCancel(Events.java:74) ~[?:?]
	at com.sk89q.worldguard.bukkit.listener.EventAbstractionListener.onBlockIgnite(EventAbstractionListener.java:632) ~[?:?]
	at java.base/jdk.internal.reflect.DirectMethodHandleAccessor.invoke(DirectMethodHandleAccessor.java:103) ~[?:?]
	at java.base/java.lang.reflect.Method.invoke(Method.java:580) ~[?:?]
	at org.bukkit.plugin.java.JavaPluginLoader$1.execute(JavaPluginLoader.java:306) ~[spigot-api-1.21.4-R0.1-SNAPSHOT.jar:?]
	at org.bukkit.plugin.RegisteredListener.callEvent(RegisteredListener.java:70) ~[spigot-api-1.21.4-R0.1-SNAPSHOT.jar:?]
	at org.bukkit.plugin.SimplePluginManager.fireEvent(SimplePluginManager.java:601) ~[spigot-api-1.21.4-R0.1-SNAPSHOT.jar:?]
	at org.bukkit.plugin.SimplePluginManager.callEvent(SimplePluginManager.java:588) ~[spigot-api-1.21.4-R0.1-SNAPSHOT.jar:?]
	at org.bukkit.craftbukkit.v1_21_R3.event.CraftEventFactory.callBlockIgniteEvent(CraftEventFactory.java:1431) ~[spigot-1.21.4-R0.1-SNAPSHOT.jar:4446-Spigot-e5a64e7-e954502]
	at net.minecraft.world.level.material.FluidTypeLava.a(FluidTypeLava.java:90) ~[spigot-1.21.4-R0.1-SNAPSHOT.jar:4446-Spigot-e5a64e7-e954502]
	at net.minecraft.world.level.material.Fluid.a(SourceFile:92) ~[spigot-1.21.4-R0.1-SNAPSHOT.jar:4446-Spigot-e5a64e7-e954502]
	at net.minecraft.world.level.block.BlockFluids.b(BlockFluids.java:101) ~[spigot-1.21.4-R0.1-SNAPSHOT.jar:4446-Spigot-e5a64e7-e954502]
	at net.minecraft.world.level.block.state.BlockBase$BlockData.b(BlockBase.java:1166) ~[spigot-1.21.4-R0.1-SNAPSHOT.jar:4446-Spigot-e5a64e7-e954502]
	at net.minecraft.server.level.WorldServer.a(WorldServer.java:569) ~[spigot-1.21.4-R0.1-SNAPSHOT.jar:4446-Spigot-e5a64e7-e954502]
	at net.minecraft.server.level.ChunkProviderServer.a(ChunkProviderServer.java:478) ~[spigot-1.21.4-R0.1-SNAPSHOT.jar:4446-Spigot-e5a64e7-e954502]
	at net.minecraft.server.level.ChunkProviderServer.t(ChunkProviderServer.java:406) ~[spigot-1.21.4-R0.1-SNAPSHOT.jar:4446-Spigot-e5a64e7-e954502]
	at net.minecraft.server.level.ChunkProviderServer.a(ChunkProviderServer.java:375) ~[spigot-1.21.4-R0.1-SNAPSHOT.jar:4446-Spigot-e5a64e7-e954502]
	at net.minecraft.server.level.WorldServer.a(WorldServer.java:403) ~[spigot-1.21.4-R0.1-SNAPSHOT.jar:4446-Spigot-e5a64e7-e954502]
	at net.minecraft.server.MinecraftServer.c(MinecraftServer.java:1549) ~[spigot-1.21.4-R0.1-SNAPSHOT.jar:4446-Spigot-e5a64e7-e954502]
	at net.minecraft.server.MinecraftServer.a(MinecraftServer.java:1391) ~[spigot-1.21.4-R0.1-SNAPSHOT.jar:4446-Spigot-e5a64e7-e954502]
	at net.minecraft.server.MinecraftServer.y(MinecraftServer.java:1093) ~[spigot-1.21.4-R0.1-SNAPSHOT.jar:4446-Spigot-e5a64e7-e954502]
	... 2 more
[07:48:26] [Server thread/ERROR]: Could not pass event PlayerInteractEvent to WorldGuard v7.0.11+068ad68
org.bukkit.event.EventException: null
	at org.bukkit.plugin.java.JavaPluginLoader$1.execute(JavaPluginLoader.java:310) ~[spigot-api-1.21.4-R0.1-SNAPSHOT.jar:?]
	at org.bukkit.plugin.RegisteredListener.callEvent(RegisteredListener.java:70) ~[spigot-api-1.21.4-R0.1-SNAPSHOT.jar:?]
	at org.bukkit.plugin.SimplePluginManager.fireEvent(SimplePluginManager.java:601) ~[spigot-api-1.21.4-R0.1-SNAPSHOT.jar:?]
	at org.bukkit.plugin.SimplePluginManager.callEvent(SimplePluginManager.java:588) ~[spigot-api-1.21.4-R0.1-SNAPSHOT.jar:?]
	at org.bukkit.craftbukkit.v1_21_R3.event.CraftEventFactory.callPlayerInteractEvent(CraftEventFactory.java:590) ~[spigot-1.21.4-R0.1-SNAPSHOT.jar:4446-Spigot-e5a64e7-e954502]
	at org.bukkit.craftbukkit.v1_21_R3.event.CraftEventFactory.callPlayerInteractEvent(CraftEventFactory.java:564) ~[spigot-1.21.4-R0.1-SNAPSHOT.jar:4446-Spigot-e5a64e7-e954502]
	at net.minecraft.server.level.PlayerInteractManager.a(PlayerInteractManager.java:510) ~[spigot-1.21.4-R0.1-SNAPSHOT.jar:4446-Spigot-e5a64e7-e954502]
	at net.minecraft.server.network.PlayerConnection.a(PlayerConnection.java:1659) ~[spigot-1.21.4-R0.1-SNAPSHOT.jar:4446-Spigot-e5a64e7-e954502]
	at net.minecraft.network.protocol.game.PacketPlayInUseItem.a(PacketPlayInUseItem.java:44) ~[spigot-1.21.4-R0.1-SNAPSHOT.jar:4446-Spigot-e5a64e7-e954502]
	at net.minecraft.network.protocol.game.PacketPlayInUseItem.a(PacketPlayInUseItem.java:11) ~[spigot-1.21.4-R0.1-SNAPSHOT.jar:4446-Spigot-e5a64e7-e954502]
	at net.minecraft.network.protocol.PlayerConnectionUtils.lambda$ensureRunningOnSameThread$0(PlayerConnectionUtils.java:35) ~[spigot-1.21.4-R0.1-SNAPSHOT.jar:4446-Spigot-e5a64e7-e954502]
	at net.minecraft.server.TickTask.run(SourceFile:18) ~[spigot-1.21.4-R0.1-SNAPSHOT.jar:4446-Spigot-e5a64e7-e954502]
	at net.minecraft.util.thread.IAsyncTaskHandler.d(SourceFile:164) ~[spigot-1.21.4-R0.1-SNAPSHOT.jar:4446-Spigot-e5a64e7-e954502]
	at net.minecraft.util.thread.IAsyncTaskHandlerReentrant.d(SourceFile:23) ~[spigot-1.21.4-R0.1-SNAPSHOT.jar:4446-Spigot-e5a64e7-e954502]
	at net.minecraft.server.MinecraftServer.b(MinecraftServer.java:1319) ~[spigot-1.21.4-R0.1-SNAPSHOT.jar:4446-Spigot-e5a64e7-e954502]
	at net.minecraft.server.MinecraftServer.d(MinecraftServer.java:210) ~[spigot-1.21.4-R0.1-SNAPSHOT.jar:4446-Spigot-e5a64e7-e954502]
	at net.minecraft.util.thread.IAsyncTaskHandler.B(SourceFile:138) ~[spigot-1.21.4-R0.1-SNAPSHOT.jar:4446-Spigot-e5a64e7-e954502]
	at net.minecraft.server.MinecraftServer.bv(MinecraftServer.java:1298) ~[spigot-1.21.4-R0.1-SNAPSHOT.jar:4446-Spigot-e5a64e7-e954502]
	at net.minecraft.server.MinecraftServer.B(MinecraftServer.java:1291) ~[spigot-1.21.4-R0.1-SNAPSHOT.jar:4446-Spigot-e5a64e7-e954502]
	at net.minecraft.util.thread.IAsyncTaskHandler.bA(SourceFile:123) ~[spigot-1.21.4-R0.1-SNAPSHOT.jar:4446-Spigot-e5a64e7-e954502]
	at net.minecraft.server.MinecraftServer.x_(MinecraftServer.java:1254) ~[spigot-1.21.4-R0.1-SNAPSHOT.jar:4446-Spigot-e5a64e7-e954502]
	at net.minecraft.server.MinecraftServer.y(MinecraftServer.java:1101) ~[spigot-1.21.4-R0.1-SNAPSHOT.jar:4446-Spigot-e5a64e7-e954502]
	at net.minecraft.server.MinecraftServer.lambda$spin$0(MinecraftServer.java:329) ~[spigot-1.21.4-R0.1-SNAPSHOT.jar:4446-Spigot-e5a64e7-e954502]
	at java.base/java.lang.Thread.run(Thread.java:1583) [?:?]
Caused by: java.lang.NoClassDefFoundError: Could not initialize class com.sk89q.worldguard.bukkit.util.Materials
	at com.sk89q.worldguard.bukkit.listener.WorldGuardPlayerListener.handleBlockRightClick(WorldGuardPlayerListener.java:248) ~[?:?]
	at com.sk89q.worldguard.bukkit.listener.WorldGuardPlayerListener.onPlayerInteract(WorldGuardPlayerListener.java:210) ~[?:?]
	at java.base/jdk.internal.reflect.DirectMethodHandleAccessor.invoke(DirectMethodHandleAccessor.java:103) ~[?:?]
	at java.base/java.lang.reflect.Method.invoke(Method.java:580) ~[?:?]
	at org.bukkit.plugin.java.JavaPluginLoader$1.execute(JavaPluginLoader.java:306) ~[spigot-api-1.21.4-R0.1-SNAPSHOT.jar:?]
	... 23 more
Caused by: java.lang.ExceptionInInitializerError: Exception java.lang.NoSuchFieldError: Class org.bukkit.Tag does not have member field 'org.bukkit.Tag ITEMS_TRIM_TEMPLATES' [in thread "Server thread"]
	at com.sk89q.worldguard.bukkit.util.Materials.<clinit>(Materials.java:913) ~[?:?]
	at com.sk89q.worldguard.bukkit.listener.RegionFlagsListener.onPlaceBlock(RegionFlagsListener.java:67) ~[?:?]
	at java.base/jdk.internal.reflect.DirectMethodHandleAccessor.invoke(DirectMethodHandleAccessor.java:103) ~[?:?]
	at java.base/java.lang.reflect.Method.invoke(Method.java:580) ~[?:?]
	at org.bukkit.plugin.java.JavaPluginLoader$1.execute(JavaPluginLoader.java:306) ~[spigot-api-1.21.4-R0.1-SNAPSHOT.jar:?]
	at org.bukkit.plugin.RegisteredListener.callEvent(RegisteredListener.java:70) ~[spigot-api-1.21.4-R0.1-SNAPSHOT.jar:?]
	at org.bukkit.plugin.SimplePluginManager.fireEvent(SimplePluginManager.java:601) ~[spigot-api-1.21.4-R0.1-SNAPSHOT.jar:?]
	at org.bukkit.plugin.SimplePluginManager.callEvent(SimplePluginManager.java:588) ~[spigot-api-1.21.4-R0.1-SNAPSHOT.jar:?]
	at com.sk89q.worldguard.bukkit.util.Events.fireToCancel(Events.java:74) ~[?:?]
	at com.sk89q.worldguard.bukkit.listener.EventAbstractionListener.onBlockIgnite(EventAbstractionListener.java:632) ~[?:?]
	at java.base/jdk.internal.reflect.DirectMethodHandleAccessor.invoke(DirectMethodHandleAccessor.java:103) ~[?:?]
	at java.base/java.lang.reflect.Method.invoke(Method.java:580) ~[?:?]
	at org.bukkit.plugin.java.JavaPluginLoader$1.execute(JavaPluginLoader.java:306) ~[spigot-api-1.21.4-R0.1-SNAPSHOT.jar:?]
	at org.bukkit.plugin.RegisteredListener.callEvent(RegisteredListener.java:70) ~[spigot-api-1.21.4-R0.1-SNAPSHOT.jar:?]
	at org.bukkit.plugin.SimplePluginManager.fireEvent(SimplePluginManager.java:601) ~[spigot-api-1.21.4-R0.1-SNAPSHOT.jar:?]
	at org.bukkit.plugin.SimplePluginManager.callEvent(SimplePluginManager.java:588) ~[spigot-api-1.21.4-R0.1-SNAPSHOT.jar:?]
	at org.bukkit.craftbukkit.v1_21_R3.event.CraftEventFactory.callBlockIgniteEvent(CraftEventFactory.java:1431) ~[spigot-1.21.4-R0.1-SNAPSHOT.jar:4446-Spigot-e5a64e7-e954502]
	at net.minecraft.world.level.material.FluidTypeLava.a(FluidTypeLava.java:90) ~[spigot-1.21.4-R0.1-SNAPSHOT.jar:4446-Spigot-e5a64e7-e954502]
	at net.minecraft.world.level.material.Fluid.a(SourceFile:92) ~[spigot-1.21.4-R0.1-SNAPSHOT.jar:4446-Spigot-e5a64e7-e954502]
	at net.minecraft.world.level.block.BlockFluids.b(BlockFluids.java:101) ~[spigot-1.21.4-R0.1-SNAPSHOT.jar:4446-Spigot-e5a64e7-e954502]
	at net.minecraft.world.level.block.state.BlockBase$BlockData.b(BlockBase.java:1166) ~[spigot-1.21.4-R0.1-SNAPSHOT.jar:4446-Spigot-e5a64e7-e954502]
	at net.minecraft.server.level.WorldServer.a(WorldServer.java:569) ~[spigot-1.21.4-R0.1-SNAPSHOT.jar:4446-Spigot-e5a64e7-e954502]
	at net.minecraft.server.level.ChunkProviderServer.a(ChunkProviderServer.java:478) ~[spigot-1.21.4-R0.1-SNAPSHOT.jar:4446-Spigot-e5a64e7-e954502]
	at net.minecraft.server.level.ChunkProviderServer.t(ChunkProviderServer.java:406) ~[spigot-1.21.4-R0.1-SNAPSHOT.jar:4446-Spigot-e5a64e7-e954502]
	at net.minecraft.server.level.ChunkProviderServer.a(ChunkProviderServer.java:375) ~[spigot-1.21.4-R0.1-SNAPSHOT.jar:4446-Spigot-e5a64e7-e954502]
	at net.minecraft.server.level.WorldServer.a(WorldServer.java:403) ~[spigot-1.21.4-R0.1-SNAPSHOT.jar:4446-Spigot-e5a64e7-e954502]
	at net.minecraft.server.MinecraftServer.c(MinecraftServer.java:1549) ~[spigot-1.21.4-R0.1-SNAPSHOT.jar:4446-Spigot-e5a64e7-e954502]
	at net.minecraft.server.MinecraftServer.a(MinecraftServer.java:1391) ~[spigot-1.21.4-R0.1-SNAPSHOT.jar:4446-Spigot-e5a64e7-e954502]
	at net.minecraft.server.MinecraftServer.y(MinecraftServer.java:1093) ~[spigot-1.21.4-R0.1-SNAPSHOT.jar:4446-Spigot-e5a64e7-e954502]
	... 2 more
[07:49:00] [Server thread/ERROR]: Could not pass event PlayerInteractEvent to WorldGuard v7.0.11+068ad68
org.bukkit.event.EventException: null
	at org.bukkit.plugin.java.JavaPluginLoader$1.execute(JavaPluginLoader.java:310) ~[spigot-api-1.21.4-R0.1-SNAPSHOT.jar:?]
	at org.bukkit.plugin.RegisteredListener.callEvent(RegisteredListener.java:70) ~[spigot-api-1.21.4-R0.1-SNAPSHOT.jar:?]
	at org.bukkit.plugin.SimplePluginManager.fireEvent(SimplePluginManager.java:601) ~[spigot-api-1.21.4-R0.1-SNAPSHOT.jar:?]
	at org.bukkit.plugin.SimplePluginManager.callEvent(SimplePluginManager.java:588) ~[spigot-api-1.21.4-R0.1-SNAPSHOT.jar:?]
	at org.bukkit.craftbukkit.v1_21_R3.event.CraftEventFactory.callPlayerInteractEvent(CraftEventFactory.java:590) ~[spigot-1.21.4-R0.1-SNAPSHOT.jar:4446-Spigot-e5a64e7-e954502]
	at org.bukkit.craftbukkit.v1_21_R3.event.CraftEventFactory.callPlayerInteractEvent(CraftEventFactory.java:564) ~[spigot-1.21.4-R0.1-SNAPSHOT.jar:4446-Spigot-e5a64e7-e954502]
	at net.minecraft.server.level.PlayerInteractManager.a(PlayerInteractManager.java:510) ~[spigot-1.21.4-R0.1-SNAPSHOT.jar:4446-Spigot-e5a64e7-e954502]
	at net.minecraft.server.network.PlayerConnection.a(PlayerConnection.java:1659) ~[spigot-1.21.4-R0.1-SNAPSHOT.jar:4446-Spigot-e5a64e7-e954502]
	at net.minecraft.network.protocol.game.PacketPlayInUseItem.a(PacketPlayInUseItem.java:44) ~[spigot-1.21.4-R0.1-SNAPSHOT.jar:4446-Spigot-e5a64e7-e954502]
	at net.minecraft.network.protocol.game.PacketPlayInUseItem.a(PacketPlayInUseItem.java:11) ~[spigot-1.21.4-R0.1-SNAPSHOT.jar:4446-Spigot-e5a64e7-e954502]
	at net.minecraft.network.protocol.PlayerConnectionUtils.lambda$ensureRunningOnSameThread$0(PlayerConnectionUtils.java:35) ~[spigot-1.21.4-R0.1-SNAPSHOT.jar:4446-Spigot-e5a64e7-e954502]
	at net.minecraft.server.TickTask.run(SourceFile:18) ~[spigot-1.21.4-R0.1-SNAPSHOT.jar:4446-Spigot-e5a64e7-e954502]
	at net.minecraft.util.thread.IAsyncTaskHandler.d(SourceFile:164) ~[spigot-1.21.4-R0.1-SNAPSHOT.jar:4446-Spigot-e5a64e7-e954502]
	at net.minecraft.util.thread.IAsyncTaskHandlerReentrant.d(SourceFile:23) ~[spigot-1.21.4-R0.1-SNAPSHOT.jar:4446-Spigot-e5a64e7-e954502]
	at net.minecraft.server.MinecraftServer.b(MinecraftServer.java:1319) ~[spigot-1.21.4-R0.1-SNAPSHOT.jar:4446-Spigot-e5a64e7-e954502]
	at net.minecraft.server.MinecraftServer.d(MinecraftServer.java:210) ~[spigot-1.21.4-R0.1-SNAPSHOT.jar:4446-Spigot-e5a64e7-e954502]
	at net.minecraft.util.thread.IAsyncTaskHandler.B(SourceFile:138) ~[spigot-1.21.4-R0.1-SNAPSHOT.jar:4446-Spigot-e5a64e7-e954502]
	at net.minecraft.server.MinecraftServer.bv(MinecraftServer.java:1298) ~[spigot-1.21.4-R0.1-SNAPSHOT.jar:4446-Spigot-e5a64e7-e954502]
	at net.minecraft.server.MinecraftServer.B(MinecraftServer.java:1291) ~[spigot-1.21.4-R0.1-SNAPSHOT.jar:4446-Spigot-e5a64e7-e954502]
	at net.minecraft.util.thread.IAsyncTaskHandler.b(SourceFile:147) ~[spigot-1.21.4-R0.1-SNAPSHOT.jar:4446-Spigot-e5a64e7-e954502]
	at net.minecraft.server.MinecraftServer.b(MinecraftServer.java:1248) ~[spigot-1.21.4-R0.1-SNAPSHOT.jar:4446-Spigot-e5a64e7-e954502]
	at net.minecraft.server.MinecraftServer.x_(MinecraftServer.java:1258) ~[spigot-1.21.4-R0.1-SNAPSHOT.jar:4446-Spigot-e5a64e7-e954502]
	at net.minecraft.server.MinecraftServer.y(MinecraftServer.java:1101) ~[spigot-1.21.4-R0.1-SNAPSHOT.jar:4446-Spigot-e5a64e7-e954502]
	at net.minecraft.server.MinecraftServer.lambda$spin$0(MinecraftServer.java:329) ~[spigot-1.21.4-R0.1-SNAPSHOT.jar:4446-Spigot-e5a64e7-e954502]
	at java.base/java.lang.Thread.run(Thread.java:1583) [?:?]
Caused by: java.lang.NoClassDefFoundError: Could not initialize class com.sk89q.worldguard.bukkit.util.Materials
	at com.sk89q.worldguard.bukkit.listener.EventAbstractionListener.handleBlockRightClick(EventAbstractionListener.java:1187) ~[?:?]
	at com.sk89q.worldguard.bukkit.listener.EventAbstractionListener.onPlayerInteract(EventAbstractionListener.java:528) ~[?:?]
	at java.base/jdk.internal.reflect.DirectMethodHandleAccessor.invoke(DirectMethodHandleAccessor.java:103) ~[?:?]
	at java.base/java.lang.reflect.Method.invoke(Method.java:580) ~[?:?]
	at org.bukkit.plugin.java.JavaPluginLoader$1.execute(JavaPluginLoader.java:306) ~[spigot-api-1.21.4-R0.1-SNAPSHOT.jar:?]
	... 24 more
Caused by: java.lang.ExceptionInInitializerError: Exception java.lang.NoSuchFieldError: Class org.bukkit.Tag does not have member field 'org.bukkit.Tag ITEMS_TRIM_TEMPLATES' [in thread "Server thread"]
	at com.sk89q.worldguard.bukkit.util.Materials.<clinit>(Materials.java:913) ~[?:?]
	at com.sk89q.worldguard.bukkit.listener.RegionFlagsListener.onPlaceBlock(RegionFlagsListener.java:67) ~[?:?]
	at java.base/jdk.internal.reflect.DirectMethodHandleAccessor.invoke(DirectMethodHandleAccessor.java:103) ~[?:?]
	at java.base/java.lang.reflect.Method.invoke(Method.java:580) ~[?:?]
	at org.bukkit.plugin.java.JavaPluginLoader$1.execute(JavaPluginLoader.java:306) ~[spigot-api-1.21.4-R0.1-SNAPSHOT.jar:?]
	at org.bukkit.plugin.RegisteredListener.callEvent(RegisteredListener.java:70) ~[spigot-api-1.21.4-R0.1-SNAPSHOT.jar:?]
	at org.bukkit.plugin.SimplePluginManager.fireEvent(SimplePluginManager.java:601) ~[spigot-api-1.21.4-R0.1-SNAPSHOT.jar:?]
	at org.bukkit.plugin.SimplePluginManager.callEvent(SimplePluginManager.java:588) ~[spigot-api-1.21.4-R0.1-SNAPSHOT.jar:?]
	at com.sk89q.worldguard.bukkit.util.Events.fireToCancel(Events.java:74) ~[?:?]
	at com.sk89q.worldguard.bukkit.listener.EventAbstractionListener.onBlockIgnite(EventAbstractionListener.java:632) ~[?:?]
	at java.base/jdk.internal.reflect.DirectMethodHandleAccessor.invoke(DirectMethodHandleAccessor.java:103) ~[?:?]
	at java.base/java.lang.reflect.Method.invoke(Method.java:580) ~[?:?]
	at org.bukkit.plugin.java.JavaPluginLoader$1.execute(JavaPluginLoader.java:306) ~[spigot-api-1.21.4-R0.1-SNAPSHOT.jar:?]
	at org.bukkit.plugin.RegisteredListener.callEvent(RegisteredListener.java:70) ~[spigot-api-1.21.4-R0.1-SNAPSHOT.jar:?]
	at org.bukkit.plugin.SimplePluginManager.fireEvent(SimplePluginManager.java:601) ~[spigot-api-1.21.4-R0.1-SNAPSHOT.jar:?]
	at org.bukkit.plugin.SimplePluginManager.callEvent(SimplePluginManager.java:588) ~[spigot-api-1.21.4-R0.1-SNAPSHOT.jar:?]
	at org.bukkit.craftbukkit.v1_21_R3.event.CraftEventFactory.callBlockIgniteEvent(CraftEventFactory.java:1431) ~[spigot-1.21.4-R0.1-SNAPSHOT.jar:4446-Spigot-e5a64e7-e954502]
	at net.minecraft.world.level.material.FluidTypeLava.a(FluidTypeLava.java:90) ~[spigot-1.21.4-R0.1-SNAPSHOT.jar:4446-Spigot-e5a64e7-e954502]
	at net.minecraft.world.level.material.Fluid.a(SourceFile:92) ~[spigot-1.21.4-R0.1-SNAPSHOT.jar:4446-Spigot-e5a64e7-e954502]
	at net.minecraft.world.level.block.BlockFluids.b(BlockFluids.java:101) ~[spigot-1.21.4-R0.1-SNAPSHOT.jar:4446-Spigot-e5a64e7-e954502]
	at net.minecraft.world.level.block.state.BlockBase$BlockData.b(BlockBase.java:1166) ~[spigot-1.21.4-R0.1-SNAPSHOT.jar:4446-Spigot-e5a64e7-e954502]
	at net.minecraft.server.level.WorldServer.a(WorldServer.java:569) ~[spigot-1.21.4-R0.1-SNAPSHOT.jar:4446-Spigot-e5a64e7-e954502]
	at net.minecraft.server.level.ChunkProviderServer.a(ChunkProviderServer.java:478) ~[spigot-1.21.4-R0.1-SNAPSHOT.jar:4446-Spigot-e5a64e7-e954502]
	at net.minecraft.server.level.ChunkProviderServer.t(ChunkProviderServer.java:406) ~[spigot-1.21.4-R0.1-SNAPSHOT.jar:4446-Spigot-e5a64e7-e954502]
	at net.minecraft.server.level.ChunkProviderServer.a(ChunkProviderServer.java:375) ~[spigot-1.21.4-R0.1-SNAPSHOT.jar:4446-Spigot-e5a64e7-e954502]
	at net.minecraft.server.level.WorldServer.a(WorldServer.java:403) ~[spigot-1.21.4-R0.1-SNAPSHOT.jar:4446-Spigot-e5a64e7-e954502]
	at net.minecraft.server.MinecraftServer.c(MinecraftServer.java:1549) ~[spigot-1.21.4-R0.1-SNAPSHOT.jar:4446-Spigot-e5a64e7-e954502]
	at net.minecraft.server.MinecraftServer.a(MinecraftServer.java:1391) ~[spigot-1.21.4-R0.1-SNAPSHOT.jar:4446-Spigot-e5a64e7-e954502]
	at net.minecraft.server.MinecraftServer.y(MinecraftServer.java:1093) ~[spigot-1.21.4-R0.1-SNAPSHOT.jar:4446-Spigot-e5a64e7-e954502]
	... 2 more
[07:49:00] [Server thread/ERROR]: Could not pass event PlayerInteractEvent to WorldGuard v7.0.11+068ad68
org.bukkit.event.EventException: null
	at org.bukkit.plugin.java.JavaPluginLoader$1.execute(JavaPluginLoader.java:310) ~[spigot-api-1.21.4-R0.1-SNAPSHOT.jar:?]
	at org.bukkit.plugin.RegisteredListener.callEvent(RegisteredListener.java:70) ~[spigot-api-1.21.4-R0.1-SNAPSHOT.jar:?]
	at org.bukkit.plugin.SimplePluginManager.fireEvent(SimplePluginManager.java:601) ~[spigot-api-1.21.4-R0.1-SNAPSHOT.jar:?]
	at org.bukkit.plugin.SimplePluginManager.callEvent(SimplePluginManager.java:588) ~[spigot-api-1.21.4-R0.1-SNAPSHOT.jar:?]
	at org.bukkit.craftbukkit.v1_21_R3.event.CraftEventFactory.callPlayerInteractEvent(CraftEventFactory.java:590) ~[spigot-1.21.4-R0.1-SNAPSHOT.jar:4446-Spigot-e5a64e7-e954502]
	at org.bukkit.craftbukkit.v1_21_R3.event.CraftEventFactory.callPlayerInteractEvent(CraftEventFactory.java:564) ~[spigot-1.21.4-R0.1-SNAPSHOT.jar:4446-Spigot-e5a64e7-e954502]
	at net.minecraft.server.level.PlayerInteractManager.a(PlayerInteractManager.java:510) ~[spigot-1.21.4-R0.1-SNAPSHOT.jar:4446-Spigot-e5a64e7-e954502]
	at net.minecraft.server.network.PlayerConnection.a(PlayerConnection.java:1659) ~[spigot-1.21.4-R0.1-SNAPSHOT.jar:4446-Spigot-e5a64e7-e954502]
	at net.minecraft.network.protocol.game.PacketPlayInUseItem.a(PacketPlayInUseItem.java:44) ~[spigot-1.21.4-R0.1-SNAPSHOT.jar:4446-Spigot-e5a64e7-e954502]
	at net.minecraft.network.protocol.game.PacketPlayInUseItem.a(PacketPlayInUseItem.java:11) ~[spigot-1.21.4-R0.1-SNAPSHOT.jar:4446-Spigot-e5a64e7-e954502]
	at net.minecraft.network.protocol.PlayerConnectionUtils.lambda$ensureRunningOnSameThread$0(PlayerConnectionUtils.java:35) ~[spigot-1.21.4-R0.1-SNAPSHOT.jar:4446-Spigot-e5a64e7-e954502]
	at net.minecraft.server.TickTask.run(SourceFile:18) ~[spigot-1.21.4-R0.1-SNAPSHOT.jar:4446-Spigot-e5a64e7-e954502]
	at net.minecraft.util.thread.IAsyncTaskHandler.d(SourceFile:164) ~[spigot-1.21.4-R0.1-SNAPSHOT.jar:4446-Spigot-e5a64e7-e954502]
	at net.minecraft.util.thread.IAsyncTaskHandlerReentrant.d(SourceFile:23) ~[spigot-1.21.4-R0.1-SNAPSHOT.jar:4446-Spigot-e5a64e7-e954502]
	at net.minecraft.server.MinecraftServer.b(MinecraftServer.java:1319) ~[spigot-1.21.4-R0.1-SNAPSHOT.jar:4446-Spigot-e5a64e7-e954502]
	at net.minecraft.server.MinecraftServer.d(MinecraftServer.java:210) ~[spigot-1.21.4-R0.1-SNAPSHOT.jar:4446-Spigot-e5a64e7-e954502]
	at net.minecraft.util.thread.IAsyncTaskHandler.B(SourceFile:138) ~[spigot-1.21.4-R0.1-SNAPSHOT.jar:4446-Spigot-e5a64e7-e954502]
	at net.minecraft.server.MinecraftServer.bv(MinecraftServer.java:1298) ~[spigot-1.21.4-R0.1-SNAPSHOT.jar:4446-Spigot-e5a64e7-e954502]
	at net.minecraft.server.MinecraftServer.B(MinecraftServer.java:1291) ~[spigot-1.21.4-R0.1-SNAPSHOT.jar:4446-Spigot-e5a64e7-e954502]
	at net.minecraft.util.thread.IAsyncTaskHandler.b(SourceFile:147) ~[spigot-1.21.4-R0.1-SNAPSHOT.jar:4446-Spigot-e5a64e7-e954502]
	at net.minecraft.server.MinecraftServer.b(MinecraftServer.java:1248) ~[spigot-1.21.4-R0.1-SNAPSHOT.jar:4446-Spigot-e5a64e7-e954502]
	at net.minecraft.server.MinecraftServer.x_(MinecraftServer.java:1258) ~[spigot-1.21.4-R0.1-SNAPSHOT.jar:4446-Spigot-e5a64e7-e954502]
	at net.minecraft.server.MinecraftServer.y(MinecraftServer.java:1101) ~[spigot-1.21.4-R0.1-SNAPSHOT.jar:4446-Spigot-e5a64e7-e954502]
	at net.minecraft.server.MinecraftServer.lambda$spin$0(MinecraftServer.java:329) ~[spigot-1.21.4-R0.1-SNAPSHOT.jar:4446-Spigot-e5a64e7-e954502]
	at java.base/java.lang.Thread.run(Thread.java:1583) [?:?]
Caused by: java.lang.NoClassDefFoundError: Could not initialize class com.sk89q.worldguard.bukkit.util.Materials
	at com.sk89q.worldguard.bukkit.listener.WorldGuardPlayerListener.handleBlockRightClick(WorldGuardPlayerListener.java:248) ~[?:?]
	at com.sk89q.worldguard.bukkit.listener.WorldGuardPlayerListener.onPlayerInteract(WorldGuardPlayerListener.java:210) ~[?:?]
	at java.base/jdk.internal.reflect.DirectMethodHandleAccessor.invoke(DirectMethodHandleAccessor.java:103) ~[?:?]
	at java.base/java.lang.reflect.Method.invoke(Method.java:580) ~[?:?]
	at org.bukkit.plugin.java.JavaPluginLoader$1.execute(JavaPluginLoader.java:306) ~[spigot-api-1.21.4-R0.1-SNAPSHOT.jar:?]
	... 24 more
Caused by: java.lang.ExceptionInInitializerError: Exception java.lang.NoSuchFieldError: Class org.bukkit.Tag does not have member field 'org.bukkit.Tag ITEMS_TRIM_TEMPLATES' [in thread "Server thread"]
	at com.sk89q.worldguard.bukkit.util.Materials.<clinit>(Materials.java:913) ~[?:?]
	at com.sk89q.worldguard.bukkit.listener.RegionFlagsListener.onPlaceBlock(RegionFlagsListener.java:67) ~[?:?]
	at java.base/jdk.internal.reflect.DirectMethodHandleAccessor.invoke(DirectMethodHandleAccessor.java:103) ~[?:?]
	at java.base/java.lang.reflect.Method.invoke(Method.java:580) ~[?:?]
	at org.bukkit.plugin.java.JavaPluginLoader$1.execute(JavaPluginLoader.java:306) ~[spigot-api-1.21.4-R0.1-SNAPSHOT.jar:?]
	at org.bukkit.plugin.RegisteredListener.callEvent(RegisteredListener.java:70) ~[spigot-api-1.21.4-R0.1-SNAPSHOT.jar:?]
	at org.bukkit.plugin.SimplePluginManager.fireEvent(SimplePluginManager.java:601) ~[spigot-api-1.21.4-R0.1-SNAPSHOT.jar:?]
	at org.bukkit.plugin.SimplePluginManager.callEvent(SimplePluginManager.java:588) ~[spigot-api-1.21.4-R0.1-SNAPSHOT.jar:?]
	at com.sk89q.worldguard.bukkit.util.Events.fireToCancel(Events.java:74) ~[?:?]
	at com.sk89q.worldguard.bukkit.listener.EventAbstractionListener.onBlockIgnite(EventAbstractionListener.java:632) ~[?:?]
	at java.base/jdk.internal.reflect.DirectMethodHandleAccessor.invoke(DirectMethodHandleAccessor.java:103) ~[?:?]
	at java.base/java.lang.reflect.Method.invoke(Method.java:580) ~[?:?]
	at org.bukkit.plugin.java.JavaPluginLoader$1.execute(JavaPluginLoader.java:306) ~[spigot-api-1.21.4-R0.1-SNAPSHOT.jar:?]
	at org.bukkit.plugin.RegisteredListener.callEvent(RegisteredListener.java:70) ~[spigot-api-1.21.4-R0.1-SNAPSHOT.jar:?]
	at org.bukkit.plugin.SimplePluginManager.fireEvent(SimplePluginManager.java:601) ~[spigot-api-1.21.4-R0.1-SNAPSHOT.jar:?]
	at org.bukkit.plugin.SimplePluginManager.callEvent(SimplePluginManager.java:588) ~[spigot-api-1.21.4-R0.1-SNAPSHOT.jar:?]
	at org.bukkit.craftbukkit.v1_21_R3.event.CraftEventFactory.callBlockIgniteEvent(CraftEventFactory.java:1431) ~[spigot-1.21.4-R0.1-SNAPSHOT.jar:4446-Spigot-e5a64e7-e954502]
	at net.minecraft.world.level.material.FluidTypeLava.a(FluidTypeLava.java:90) ~[spigot-1.21.4-R0.1-SNAPSHOT.jar:4446-Spigot-e5a64e7-e954502]
	at net.minecraft.world.level.material.Fluid.a(SourceFile:92) ~[spigot-1.21.4-R0.1-SNAPSHOT.jar:4446-Spigot-e5a64e7-e954502]
	at net.minecraft.world.level.block.BlockFluids.b(BlockFluids.java:101) ~[spigot-1.21.4-R0.1-SNAPSHOT.jar:4446-Spigot-e5a64e7-e954502]
	at net.minecraft.world.level.block.state.BlockBase$BlockData.b(BlockBase.java:1166) ~[spigot-1.21.4-R0.1-SNAPSHOT.jar:4446-Spigot-e5a64e7-e954502]
	at net.minecraft.server.level.WorldServer.a(WorldServer.java:569) ~[spigot-1.21.4-R0.1-SNAPSHOT.jar:4446-Spigot-e5a64e7-e954502]
	at net.minecraft.server.level.ChunkProviderServer.a(ChunkProviderServer.java:478) ~[spigot-1.21.4-R0.1-SNAPSHOT.jar:4446-Spigot-e5a64e7-e954502]
	at net.minecraft.server.level.ChunkProviderServer.t(ChunkProviderServer.java:406) ~[spigot-1.21.4-R0.1-SNAPSHOT.jar:4446-Spigot-e5a64e7-e954502]
	at net.minecraft.server.level.ChunkProviderServer.a(ChunkProviderServer.java:375) ~[spigot-1.21.4-R0.1-SNAPSHOT.jar:4446-Spigot-e5a64e7-e954502]
	at net.minecraft.server.level.WorldServer.a(WorldServer.java:403) ~[spigot-1.21.4-R0.1-SNAPSHOT.jar:4446-Spigot-e5a64e7-e954502]
	at net.minecraft.server.MinecraftServer.c(MinecraftServer.java:1549) ~[spigot-1.21.4-R0.1-SNAPSHOT.jar:4446-Spigot-e5a64e7-e954502]
	at net.minecraft.server.MinecraftServer.a(MinecraftServer.java:1391) ~[spigot-1.21.4-R0.1-SNAPSHOT.jar:4446-Spigot-e5a64e7-e954502]
	at net.minecraft.server.MinecraftServer.y(MinecraftServer.java:1093) ~[spigot-1.21.4-R0.1-SNAPSHOT.jar:4446-Spigot-e5a64e7-e954502]
	... 2 more
[07:49:11] [Server thread/ERROR]: Could not pass event PlayerInteractEvent to WorldGuard v7.0.11+068ad68
org.bukkit.event.EventException: null
	at org.bukkit.plugin.java.JavaPluginLoader$1.execute(JavaPluginLoader.java:310) ~[spigot-api-1.21.4-R0.1-SNAPSHOT.jar:?]
	at org.bukkit.plugin.RegisteredListener.callEvent(RegisteredListener.java:70) ~[spigot-api-1.21.4-R0.1-SNAPSHOT.jar:?]
	at org.bukkit.plugin.SimplePluginManager.fireEvent(SimplePluginManager.java:601) ~[spigot-api-1.21.4-R0.1-SNAPSHOT.jar:?]
	at org.bukkit.plugin.SimplePluginManager.callEvent(SimplePluginManager.java:588) ~[spigot-api-1.21.4-R0.1-SNAPSHOT.jar:?]
	at org.bukkit.craftbukkit.v1_21_R3.event.CraftEventFactory.callPlayerInteractEvent(CraftEventFactory.java:590) ~[spigot-1.21.4-R0.1-SNAPSHOT.jar:4446-Spigot-e5a64e7-e954502]
	at org.bukkit.craftbukkit.v1_21_R3.event.CraftEventFactory.callPlayerInteractEvent(CraftEventFactory.java:564) ~[spigot-1.21.4-R0.1-SNAPSHOT.jar:4446-Spigot-e5a64e7-e954502]
	at net.minecraft.server.level.PlayerInteractManager.a(PlayerInteractManager.java:510) ~[spigot-1.21.4-R0.1-SNAPSHOT.jar:4446-Spigot-e5a64e7-e954502]
	at net.minecraft.server.network.PlayerConnection.a(PlayerConnection.java:1659) ~[spigot-1.21.4-R0.1-SNAPSHOT.jar:4446-Spigot-e5a64e7-e954502]
	at net.minecraft.network.protocol.game.PacketPlayInUseItem.a(PacketPlayInUseItem.java:44) ~[spigot-1.21.4-R0.1-SNAPSHOT.jar:4446-Spigot-e5a64e7-e954502]
	at net.minecraft.network.protocol.game.PacketPlayInUseItem.a(PacketPlayInUseItem.java:11) ~[spigot-1.21.4-R0.1-SNAPSHOT.jar:4446-Spigot-e5a64e7-e954502]
	at net.minecraft.network.protocol.PlayerConnectionUtils.lambda$ensureRunningOnSameThread$0(PlayerConnectionUtils.java:35) ~[spigot-1.21.4-R0.1-SNAPSHOT.jar:4446-Spigot-e5a64e7-e954502]
	at net.minecraft.server.TickTask.run(SourceFile:18) ~[spigot-1.21.4-R0.1-SNAPSHOT.jar:4446-Spigot-e5a64e7-e954502]
	at net.minecraft.util.thread.IAsyncTaskHandler.d(SourceFile:164) ~[spigot-1.21.4-R0.1-SNAPSHOT.jar:4446-Spigot-e5a64e7-e954502]
	at net.minecraft.util.thread.IAsyncTaskHandlerReentrant.d(SourceFile:23) ~[spigot-1.21.4-R0.1-SNAPSHOT.jar:4446-Spigot-e5a64e7-e954502]
	at net.minecraft.server.MinecraftServer.b(MinecraftServer.java:1319) ~[spigot-1.21.4-R0.1-SNAPSHOT.jar:4446-Spigot-e5a64e7-e954502]
	at net.minecraft.server.MinecraftServer.d(MinecraftServer.java:210) ~[spigot-1.21.4-R0.1-SNAPSHOT.jar:4446-Spigot-e5a64e7-e954502]
	at net.minecraft.util.thread.IAsyncTaskHandler.B(SourceFile:138) ~[spigot-1.21.4-R0.1-SNAPSHOT.jar:4446-Spigot-e5a64e7-e954502]
	at net.minecraft.server.MinecraftServer.bv(MinecraftServer.java:1298) ~[spigot-1.21.4-R0.1-SNAPSHOT.jar:4446-Spigot-e5a64e7-e954502]
	at net.minecraft.server.MinecraftServer.B(MinecraftServer.java:1291) ~[spigot-1.21.4-R0.1-SNAPSHOT.jar:4446-Spigot-e5a64e7-e954502]
	at net.minecraft.util.thread.IAsyncTaskHandler.b(SourceFile:147) ~[spigot-1.21.4-R0.1-SNAPSHOT.jar:4446-Spigot-e5a64e7-e954502]
	at net.minecraft.server.MinecraftServer.b(MinecraftServer.java:1248) ~[spigot-1.21.4-R0.1-SNAPSHOT.jar:4446-Spigot-e5a64e7-e954502]
	at net.minecraft.server.MinecraftServer.x_(MinecraftServer.java:1258) ~[spigot-1.21.4-R0.1-SNAPSHOT.jar:4446-Spigot-e5a64e7-e954502]
	at net.minecraft.server.MinecraftServer.y(MinecraftServer.java:1101) ~[spigot-1.21.4-R0.1-SNAPSHOT.jar:4446-Spigot-e5a64e7-e954502]
	at net.minecraft.server.MinecraftServer.lambda$spin$0(MinecraftServer.java:329) ~[spigot-1.21.4-R0.1-SNAPSHOT.jar:4446-Spigot-e5a64e7-e954502]
	at java.base/java.lang.Thread.run(Thread.java:1583) [?:?]
Caused by: java.lang.NoClassDefFoundError: Could not initialize class com.sk89q.worldguard.bukkit.util.Materials
	at com.sk89q.worldguard.bukkit.listener.EventAbstractionListener.handleBlockRightClick(EventAbstractionListener.java:1187) ~[?:?]
	at com.sk89q.worldguard.bukkit.listener.EventAbstractionListener.onPlayerInteract(EventAbstractionListener.java:528) ~[?:?]
	at java.base/jdk.internal.reflect.DirectMethodHandleAccessor.invoke(DirectMethodHandleAccessor.java:103) ~[?:?]
	at java.base/java.lang.reflect.Method.invoke(Method.java:580) ~[?:?]
	at org.bukkit.plugin.java.JavaPluginLoader$1.execute(JavaPluginLoader.java:306) ~[spigot-api-1.21.4-R0.1-SNAPSHOT.jar:?]
	... 24 more
Caused by: java.lang.ExceptionInInitializerError: Exception java.lang.NoSuchFieldError: Class org.bukkit.Tag does not have member field 'org.bukkit.Tag ITEMS_TRIM_TEMPLATES' [in thread "Server thread"]
	at com.sk89q.worldguard.bukkit.util.Materials.<clinit>(Materials.java:913) ~[?:?]
	at com.sk89q.worldguard.bukkit.listener.RegionFlagsListener.onPlaceBlock(RegionFlagsListener.java:67) ~[?:?]
	at java.base/jdk.internal.reflect.DirectMethodHandleAccessor.invoke(DirectMethodHandleAccessor.java:103) ~[?:?]
	at java.base/java.lang.reflect.Method.invoke(Method.java:580) ~[?:?]
	at org.bukkit.plugin.java.JavaPluginLoader$1.execute(JavaPluginLoader.java:306) ~[spigot-api-1.21.4-R0.1-SNAPSHOT.jar:?]
	at org.bukkit.plugin.RegisteredListener.callEvent(RegisteredListener.java:70) ~[spigot-api-1.21.4-R0.1-SNAPSHOT.jar:?]
	at org.bukkit.plugin.SimplePluginManager.fireEvent(SimplePluginManager.java:601) ~[spigot-api-1.21.4-R0.1-SNAPSHOT.jar:?]
	at org.bukkit.plugin.SimplePluginManager.callEvent(SimplePluginManager.java:588) ~[spigot-api-1.21.4-R0.1-SNAPSHOT.jar:?]
	at com.sk89q.worldguard.bukkit.util.Events.fireToCancel(Events.java:74) ~[?:?]
	at com.sk89q.worldguard.bukkit.listener.EventAbstractionListener.onBlockIgnite(EventAbstractionListener.java:632) ~[?:?]
	at java.base/jdk.internal.reflect.DirectMethodHandleAccessor.invoke(DirectMethodHandleAccessor.java:103) ~[?:?]
	at java.base/java.lang.reflect.Method.invoke(Method.java:580) ~[?:?]
	at org.bukkit.plugin.java.JavaPluginLoader$1.execute(JavaPluginLoader.java:306) ~[spigot-api-1.21.4-R0.1-SNAPSHOT.jar:?]
	at org.bukkit.plugin.RegisteredListener.callEvent(RegisteredListener.java:70) ~[spigot-api-1.21.4-R0.1-SNAPSHOT.jar:?]
	at org.bukkit.plugin.SimplePluginManager.fireEvent(SimplePluginManager.java:601) ~[spigot-api-1.21.4-R0.1-SNAPSHOT.jar:?]
	at org.bukkit.plugin.SimplePluginManager.callEvent(SimplePluginManager.java:588) ~[spigot-api-1.21.4-R0.1-SNAPSHOT.jar:?]
	at org.bukkit.craftbukkit.v1_21_R3.event.CraftEventFactory.callBlockIgniteEvent(CraftEventFactory.java:1431) ~[spigot-1.21.4-R0.1-SNAPSHOT.jar:4446-Spigot-e5a64e7-e954502]
	at net.minecraft.world.level.material.FluidTypeLava.a(FluidTypeLava.java:90) ~[spigot-1.21.4-R0.1-SNAPSHOT.jar:4446-Spigot-e5a64e7-e954502]
	at net.minecraft.world.level.material.Fluid.a(SourceFile:92) ~[spigot-1.21.4-R0.1-SNAPSHOT.jar:4446-Spigot-e5a64e7-e954502]
	at net.minecraft.world.level.block.BlockFluids.b(BlockFluids.java:101) ~[spigot-1.21.4-R0.1-SNAPSHOT.jar:4446-Spigot-e5a64e7-e954502]
	at net.minecraft.world.level.block.state.BlockBase$BlockData.b(BlockBase.java:1166) ~[spigot-1.21.4-R0.1-SNAPSHOT.jar:4446-Spigot-e5a64e7-e954502]
	at net.minecraft.server.level.WorldServer.a(WorldServer.java:569) ~[spigot-1.21.4-R0.1-SNAPSHOT.jar:4446-Spigot-e5a64e7-e954502]
	at net.minecraft.server.level.ChunkProviderServer.a(ChunkProviderServer.java:478) ~[spigot-1.21.4-R0.1-SNAPSHOT.jar:4446-Spigot-e5a64e7-e954502]
	at net.minecraft.server.level.ChunkProviderServer.t(ChunkProviderServer.java:406) ~[spigot-1.21.4-R0.1-SNAPSHOT.jar:4446-Spigot-e5a64e7-e954502]
	at net.minecraft.server.level.ChunkProviderServer.a(ChunkProviderServer.java:375) ~[spigot-1.21.4-R0.1-SNAPSHOT.jar:4446-Spigot-e5a64e7-e954502]
	at net.minecraft.server.level.WorldServer.a(WorldServer.java:403) ~[spigot-1.21.4-R0.1-SNAPSHOT.jar:4446-Spigot-e5a64e7-e954502]
	at net.minecraft.server.MinecraftServer.c(MinecraftServer.java:1549) ~[spigot-1.21.4-R0.1-SNAPSHOT.jar:4446-Spigot-e5a64e7-e954502]
	at net.minecraft.server.MinecraftServer.a(MinecraftServer.java:1391) ~[spigot-1.21.4-R0.1-SNAPSHOT.jar:4446-Spigot-e5a64e7-e954502]
	at net.minecraft.server.MinecraftServer.y(MinecraftServer.java:1093) ~[spigot-1.21.4-R0.1-SNAPSHOT.jar:4446-Spigot-e5a64e7-e954502]
	... 2 more
[07:49:11] [Server thread/ERROR]: Could not pass event PlayerInteractEvent to WorldGuard v7.0.11+068ad68
org.bukkit.event.EventException: null
	at org.bukkit.plugin.java.JavaPluginLoader$1.execute(JavaPluginLoader.java:310) ~[spigot-api-1.21.4-R0.1-SNAPSHOT.jar:?]
	at org.bukkit.plugin.RegisteredListener.callEvent(RegisteredListener.java:70) ~[spigot-api-1.21.4-R0.1-SNAPSHOT.jar:?]
	at org.bukkit.plugin.SimplePluginManager.fireEvent(SimplePluginManager.java:601) ~[spigot-api-1.21.4-R0.1-SNAPSHOT.jar:?]
	at org.bukkit.plugin.SimplePluginManager.callEvent(SimplePluginManager.java:588) ~[spigot-api-1.21.4-R0.1-SNAPSHOT.jar:?]
	at org.bukkit.craftbukkit.v1_21_R3.event.CraftEventFactory.callPlayerInteractEvent(CraftEventFactory.java:590) ~[spigot-1.21.4-R0.1-SNAPSHOT.jar:4446-Spigot-e5a64e7-e954502]
	at org.bukkit.craftbukkit.v1_21_R3.event.CraftEventFactory.callPlayerInteractEvent(CraftEventFactory.java:564) ~[spigot-1.21.4-R0.1-SNAPSHOT.jar:4446-Spigot-e5a64e7-e954502]
	at net.minecraft.server.level.PlayerInteractManager.a(PlayerInteractManager.java:510) ~[spigot-1.21.4-R0.1-SNAPSHOT.jar:4446-Spigot-e5a64e7-e954502]
	at net.minecraft.server.network.PlayerConnection.a(PlayerConnection.java:1659) ~[spigot-1.21.4-R0.1-SNAPSHOT.jar:4446-Spigot-e5a64e7-e954502]
	at net.minecraft.network.protocol.game.PacketPlayInUseItem.a(PacketPlayInUseItem.java:44) ~[spigot-1.21.4-R0.1-SNAPSHOT.jar:4446-Spigot-e5a64e7-e954502]
	at net.minecraft.network.protocol.game.PacketPlayInUseItem.a(PacketPlayInUseItem.java:11) ~[spigot-1.21.4-R0.1-SNAPSHOT.jar:4446-Spigot-e5a64e7-e954502]
	at net.minecraft.network.protocol.PlayerConnectionUtils.lambda$ensureRunningOnSameThread$0(PlayerConnectionUtils.java:35) ~[spigot-1.21.4-R0.1-SNAPSHOT.jar:4446-Spigot-e5a64e7-e954502]
	at net.minecraft.server.TickTask.run(SourceFile:18) ~[spigot-1.21.4-R0.1-SNAPSHOT.jar:4446-Spigot-e5a64e7-e954502]
	at net.minecraft.util.thread.IAsyncTaskHandler.d(SourceFile:164) ~[spigot-1.21.4-R0.1-SNAPSHOT.jar:4446-Spigot-e5a64e7-e954502]
	at net.minecraft.util.thread.IAsyncTaskHandlerReentrant.d(SourceFile:23) ~[spigot-1.21.4-R0.1-SNAPSHOT.jar:4446-Spigot-e5a64e7-e954502]
	at net.minecraft.server.MinecraftServer.b(MinecraftServer.java:1319) ~[spigot-1.21.4-R0.1-SNAPSHOT.jar:4446-Spigot-e5a64e7-e954502]
	at net.minecraft.server.MinecraftServer.d(MinecraftServer.java:210) ~[spigot-1.21.4-R0.1-SNAPSHOT.jar:4446-Spigot-e5a64e7-e954502]
	at net.minecraft.util.thread.IAsyncTaskHandler.B(SourceFile:138) ~[spigot-1.21.4-R0.1-SNAPSHOT.jar:4446-Spigot-e5a64e7-e954502]
	at net.minecraft.server.MinecraftServer.bv(MinecraftServer.java:1298) ~[spigot-1.21.4-R0.1-SNAPSHOT.jar:4446-Spigot-e5a64e7-e954502]
	at net.minecraft.server.MinecraftServer.B(MinecraftServer.java:1291) ~[spigot-1.21.4-R0.1-SNAPSHOT.jar:4446-Spigot-e5a64e7-e954502]
	at net.minecraft.util.thread.IAsyncTaskHandler.b(SourceFile:147) ~[spigot-1.21.4-R0.1-SNAPSHOT.jar:4446-Spigot-e5a64e7-e954502]
	at net.minecraft.server.MinecraftServer.b(MinecraftServer.java:1248) ~[spigot-1.21.4-R0.1-SNAPSHOT.jar:4446-Spigot-e5a64e7-e954502]
	at net.minecraft.server.MinecraftServer.x_(MinecraftServer.java:1258) ~[spigot-1.21.4-R0.1-SNAPSHOT.jar:4446-Spigot-e5a64e7-e954502]
	at net.minecraft.server.MinecraftServer.y(MinecraftServer.java:1101) ~[spigot-1.21.4-R0.1-SNAPSHOT.jar:4446-Spigot-e5a64e7-e954502]
	at net.minecraft.server.MinecraftServer.lambda$spin$0(MinecraftServer.java:329) ~[spigot-1.21.4-R0.1-SNAPSHOT.jar:4446-Spigot-e5a64e7-e954502]
	at java.base/java.lang.Thread.run(Thread.java:1583) [?:?]
Caused by: java.lang.NoClassDefFoundError: Could not initialize class com.sk89q.worldguard.bukkit.util.Materials
	at com.sk89q.worldguard.bukkit.listener.WorldGuardPlayerListener.handleBlockRightClick(WorldGuardPlayerListener.java:248) ~[?:?]
	at com.sk89q.worldguard.bukkit.listener.WorldGuardPlayerListener.onPlayerInteract(WorldGuardPlayerListener.java:210) ~[?:?]
	at java.base/jdk.internal.reflect.DirectMethodHandleAccessor.invoke(DirectMethodHandleAccessor.java:103) ~[?:?]
	at java.base/java.lang.reflect.Method.invoke(Method.java:580) ~[?:?]
	at org.bukkit.plugin.java.JavaPluginLoader$1.execute(JavaPluginLoader.java:306) ~[spigot-api-1.21.4-R0.1-SNAPSHOT.jar:?]
	... 24 more
Caused by: java.lang.ExceptionInInitializerError: Exception java.lang.NoSuchFieldError: Class org.bukkit.Tag does not have member field 'org.bukkit.Tag ITEMS_TRIM_TEMPLATES' [in thread "Server thread"]
	at com.sk89q.worldguard.bukkit.util.Materials.<clinit>(Materials.java:913) ~[?:?]
	at com.sk89q.worldguard.bukkit.listener.RegionFlagsListener.onPlaceBlock(RegionFlagsListener.java:67) ~[?:?]
	at java.base/jdk.internal.reflect.DirectMethodHandleAccessor.invoke(DirectMethodHandleAccessor.java:103) ~[?:?]
	at java.base/java.lang.reflect.Method.invoke(Method.java:580) ~[?:?]
	at org.bukkit.plugin.java.JavaPluginLoader$1.execute(JavaPluginLoader.java:306) ~[spigot-api-1.21.4-R0.1-SNAPSHOT.jar:?]
	at org.bukkit.plugin.RegisteredListener.callEvent(RegisteredListener.java:70) ~[spigot-api-1.21.4-R0.1-SNAPSHOT.jar:?]
	at org.bukkit.plugin.SimplePluginManager.fireEvent(SimplePluginManager.java:601) ~[spigot-api-1.21.4-R0.1-SNAPSHOT.jar:?]
	at org.bukkit.plugin.SimplePluginManager.callEvent(SimplePluginManager.java:588) ~[spigot-api-1.21.4-R0.1-SNAPSHOT.jar:?]
	at com.sk89q.worldguard.bukkit.util.Events.fireToCancel(Events.java:74) ~[?:?]
	at com.sk89q.worldguard.bukkit.listener.EventAbstractionListener.onBlockIgnite(EventAbstractionListener.java:632) ~[?:?]
	at java.base/jdk.internal.reflect.DirectMethodHandleAccessor.invoke(DirectMethodHandleAccessor.java:103) ~[?:?]
	at java.base/java.lang.reflect.Method.invoke(Method.java:580) ~[?:?]
	at org.bukkit.plugin.java.JavaPluginLoader$1.execute(JavaPluginLoader.java:306) ~[spigot-api-1.21.4-R0.1-SNAPSHOT.jar:?]
	at org.bukkit.plugin.RegisteredListener.callEvent(RegisteredListener.java:70) ~[spigot-api-1.21.4-R0.1-SNAPSHOT.jar:?]
	at org.bukkit.plugin.SimplePluginManager.fireEvent(SimplePluginManager.java:601) ~[spigot-api-1.21.4-R0.1-SNAPSHOT.jar:?]
	at org.bukkit.plugin.SimplePluginManager.callEvent(SimplePluginManager.java:588) ~[spigot-api-1.21.4-R0.1-SNAPSHOT.jar:?]
	at org.bukkit.craftbukkit.v1_21_R3.event.CraftEventFactory.callBlockIgniteEvent(CraftEventFactory.java:1431) ~[spigot-1.21.4-R0.1-SNAPSHOT.jar:4446-Spigot-e5a64e7-e954502]
	at net.minecraft.world.level.material.FluidTypeLava.a(FluidTypeLava.java:90) ~[spigot-1.21.4-R0.1-SNAPSHOT.jar:4446-Spigot-e5a64e7-e954502]
	at net.minecraft.world.level.material.Fluid.a(SourceFile:92) ~[spigot-1.21.4-R0.1-SNAPSHOT.jar:4446-Spigot-e5a64e7-e954502]
	at net.minecraft.world.level.block.BlockFluids.b(BlockFluids.java:101) ~[spigot-1.21.4-R0.1-SNAPSHOT.jar:4446-Spigot-e5a64e7-e954502]
	at net.minecraft.world.level.block.state.BlockBase$BlockData.b(BlockBase.java:1166) ~[spigot-1.21.4-R0.1-SNAPSHOT.jar:4446-Spigot-e5a64e7-e954502]
	at net.minecraft.server.level.WorldServer.a(WorldServer.java:569) ~[spigot-1.21.4-R0.1-SNAPSHOT.jar:4446-Spigot-e5a64e7-e954502]
	at net.minecraft.server.level.ChunkProviderServer.a(ChunkProviderServer.java:478) ~[spigot-1.21.4-R0.1-SNAPSHOT.jar:4446-Spigot-e5a64e7-e954502]
	at net.minecraft.server.level.ChunkProviderServer.t(ChunkProviderServer.java:406) ~[spigot-1.21.4-R0.1-SNAPSHOT.jar:4446-Spigot-e5a64e7-e954502]
	at net.minecraft.server.level.ChunkProviderServer.a(ChunkProviderServer.java:375) ~[spigot-1.21.4-R0.1-SNAPSHOT.jar:4446-Spigot-e5a64e7-e954502]
	at net.minecraft.server.level.WorldServer.a(WorldServer.java:403) ~[spigot-1.21.4-R0.1-SNAPSHOT.jar:4446-Spigot-e5a64e7-e954502]
	at net.minecraft.server.MinecraftServer.c(MinecraftServer.java:1549) ~[spigot-1.21.4-R0.1-SNAPSHOT.jar:4446-Spigot-e5a64e7-e954502]
	at net.minecraft.server.MinecraftServer.a(MinecraftServer.java:1391) ~[spigot-1.21.4-R0.1-SNAPSHOT.jar:4446-Spigot-e5a64e7-e954502]
	at net.minecraft.server.MinecraftServer.y(MinecraftServer.java:1093) ~[spigot-1.21.4-R0.1-SNAPSHOT.jar:4446-Spigot-e5a64e7-e954502]
	... 2 more
[07:50:20] [Server thread/ERROR]: Could not pass event PlayerInteractEvent to WorldGuard v7.0.11+068ad68
org.bukkit.event.EventException: null
	at org.bukkit.plugin.java.JavaPluginLoader$1.execute(JavaPluginLoader.java:310) ~[spigot-api-1.21.4-R0.1-SNAPSHOT.jar:?]
	at org.bukkit.plugin.RegisteredListener.callEvent(RegisteredListener.java:70) ~[spigot-api-1.21.4-R0.1-SNAPSHOT.jar:?]
	at org.bukkit.plugin.SimplePluginManager.fireEvent(SimplePluginManager.java:601) ~[spigot-api-1.21.4-R0.1-SNAPSHOT.jar:?]
	at org.bukkit.plugin.SimplePluginManager.callEvent(SimplePluginManager.java:588) ~[spigot-api-1.21.4-R0.1-SNAPSHOT.jar:?]
	at org.bukkit.craftbukkit.v1_21_R3.event.CraftEventFactory.callPlayerInteractEvent(CraftEventFactory.java:590) ~[spigot-1.21.4-R0.1-SNAPSHOT.jar:4446-Spigot-e5a64e7-e954502]
	at org.bukkit.craftbukkit.v1_21_R3.event.CraftEventFactory.callPlayerInteractEvent(CraftEventFactory.java:564) ~[spigot-1.21.4-R0.1-SNAPSHOT.jar:4446-Spigot-e5a64e7-e954502]
	at net.minecraft.server.level.PlayerInteractManager.a(PlayerInteractManager.java:510) ~[spigot-1.21.4-R0.1-SNAPSHOT.jar:4446-Spigot-e5a64e7-e954502]
	at net.minecraft.server.network.PlayerConnection.a(PlayerConnection.java:1659) ~[spigot-1.21.4-R0.1-SNAPSHOT.jar:4446-Spigot-e5a64e7-e954502]
	at net.minecraft.network.protocol.game.PacketPlayInUseItem.a(PacketPlayInUseItem.java:44) ~[spigot-1.21.4-R0.1-SNAPSHOT.jar:4446-Spigot-e5a64e7-e954502]
	at net.minecraft.network.protocol.game.PacketPlayInUseItem.a(PacketPlayInUseItem.java:11) ~[spigot-1.21.4-R0.1-SNAPSHOT.jar:4446-Spigot-e5a64e7-e954502]
	at net.minecraft.network.protocol.PlayerConnectionUtils.lambda$ensureRunningOnSameThread$0(PlayerConnectionUtils.java:35) ~[spigot-1.21.4-R0.1-SNAPSHOT.jar:4446-Spigot-e5a64e7-e954502]
	at net.minecraft.server.TickTask.run(SourceFile:18) ~[spigot-1.21.4-R0.1-SNAPSHOT.jar:4446-Spigot-e5a64e7-e954502]
	at net.minecraft.util.thread.IAsyncTaskHandler.d(SourceFile:164) ~[spigot-1.21.4-R0.1-SNAPSHOT.jar:4446-Spigot-e5a64e7-e954502]
	at net.minecraft.util.thread.IAsyncTaskHandlerReentrant.d(SourceFile:23) ~[spigot-1.21.4-R0.1-SNAPSHOT.jar:4446-Spigot-e5a64e7-e954502]
	at net.minecraft.server.MinecraftServer.b(MinecraftServer.java:1319) ~[spigot-1.21.4-R0.1-SNAPSHOT.jar:4446-Spigot-e5a64e7-e954502]
	at net.minecraft.server.MinecraftServer.d(MinecraftServer.java:210) ~[spigot-1.21.4-R0.1-SNAPSHOT.jar:4446-Spigot-e5a64e7-e954502]
	at net.minecraft.util.thread.IAsyncTaskHandler.B(SourceFile:138) ~[spigot-1.21.4-R0.1-SNAPSHOT.jar:4446-Spigot-e5a64e7-e954502]
	at net.minecraft.server.MinecraftServer.bv(MinecraftServer.java:1298) ~[spigot-1.21.4-R0.1-SNAPSHOT.jar:4446-Spigot-e5a64e7-e954502]
	at net.minecraft.server.MinecraftServer.B(MinecraftServer.java:1291) ~[spigot-1.21.4-R0.1-SNAPSHOT.jar:4446-Spigot-e5a64e7-e954502]
	at net.minecraft.util.thread.IAsyncTaskHandler.b(SourceFile:147) ~[spigot-1.21.4-R0.1-SNAPSHOT.jar:4446-Spigot-e5a64e7-e954502]
	at net.minecraft.server.MinecraftServer.b(MinecraftServer.java:1248) ~[spigot-1.21.4-R0.1-SNAPSHOT.jar:4446-Spigot-e5a64e7-e954502]
	at net.minecraft.server.MinecraftServer.x_(MinecraftServer.java:1258) ~[spigot-1.21.4-R0.1-SNAPSHOT.jar:4446-Spigot-e5a64e7-e954502]
	at net.minecraft.server.MinecraftServer.y(MinecraftServer.java:1101) ~[spigot-1.21.4-R0.1-SNAPSHOT.jar:4446-Spigot-e5a64e7-e954502]
	at net.minecraft.server.MinecraftServer.lambda$spin$0(MinecraftServer.java:329) ~[spigot-1.21.4-R0.1-SNAPSHOT.jar:4446-Spigot-e5a64e7-e954502]
	at java.base/java.lang.Thread.run(Thread.java:1583) [?:?]
Caused by: java.lang.NoClassDefFoundError: Could not initialize class com.sk89q.worldguard.bukkit.util.Materials
	at com.sk89q.worldguard.bukkit.listener.EventAbstractionListener.handleBlockRightClick(EventAbstractionListener.java:1187) ~[?:?]
	at com.sk89q.worldguard.bukkit.listener.EventAbstractionListener.onPlayerInteract(EventAbstractionListener.java:528) ~[?:?]
	at java.base/jdk.internal.reflect.DirectMethodHandleAccessor.invoke(DirectMethodHandleAccessor.java:103) ~[?:?]
	at java.base/java.lang.reflect.Method.invoke(Method.java:580) ~[?:?]
	at org.bukkit.plugin.java.JavaPluginLoader$1.execute(JavaPluginLoader.java:306) ~[spigot-api-1.21.4-R0.1-SNAPSHOT.jar:?]
	... 24 more
Caused by: java.lang.ExceptionInInitializerError: Exception java.lang.NoSuchFieldError: Class org.bukkit.Tag does not have member field 'org.bukkit.Tag ITEMS_TRIM_TEMPLATES' [in thread "Server thread"]
	at com.sk89q.worldguard.bukkit.util.Materials.<clinit>(Materials.java:913) ~[?:?]
	at com.sk89q.worldguard.bukkit.listener.RegionFlagsListener.onPlaceBlock(RegionFlagsListener.java:67) ~[?:?]
	at java.base/jdk.internal.reflect.DirectMethodHandleAccessor.invoke(DirectMethodHandleAccessor.java:103) ~[?:?]
	at java.base/java.lang.reflect.Method.invoke(Method.java:580) ~[?:?]
	at org.bukkit.plugin.java.JavaPluginLoader$1.execute(JavaPluginLoader.java:306) ~[spigot-api-1.21.4-R0.1-SNAPSHOT.jar:?]
	at org.bukkit.plugin.RegisteredListener.callEvent(RegisteredListener.java:70) ~[spigot-api-1.21.4-R0.1-SNAPSHOT.jar:?]
	at org.bukkit.plugin.SimplePluginManager.fireEvent(SimplePluginManager.java:601) ~[spigot-api-1.21.4-R0.1-SNAPSHOT.jar:?]
	at org.bukkit.plugin.SimplePluginManager.callEvent(SimplePluginManager.java:588) ~[spigot-api-1.21.4-R0.1-SNAPSHOT.jar:?]
	at com.sk89q.worldguard.bukkit.util.Events.fireToCancel(Events.java:74) ~[?:?]
	at com.sk89q.worldguard.bukkit.listener.EventAbstractionListener.onBlockIgnite(EventAbstractionListener.java:632) ~[?:?]
	at java.base/jdk.internal.reflect.DirectMethodHandleAccessor.invoke(DirectMethodHandleAccessor.java:103) ~[?:?]
	at java.base/java.lang.reflect.Method.invoke(Method.java:580) ~[?:?]
	at org.bukkit.plugin.java.JavaPluginLoader$1.execute(JavaPluginLoader.java:306) ~[spigot-api-1.21.4-R0.1-SNAPSHOT.jar:?]
	at org.bukkit.plugin.RegisteredListener.callEvent(RegisteredListener.java:70) ~[spigot-api-1.21.4-R0.1-SNAPSHOT.jar:?]
	at org.bukkit.plugin.SimplePluginManager.fireEvent(SimplePluginManager.java:601) ~[spigot-api-1.21.4-R0.1-SNAPSHOT.jar:?]
	at org.bukkit.plugin.SimplePluginManager.callEvent(SimplePluginManager.java:588) ~[spigot-api-1.21.4-R0.1-SNAPSHOT.jar:?]
	at org.bukkit.craftbukkit.v1_21_R3.event.CraftEventFactory.callBlockIgniteEvent(CraftEventFactory.java:1431) ~[spigot-1.21.4-R0.1-SNAPSHOT.jar:4446-Spigot-e5a64e7-e954502]
	at net.minecraft.world.level.material.FluidTypeLava.a(FluidTypeLava.java:90) ~[spigot-1.21.4-R0.1-SNAPSHOT.jar:4446-Spigot-e5a64e7-e954502]
	at net.minecraft.world.level.material.Fluid.a(SourceFile:92) ~[spigot-1.21.4-R0.1-SNAPSHOT.jar:4446-Spigot-e5a64e7-e954502]
	at net.minecraft.world.level.block.BlockFluids.b(BlockFluids.java:101) ~[spigot-1.21.4-R0.1-SNAPSHOT.jar:4446-Spigot-e5a64e7-e954502]
	at net.minecraft.world.level.block.state.BlockBase$BlockData.b(BlockBase.java:1166) ~[spigot-1.21.4-R0.1-SNAPSHOT.jar:4446-Spigot-e5a64e7-e954502]
	at net.minecraft.server.level.WorldServer.a(WorldServer.java:569) ~[spigot-1.21.4-R0.1-SNAPSHOT.jar:4446-Spigot-e5a64e7-e954502]
	at net.minecraft.server.level.ChunkProviderServer.a(ChunkProviderServer.java:478) ~[spigot-1.21.4-R0.1-SNAPSHOT.jar:4446-Spigot-e5a64e7-e954502]
	at net.minecraft.server.level.ChunkProviderServer.t(ChunkProviderServer.java:406) ~[spigot-1.21.4-R0.1-SNAPSHOT.jar:4446-Spigot-e5a64e7-e954502]
	at net.minecraft.server.level.ChunkProviderServer.a(ChunkProviderServer.java:375) ~[spigot-1.21.4-R0.1-SNAPSHOT.jar:4446-Spigot-e5a64e7-e954502]
	at net.minecraft.server.level.WorldServer.a(WorldServer.java:403) ~[spigot-1.21.4-R0.1-SNAPSHOT.jar:4446-Spigot-e5a64e7-e954502]
	at net.minecraft.server.MinecraftServer.c(MinecraftServer.java:1549) ~[spigot-1.21.4-R0.1-SNAPSHOT.jar:4446-Spigot-e5a64e7-e954502]
	at net.minecraft.server.MinecraftServer.a(MinecraftServer.java:1391) ~[spigot-1.21.4-R0.1-SNAPSHOT.jar:4446-Spigot-e5a64e7-e954502]
	at net.minecraft.server.MinecraftServer.y(MinecraftServer.java:1093) ~[spigot-1.21.4-R0.1-SNAPSHOT.jar:4446-Spigot-e5a64e7-e954502]
	... 2 more
[07:50:21] [Server thread/ERROR]: Could not pass event PlayerInteractEvent to WorldGuard v7.0.11+068ad68
org.bukkit.event.EventException: null
	at org.bukkit.plugin.java.JavaPluginLoader$1.execute(JavaPluginLoader.java:310) ~[spigot-api-1.21.4-R0.1-SNAPSHOT.jar:?]
	at org.bukkit.plugin.RegisteredListener.callEvent(RegisteredListener.java:70) ~[spigot-api-1.21.4-R0.1-SNAPSHOT.jar:?]
	at org.bukkit.plugin.SimplePluginManager.fireEvent(SimplePluginManager.java:601) ~[spigot-api-1.21.4-R0.1-SNAPSHOT.jar:?]
	at org.bukkit.plugin.SimplePluginManager.callEvent(SimplePluginManager.java:588) ~[spigot-api-1.21.4-R0.1-SNAPSHOT.jar:?]
	at org.bukkit.craftbukkit.v1_21_R3.event.CraftEventFactory.callPlayerInteractEvent(CraftEventFactory.java:590) ~[spigot-1.21.4-R0.1-SNAPSHOT.jar:4446-Spigot-e5a64e7-e954502]
	at org.bukkit.craftbukkit.v1_21_R3.event.CraftEventFactory.callPlayerInteractEvent(CraftEventFactory.java:564) ~[spigot-1.21.4-R0.1-SNAPSHOT.jar:4446-Spigot-e5a64e7-e954502]
	at net.minecraft.server.level.PlayerInteractManager.a(PlayerInteractManager.java:510) ~[spigot-1.21.4-R0.1-SNAPSHOT.jar:4446-Spigot-e5a64e7-e954502]
	at net.minecraft.server.network.PlayerConnection.a(PlayerConnection.java:1659) ~[spigot-1.21.4-R0.1-SNAPSHOT.jar:4446-Spigot-e5a64e7-e954502]
	at net.minecraft.network.protocol.game.PacketPlayInUseItem.a(PacketPlayInUseItem.java:44) ~[spigot-1.21.4-R0.1-SNAPSHOT.jar:4446-Spigot-e5a64e7-e954502]
	at net.minecraft.network.protocol.game.PacketPlayInUseItem.a(PacketPlayInUseItem.java:11) ~[spigot-1.21.4-R0.1-SNAPSHOT.jar:4446-Spigot-e5a64e7-e954502]
	at net.minecraft.network.protocol.PlayerConnectionUtils.lambda$ensureRunningOnSameThread$0(PlayerConnectionUtils.java:35) ~[spigot-1.21.4-R0.1-SNAPSHOT.jar:4446-Spigot-e5a64e7-e954502]
	at net.minecraft.server.TickTask.run(SourceFile:18) ~[spigot-1.21.4-R0.1-SNAPSHOT.jar:4446-Spigot-e5a64e7-e954502]
	at net.minecraft.util.thread.IAsyncTaskHandler.d(SourceFile:164) ~[spigot-1.21.4-R0.1-SNAPSHOT.jar:4446-Spigot-e5a64e7-e954502]
	at net.minecraft.util.thread.IAsyncTaskHandlerReentrant.d(SourceFile:23) ~[spigot-1.21.4-R0.1-SNAPSHOT.jar:4446-Spigot-e5a64e7-e954502]
	at net.minecraft.server.MinecraftServer.b(MinecraftServer.java:1319) ~[spigot-1.21.4-R0.1-SNAPSHOT.jar:4446-Spigot-e5a64e7-e954502]
	at net.minecraft.server.MinecraftServer.d(MinecraftServer.java:210) ~[spigot-1.21.4-R0.1-SNAPSHOT.jar:4446-Spigot-e5a64e7-e954502]
	at net.minecraft.util.thread.IAsyncTaskHandler.B(SourceFile:138) ~[spigot-1.21.4-R0.1-SNAPSHOT.jar:4446-Spigot-e5a64e7-e954502]
	at net.minecraft.server.MinecraftServer.bv(MinecraftServer.java:1298) ~[spigot-1.21.4-R0.1-SNAPSHOT.jar:4446-Spigot-e5a64e7-e954502]
	at net.minecraft.server.MinecraftServer.B(MinecraftServer.java:1291) ~[spigot-1.21.4-R0.1-SNAPSHOT.jar:4446-Spigot-e5a64e7-e954502]
	at net.minecraft.util.thread.IAsyncTaskHandler.b(SourceFile:147) ~[spigot-1.21.4-R0.1-SNAPSHOT.jar:4446-Spigot-e5a64e7-e954502]
	at net.minecraft.server.MinecraftServer.b(MinecraftServer.java:1248) ~[spigot-1.21.4-R0.1-SNAPSHOT.jar:4446-Spigot-e5a64e7-e954502]
	at net.minecraft.server.MinecraftServer.x_(MinecraftServer.java:1258) ~[spigot-1.21.4-R0.1-SNAPSHOT.jar:4446-Spigot-e5a64e7-e954502]
	at net.minecraft.server.MinecraftServer.y(MinecraftServer.java:1101) ~[spigot-1.21.4-R0.1-SNAPSHOT.jar:4446-Spigot-e5a64e7-e954502]
	at net.minecraft.server.MinecraftServer.lambda$spin$0(MinecraftServer.java:329) ~[spigot-1.21.4-R0.1-SNAPSHOT.jar:4446-Spigot-e5a64e7-e954502]
	at java.base/java.lang.Thread.run(Thread.java:1583) [?:?]
Caused by: java.lang.NoClassDefFoundError: Could not initialize class com.sk89q.worldguard.bukkit.util.Materials
	at com.sk89q.worldguard.bukkit.listener.WorldGuardPlayerListener.handleBlockRightClick(WorldGuardPlayerListener.java:248) ~[?:?]
	at com.sk89q.worldguard.bukkit.listener.WorldGuardPlayerListener.onPlayerInteract(WorldGuardPlayerListener.java:210) ~[?:?]
	at java.base/jdk.internal.reflect.DirectMethodHandleAccessor.invoke(DirectMethodHandleAccessor.java:103) ~[?:?]
	at java.base/java.lang.reflect.Method.invoke(Method.java:580) ~[?:?]
	at org.bukkit.plugin.java.JavaPluginLoader$1.execute(JavaPluginLoader.java:306) ~[spigot-api-1.21.4-R0.1-SNAPSHOT.jar:?]
	... 24 more
Caused by: java.lang.ExceptionInInitializerError: Exception java.lang.NoSuchFieldError: Class org.bukkit.Tag does not have member field 'org.bukkit.Tag ITEMS_TRIM_TEMPLATES' [in thread "Server thread"]
	at com.sk89q.worldguard.bukkit.util.Materials.<clinit>(Materials.java:913) ~[?:?]
	at com.sk89q.worldguard.bukkit.listener.RegionFlagsListener.onPlaceBlock(RegionFlagsListener.java:67) ~[?:?]
	at java.base/jdk.internal.reflect.DirectMethodHandleAccessor.invoke(DirectMethodHandleAccessor.java:103) ~[?:?]
	at java.base/java.lang.reflect.Method.invoke(Method.java:580) ~[?:?]
	at org.bukkit.plugin.java.JavaPluginLoader$1.execute(JavaPluginLoader.java:306) ~[spigot-api-1.21.4-R0.1-SNAPSHOT.jar:?]
	at org.bukkit.plugin.RegisteredListener.callEvent(RegisteredListener.java:70) ~[spigot-api-1.21.4-R0.1-SNAPSHOT.jar:?]
	at org.bukkit.plugin.SimplePluginManager.fireEvent(SimplePluginManager.java:601) ~[spigot-api-1.21.4-R0.1-SNAPSHOT.jar:?]
	at org.bukkit.plugin.SimplePluginManager.callEvent(SimplePluginManager.java:588) ~[spigot-api-1.21.4-R0.1-SNAPSHOT.jar:?]
	at com.sk89q.worldguard.bukkit.util.Events.fireToCancel(Events.java:74) ~[?:?]
	at com.sk89q.worldguard.bukkit.listener.EventAbstractionListener.onBlockIgnite(EventAbstractionListener.java:632) ~[?:?]
	at java.base/jdk.internal.reflect.DirectMethodHandleAccessor.invoke(DirectMethodHandleAccessor.java:103) ~[?:?]
	at java.base/java.lang.reflect.Method.invoke(Method.java:580) ~[?:?]
	at org.bukkit.plugin.java.JavaPluginLoader$1.execute(JavaPluginLoader.java:306) ~[spigot-api-1.21.4-R0.1-SNAPSHOT.jar:?]
	at org.bukkit.plugin.RegisteredListener.callEvent(RegisteredListener.java:70) ~[spigot-api-1.21.4-R0.1-SNAPSHOT.jar:?]
	at org.bukkit.plugin.SimplePluginManager.fireEvent(SimplePluginManager.java:601) ~[spigot-api-1.21.4-R0.1-SNAPSHOT.jar:?]
	at org.bukkit.plugin.SimplePluginManager.callEvent(SimplePluginManager.java:588) ~[spigot-api-1.21.4-R0.1-SNAPSHOT.jar:?]
	at org.bukkit.craftbukkit.v1_21_R3.event.CraftEventFactory.callBlockIgniteEvent(CraftEventFactory.java:1431) ~[spigot-1.21.4-R0.1-SNAPSHOT.jar:4446-Spigot-e5a64e7-e954502]
	at net.minecraft.world.level.material.FluidTypeLava.a(FluidTypeLava.java:90) ~[spigot-1.21.4-R0.1-SNAPSHOT.jar:4446-Spigot-e5a64e7-e954502]
	at net.minecraft.world.level.material.Fluid.a(SourceFile:92) ~[spigot-1.21.4-R0.1-SNAPSHOT.jar:4446-Spigot-e5a64e7-e954502]
	at net.minecraft.world.level.block.BlockFluids.b(BlockFluids.java:101) ~[spigot-1.21.4-R0.1-SNAPSHOT.jar:4446-Spigot-e5a64e7-e954502]
	at net.minecraft.world.level.block.state.BlockBase$BlockData.b(BlockBase.java:1166) ~[spigot-1.21.4-R0.1-SNAPSHOT.jar:4446-Spigot-e5a64e7-e954502]
	at net.minecraft.server.level.WorldServer.a(WorldServer.java:569) ~[spigot-1.21.4-R0.1-SNAPSHOT.jar:4446-Spigot-e5a64e7-e954502]
	at net.minecraft.server.level.ChunkProviderServer.a(ChunkProviderServer.java:478) ~[spigot-1.21.4-R0.1-SNAPSHOT.jar:4446-Spigot-e5a64e7-e954502]
	at net.minecraft.server.level.ChunkProviderServer.t(ChunkProviderServer.java:406) ~[spigot-1.21.4-R0.1-SNAPSHOT.jar:4446-Spigot-e5a64e7-e954502]
	at net.minecraft.server.level.ChunkProviderServer.a(ChunkProviderServer.java:375) ~[spigot-1.21.4-R0.1-SNAPSHOT.jar:4446-Spigot-e5a64e7-e954502]
	at net.minecraft.server.level.WorldServer.a(WorldServer.java:403) ~[spigot-1.21.4-R0.1-SNAPSHOT.jar:4446-Spigot-e5a64e7-e954502]
	at net.minecraft.server.MinecraftServer.c(MinecraftServer.java:1549) ~[spigot-1.21.4-R0.1-SNAPSHOT.jar:4446-Spigot-e5a64e7-e954502]
	at net.minecraft.server.MinecraftServer.a(MinecraftServer.java:1391) ~[spigot-1.21.4-R0.1-SNAPSHOT.jar:4446-Spigot-e5a64e7-e954502]
	at net.minecraft.server.MinecraftServer.y(MinecraftServer.java:1093) ~[spigot-1.21.4-R0.1-SNAPSHOT.jar:4446-Spigot-e5a64e7-e954502]
	... 2 more
[07:51:33] [Server thread/WARN]: Can't keep up! Is the server overloaded? Running 3220ms or 64 ticks behind
[07:51:47] [Server thread/ERROR]: Could not pass event PlayerInteractEvent to WorldGuard v7.0.11+068ad68
org.bukkit.event.EventException: null
	at org.bukkit.plugin.java.JavaPluginLoader$1.execute(JavaPluginLoader.java:310) ~[spigot-api-1.21.4-R0.1-SNAPSHOT.jar:?]
	at org.bukkit.plugin.RegisteredListener.callEvent(RegisteredListener.java:70) ~[spigot-api-1.21.4-R0.1-SNAPSHOT.jar:?]
	at org.bukkit.plugin.SimplePluginManager.fireEvent(SimplePluginManager.java:601) ~[spigot-api-1.21.4-R0.1-SNAPSHOT.jar:?]
	at org.bukkit.plugin.SimplePluginManager.callEvent(SimplePluginManager.java:588) ~[spigot-api-1.21.4-R0.1-SNAPSHOT.jar:?]
	at org.bukkit.craftbukkit.v1_21_R3.event.CraftEventFactory.callPlayerInteractEvent(CraftEventFactory.java:590) ~[spigot-1.21.4-R0.1-SNAPSHOT.jar:4446-Spigot-e5a64e7-e954502]
	at org.bukkit.craftbukkit.v1_21_R3.event.CraftEventFactory.callPlayerInteractEvent(CraftEventFactory.java:564) ~[spigot-1.21.4-R0.1-SNAPSHOT.jar:4446-Spigot-e5a64e7-e954502]
	at net.minecraft.server.level.PlayerInteractManager.a(PlayerInteractManager.java:510) ~[spigot-1.21.4-R0.1-SNAPSHOT.jar:4446-Spigot-e5a64e7-e954502]
	at net.minecraft.server.network.PlayerConnection.a(PlayerConnection.java:1659) ~[spigot-1.21.4-R0.1-SNAPSHOT.jar:4446-Spigot-e5a64e7-e954502]
	at net.minecraft.network.protocol.game.PacketPlayInUseItem.a(PacketPlayInUseItem.java:44) ~[spigot-1.21.4-R0.1-SNAPSHOT.jar:4446-Spigot-e5a64e7-e954502]
	at net.minecraft.network.protocol.game.PacketPlayInUseItem.a(PacketPlayInUseItem.java:11) ~[spigot-1.21.4-R0.1-SNAPSHOT.jar:4446-Spigot-e5a64e7-e954502]
	at net.minecraft.network.protocol.PlayerConnectionUtils.lambda$ensureRunningOnSameThread$0(PlayerConnectionUtils.java:35) ~[spigot-1.21.4-R0.1-SNAPSHOT.jar:4446-Spigot-e5a64e7-e954502]
	at net.minecraft.server.TickTask.run(SourceFile:18) ~[spigot-1.21.4-R0.1-SNAPSHOT.jar:4446-Spigot-e5a64e7-e954502]
	at net.minecraft.util.thread.IAsyncTaskHandler.d(SourceFile:164) ~[spigot-1.21.4-R0.1-SNAPSHOT.jar:4446-Spigot-e5a64e7-e954502]
	at net.minecraft.util.thread.IAsyncTaskHandlerReentrant.d(SourceFile:23) ~[spigot-1.21.4-R0.1-SNAPSHOT.jar:4446-Spigot-e5a64e7-e954502]
	at net.minecraft.server.MinecraftServer.b(MinecraftServer.java:1319) ~[spigot-1.21.4-R0.1-SNAPSHOT.jar:4446-Spigot-e5a64e7-e954502]
	at net.minecraft.server.MinecraftServer.d(MinecraftServer.java:210) ~[spigot-1.21.4-R0.1-SNAPSHOT.jar:4446-Spigot-e5a64e7-e954502]
	at net.minecraft.util.thread.IAsyncTaskHandler.B(SourceFile:138) ~[spigot-1.21.4-R0.1-SNAPSHOT.jar:4446-Spigot-e5a64e7-e954502]
	at net.minecraft.server.MinecraftServer.bv(MinecraftServer.java:1298) ~[spigot-1.21.4-R0.1-SNAPSHOT.jar:4446-Spigot-e5a64e7-e954502]
	at net.minecraft.server.MinecraftServer.B(MinecraftServer.java:1291) ~[spigot-1.21.4-R0.1-SNAPSHOT.jar:4446-Spigot-e5a64e7-e954502]
	at net.minecraft.util.thread.IAsyncTaskHandler.bA(SourceFile:123) ~[spigot-1.21.4-R0.1-SNAPSHOT.jar:4446-Spigot-e5a64e7-e954502]
	at net.minecraft.server.MinecraftServer.x_(MinecraftServer.java:1254) ~[spigot-1.21.4-R0.1-SNAPSHOT.jar:4446-Spigot-e5a64e7-e954502]
	at net.minecraft.server.MinecraftServer.y(MinecraftServer.java:1101) ~[spigot-1.21.4-R0.1-SNAPSHOT.jar:4446-Spigot-e5a64e7-e954502]
	at net.minecraft.server.MinecraftServer.lambda$spin$0(MinecraftServer.java:329) ~[spigot-1.21.4-R0.1-SNAPSHOT.jar:4446-Spigot-e5a64e7-e954502]
	at java.base/java.lang.Thread.run(Thread.java:1583) [?:?]
Caused by: java.lang.NoClassDefFoundError: Could not initialize class com.sk89q.worldguard.bukkit.util.Materials
	at com.sk89q.worldguard.bukkit.listener.EventAbstractionListener.handleBlockRightClick(EventAbstractionListener.java:1187) ~[?:?]
	at com.sk89q.worldguard.bukkit.listener.EventAbstractionListener.onPlayerInteract(EventAbstractionListener.java:528) ~[?:?]
	at java.base/jdk.internal.reflect.DirectMethodHandleAccessor.invoke(DirectMethodHandleAccessor.java:103) ~[?:?]
	at java.base/java.lang.reflect.Method.invoke(Method.java:580) ~[?:?]
	at org.bukkit.plugin.java.JavaPluginLoader$1.execute(JavaPluginLoader.java:306) ~[spigot-api-1.21.4-R0.1-SNAPSHOT.jar:?]
	... 23 more
Caused by: java.lang.ExceptionInInitializerError: Exception java.lang.NoSuchFieldError: Class org.bukkit.Tag does not have member field 'org.bukkit.Tag ITEMS_TRIM_TEMPLATES' [in thread "Server thread"]
	at com.sk89q.worldguard.bukkit.util.Materials.<clinit>(Materials.java:913) ~[?:?]
	at com.sk89q.worldguard.bukkit.listener.RegionFlagsListener.onPlaceBlock(RegionFlagsListener.java:67) ~[?:?]
	at java.base/jdk.internal.reflect.DirectMethodHandleAccessor.invoke(DirectMethodHandleAccessor.java:103) ~[?:?]
	at java.base/java.lang.reflect.Method.invoke(Method.java:580) ~[?:?]
	at org.bukkit.plugin.java.JavaPluginLoader$1.execute(JavaPluginLoader.java:306) ~[spigot-api-1.21.4-R0.1-SNAPSHOT.jar:?]
	at org.bukkit.plugin.RegisteredListener.callEvent(RegisteredListener.java:70) ~[spigot-api-1.21.4-R0.1-SNAPSHOT.jar:?]
	at org.bukkit.plugin.SimplePluginManager.fireEvent(SimplePluginManager.java:601) ~[spigot-api-1.21.4-R0.1-SNAPSHOT.jar:?]
	at org.bukkit.plugin.SimplePluginManager.callEvent(SimplePluginManager.java:588) ~[spigot-api-1.21.4-R0.1-SNAPSHOT.jar:?]
	at com.sk89q.worldguard.bukkit.util.Events.fireToCancel(Events.java:74) ~[?:?]
	at com.sk89q.worldguard.bukkit.listener.EventAbstractionListener.onBlockIgnite(EventAbstractionListener.java:632) ~[?:?]
	at java.base/jdk.internal.reflect.DirectMethodHandleAccessor.invoke(DirectMethodHandleAccessor.java:103) ~[?:?]
	at java.base/java.lang.reflect.Method.invoke(Method.java:580) ~[?:?]
	at org.bukkit.plugin.java.JavaPluginLoader$1.execute(JavaPluginLoader.java:306) ~[spigot-api-1.21.4-R0.1-SNAPSHOT.jar:?]
	at org.bukkit.plugin.RegisteredListener.callEvent(RegisteredListener.java:70) ~[spigot-api-1.21.4-R0.1-SNAPSHOT.jar:?]
	at org.bukkit.plugin.SimplePluginManager.fireEvent(SimplePluginManager.java:601) ~[spigot-api-1.21.4-R0.1-SNAPSHOT.jar:?]
	at org.bukkit.plugin.SimplePluginManager.callEvent(SimplePluginManager.java:588) ~[spigot-api-1.21.4-R0.1-SNAPSHOT.jar:?]
	at org.bukkit.craftbukkit.v1_21_R3.event.CraftEventFactory.callBlockIgniteEvent(CraftEventFactory.java:1431) ~[spigot-1.21.4-R0.1-SNAPSHOT.jar:4446-Spigot-e5a64e7-e954502]
	at net.minecraft.world.level.material.FluidTypeLava.a(FluidTypeLava.java:90) ~[spigot-1.21.4-R0.1-SNAPSHOT.jar:4446-Spigot-e5a64e7-e954502]
	at net.minecraft.world.level.material.Fluid.a(SourceFile:92) ~[spigot-1.21.4-R0.1-SNAPSHOT.jar:4446-Spigot-e5a64e7-e954502]
	at net.minecraft.world.level.block.BlockFluids.b(BlockFluids.java:101) ~[spigot-1.21.4-R0.1-SNAPSHOT.jar:4446-Spigot-e5a64e7-e954502]
	at net.minecraft.world.level.block.state.BlockBase$BlockData.b(BlockBase.java:1166) ~[spigot-1.21.4-R0.1-SNAPSHOT.jar:4446-Spigot-e5a64e7-e954502]
	at net.minecraft.server.level.WorldServer.a(WorldServer.java:569) ~[spigot-1.21.4-R0.1-SNAPSHOT.jar:4446-Spigot-e5a64e7-e954502]
	at net.minecraft.server.level.ChunkProviderServer.a(ChunkProviderServer.java:478) ~[spigot-1.21.4-R0.1-SNAPSHOT.jar:4446-Spigot-e5a64e7-e954502]
	at net.minecraft.server.level.ChunkProviderServer.t(ChunkProviderServer.java:406) ~[spigot-1.21.4-R0.1-SNAPSHOT.jar:4446-Spigot-e5a64e7-e954502]
	at net.minecraft.server.level.ChunkProviderServer.a(ChunkProviderServer.java:375) ~[spigot-1.21.4-R0.1-SNAPSHOT.jar:4446-Spigot-e5a64e7-e954502]
	at net.minecraft.server.level.WorldServer.a(WorldServer.java:403) ~[spigot-1.21.4-R0.1-SNAPSHOT.jar:4446-Spigot-e5a64e7-e954502]
	at net.minecraft.server.MinecraftServer.c(MinecraftServer.java:1549) ~[spigot-1.21.4-R0.1-SNAPSHOT.jar:4446-Spigot-e5a64e7-e954502]
	at net.minecraft.server.MinecraftServer.a(MinecraftServer.java:1391) ~[spigot-1.21.4-R0.1-SNAPSHOT.jar:4446-Spigot-e5a64e7-e954502]
	at net.minecraft.server.MinecraftServer.y(MinecraftServer.java:1093) ~[spigot-1.21.4-R0.1-SNAPSHOT.jar:4446-Spigot-e5a64e7-e954502]
	... 2 more
[07:51:47] [Server thread/ERROR]: Could not pass event PlayerInteractEvent to WorldGuard v7.0.11+068ad68
org.bukkit.event.EventException: null
	at org.bukkit.plugin.java.JavaPluginLoader$1.execute(JavaPluginLoader.java:310) ~[spigot-api-1.21.4-R0.1-SNAPSHOT.jar:?]
	at org.bukkit.plugin.RegisteredListener.callEvent(RegisteredListener.java:70) ~[spigot-api-1.21.4-R0.1-SNAPSHOT.jar:?]
	at org.bukkit.plugin.SimplePluginManager.fireEvent(SimplePluginManager.java:601) ~[spigot-api-1.21.4-R0.1-SNAPSHOT.jar:?]
	at org.bukkit.plugin.SimplePluginManager.callEvent(SimplePluginManager.java:588) ~[spigot-api-1.21.4-R0.1-SNAPSHOT.jar:?]
	at org.bukkit.craftbukkit.v1_21_R3.event.CraftEventFactory.callPlayerInteractEvent(CraftEventFactory.java:590) ~[spigot-1.21.4-R0.1-SNAPSHOT.jar:4446-Spigot-e5a64e7-e954502]
	at org.bukkit.craftbukkit.v1_21_R3.event.CraftEventFactory.callPlayerInteractEvent(CraftEventFactory.java:564) ~[spigot-1.21.4-R0.1-SNAPSHOT.jar:4446-Spigot-e5a64e7-e954502]
	at net.minecraft.server.level.PlayerInteractManager.a(PlayerInteractManager.java:510) ~[spigot-1.21.4-R0.1-SNAPSHOT.jar:4446-Spigot-e5a64e7-e954502]
	at net.minecraft.server.network.PlayerConnection.a(PlayerConnection.java:1659) ~[spigot-1.21.4-R0.1-SNAPSHOT.jar:4446-Spigot-e5a64e7-e954502]
	at net.minecraft.network.protocol.game.PacketPlayInUseItem.a(PacketPlayInUseItem.java:44) ~[spigot-1.21.4-R0.1-SNAPSHOT.jar:4446-Spigot-e5a64e7-e954502]
	at net.minecraft.network.protocol.game.PacketPlayInUseItem.a(PacketPlayInUseItem.java:11) ~[spigot-1.21.4-R0.1-SNAPSHOT.jar:4446-Spigot-e5a64e7-e954502]
	at net.minecraft.network.protocol.PlayerConnectionUtils.lambda$ensureRunningOnSameThread$0(PlayerConnectionUtils.java:35) ~[spigot-1.21.4-R0.1-SNAPSHOT.jar:4446-Spigot-e5a64e7-e954502]
	at net.minecraft.server.TickTask.run(SourceFile:18) ~[spigot-1.21.4-R0.1-SNAPSHOT.jar:4446-Spigot-e5a64e7-e954502]
	at net.minecraft.util.thread.IAsyncTaskHandler.d(SourceFile:164) ~[spigot-1.21.4-R0.1-SNAPSHOT.jar:4446-Spigot-e5a64e7-e954502]
	at net.minecraft.util.thread.IAsyncTaskHandlerReentrant.d(SourceFile:23) ~[spigot-1.21.4-R0.1-SNAPSHOT.jar:4446-Spigot-e5a64e7-e954502]
	at net.minecraft.server.MinecraftServer.b(MinecraftServer.java:1319) ~[spigot-1.21.4-R0.1-SNAPSHOT.jar:4446-Spigot-e5a64e7-e954502]
	at net.minecraft.server.MinecraftServer.d(MinecraftServer.java:210) ~[spigot-1.21.4-R0.1-SNAPSHOT.jar:4446-Spigot-e5a64e7-e954502]
	at net.minecraft.util.thread.IAsyncTaskHandler.B(SourceFile:138) ~[spigot-1.21.4-R0.1-SNAPSHOT.jar:4446-Spigot-e5a64e7-e954502]
	at net.minecraft.server.MinecraftServer.bv(MinecraftServer.java:1298) ~[spigot-1.21.4-R0.1-SNAPSHOT.jar:4446-Spigot-e5a64e7-e954502]
	at net.minecraft.server.MinecraftServer.B(MinecraftServer.java:1291) ~[spigot-1.21.4-R0.1-SNAPSHOT.jar:4446-Spigot-e5a64e7-e954502]
	at net.minecraft.util.thread.IAsyncTaskHandler.bA(SourceFile:123) ~[spigot-1.21.4-R0.1-SNAPSHOT.jar:4446-Spigot-e5a64e7-e954502]
	at net.minecraft.server.MinecraftServer.x_(MinecraftServer.java:1254) ~[spigot-1.21.4-R0.1-SNAPSHOT.jar:4446-Spigot-e5a64e7-e954502]
	at net.minecraft.server.MinecraftServer.y(MinecraftServer.java:1101) ~[spigot-1.21.4-R0.1-SNAPSHOT.jar:4446-Spigot-e5a64e7-e954502]
	at net.minecraft.server.MinecraftServer.lambda$spin$0(MinecraftServer.java:329) ~[spigot-1.21.4-R0.1-SNAPSHOT.jar:4446-Spigot-e5a64e7-e954502]
	at java.base/java.lang.Thread.run(Thread.java:1583) [?:?]
Caused by: java.lang.NoClassDefFoundError: Could not initialize class com.sk89q.worldguard.bukkit.util.Materials
	at com.sk89q.worldguard.bukkit.listener.WorldGuardPlayerListener.handleBlockRightClick(WorldGuardPlayerListener.java:248) ~[?:?]
	at com.sk89q.worldguard.bukkit.listener.WorldGuardPlayerListener.onPlayerInteract(WorldGuardPlayerListener.java:210) ~[?:?]
	at java.base/jdk.internal.reflect.DirectMethodHandleAccessor.invoke(DirectMethodHandleAccessor.java:103) ~[?:?]
	at java.base/java.lang.reflect.Method.invoke(Method.java:580) ~[?:?]
	at org.bukkit.plugin.java.JavaPluginLoader$1.execute(JavaPluginLoader.java:306) ~[spigot-api-1.21.4-R0.1-SNAPSHOT.jar:?]
	... 23 more
Caused by: java.lang.ExceptionInInitializerError: Exception java.lang.NoSuchFieldError: Class org.bukkit.Tag does not have member field 'org.bukkit.Tag ITEMS_TRIM_TEMPLATES' [in thread "Server thread"]
	at com.sk89q.worldguard.bukkit.util.Materials.<clinit>(Materials.java:913) ~[?:?]
	at com.sk89q.worldguard.bukkit.listener.RegionFlagsListener.onPlaceBlock(RegionFlagsListener.java:67) ~[?:?]
	at java.base/jdk.internal.reflect.DirectMethodHandleAccessor.invoke(DirectMethodHandleAccessor.java:103) ~[?:?]
	at java.base/java.lang.reflect.Method.invoke(Method.java:580) ~[?:?]
	at org.bukkit.plugin.java.JavaPluginLoader$1.execute(JavaPluginLoader.java:306) ~[spigot-api-1.21.4-R0.1-SNAPSHOT.jar:?]
	at org.bukkit.plugin.RegisteredListener.callEvent(RegisteredListener.java:70) ~[spigot-api-1.21.4-R0.1-SNAPSHOT.jar:?]
	at org.bukkit.plugin.SimplePluginManager.fireEvent(SimplePluginManager.java:601) ~[spigot-api-1.21.4-R0.1-SNAPSHOT.jar:?]
	at org.bukkit.plugin.SimplePluginManager.callEvent(SimplePluginManager.java:588) ~[spigot-api-1.21.4-R0.1-SNAPSHOT.jar:?]
	at com.sk89q.worldguard.bukkit.util.Events.fireToCancel(Events.java:74) ~[?:?]
	at com.sk89q.worldguard.bukkit.listener.EventAbstractionListener.onBlockIgnite(EventAbstractionListener.java:632) ~[?:?]
	at java.base/jdk.internal.reflect.DirectMethodHandleAccessor.invoke(DirectMethodHandleAccessor.java:103) ~[?:?]
	at java.base/java.lang.reflect.Method.invoke(Method.java:580) ~[?:?]
	at org.bukkit.plugin.java.JavaPluginLoader$1.execute(JavaPluginLoader.java:306) ~[spigot-api-1.21.4-R0.1-SNAPSHOT.jar:?]
	at org.bukkit.plugin.RegisteredListener.callEvent(RegisteredListener.java:70) ~[spigot-api-1.21.4-R0.1-SNAPSHOT.jar:?]
	at org.bukkit.plugin.SimplePluginManager.fireEvent(SimplePluginManager.java:601) ~[spigot-api-1.21.4-R0.1-SNAPSHOT.jar:?]
	at org.bukkit.plugin.SimplePluginManager.callEvent(SimplePluginManager.java:588) ~[spigot-api-1.21.4-R0.1-SNAPSHOT.jar:?]
	at org.bukkit.craftbukkit.v1_21_R3.event.CraftEventFactory.callBlockIgniteEvent(CraftEventFactory.java:1431) ~[spigot-1.21.4-R0.1-SNAPSHOT.jar:4446-Spigot-e5a64e7-e954502]
	at net.minecraft.world.level.material.FluidTypeLava.a(FluidTypeLava.java:90) ~[spigot-1.21.4-R0.1-SNAPSHOT.jar:4446-Spigot-e5a64e7-e954502]
	at net.minecraft.world.level.material.Fluid.a(SourceFile:92) ~[spigot-1.21.4-R0.1-SNAPSHOT.jar:4446-Spigot-e5a64e7-e954502]
	at net.minecraft.world.level.block.BlockFluids.b(BlockFluids.java:101) ~[spigot-1.21.4-R0.1-SNAPSHOT.jar:4446-Spigot-e5a64e7-e954502]
	at net.minecraft.world.level.block.state.BlockBase$BlockData.b(BlockBase.java:1166) ~[spigot-1.21.4-R0.1-SNAPSHOT.jar:4446-Spigot-e5a64e7-e954502]
	at net.minecraft.server.level.WorldServer.a(WorldServer.java:569) ~[spigot-1.21.4-R0.1-SNAPSHOT.jar:4446-Spigot-e5a64e7-e954502]
	at net.minecraft.server.level.ChunkProviderServer.a(ChunkProviderServer.java:478) ~[spigot-1.21.4-R0.1-SNAPSHOT.jar:4446-Spigot-e5a64e7-e954502]
	at net.minecraft.server.level.ChunkProviderServer.t(ChunkProviderServer.java:406) ~[spigot-1.21.4-R0.1-SNAPSHOT.jar:4446-Spigot-e5a64e7-e954502]
	at net.minecraft.server.level.ChunkProviderServer.a(ChunkProviderServer.java:375) ~[spigot-1.21.4-R0.1-SNAPSHOT.jar:4446-Spigot-e5a64e7-e954502]
	at net.minecraft.server.level.WorldServer.a(WorldServer.java:403) ~[spigot-1.21.4-R0.1-SNAPSHOT.jar:4446-Spigot-e5a64e7-e954502]
	at net.minecraft.server.MinecraftServer.c(MinecraftServer.java:1549) ~[spigot-1.21.4-R0.1-SNAPSHOT.jar:4446-Spigot-e5a64e7-e954502]
	at net.minecraft.server.MinecraftServer.a(MinecraftServer.java:1391) ~[spigot-1.21.4-R0.1-SNAPSHOT.jar:4446-Spigot-e5a64e7-e954502]
	at net.minecraft.server.MinecraftServer.y(MinecraftServer.java:1093) ~[spigot-1.21.4-R0.1-SNAPSHOT.jar:4446-Spigot-e5a64e7-e954502]
	... 2 more
[07:51:53] [Server thread/ERROR]: Could not pass event PlayerInteractEvent to WorldGuard v7.0.11+068ad68
org.bukkit.event.EventException: null
	at org.bukkit.plugin.java.JavaPluginLoader$1.execute(JavaPluginLoader.java:310) ~[spigot-api-1.21.4-R0.1-SNAPSHOT.jar:?]
	at org.bukkit.plugin.RegisteredListener.callEvent(RegisteredListener.java:70) ~[spigot-api-1.21.4-R0.1-SNAPSHOT.jar:?]
	at org.bukkit.plugin.SimplePluginManager.fireEvent(SimplePluginManager.java:601) ~[spigot-api-1.21.4-R0.1-SNAPSHOT.jar:?]
	at org.bukkit.plugin.SimplePluginManager.callEvent(SimplePluginManager.java:588) ~[spigot-api-1.21.4-R0.1-SNAPSHOT.jar:?]
	at org.bukkit.craftbukkit.v1_21_R3.event.CraftEventFactory.callPlayerInteractEvent(CraftEventFactory.java:590) ~[spigot-1.21.4-R0.1-SNAPSHOT.jar:4446-Spigot-e5a64e7-e954502]
	at org.bukkit.craftbukkit.v1_21_R3.event.CraftEventFactory.callPlayerInteractEvent(CraftEventFactory.java:564) ~[spigot-1.21.4-R0.1-SNAPSHOT.jar:4446-Spigot-e5a64e7-e954502]
	at net.minecraft.server.level.PlayerInteractManager.a(PlayerInteractManager.java:510) ~[spigot-1.21.4-R0.1-SNAPSHOT.jar:4446-Spigot-e5a64e7-e954502]
	at net.minecraft.server.network.PlayerConnection.a(PlayerConnection.java:1659) ~[spigot-1.21.4-R0.1-SNAPSHOT.jar:4446-Spigot-e5a64e7-e954502]
	at net.minecraft.network.protocol.game.PacketPlayInUseItem.a(PacketPlayInUseItem.java:44) ~[spigot-1.21.4-R0.1-SNAPSHOT.jar:4446-Spigot-e5a64e7-e954502]
	at net.minecraft.network.protocol.game.PacketPlayInUseItem.a(PacketPlayInUseItem.java:11) ~[spigot-1.21.4-R0.1-SNAPSHOT.jar:4446-Spigot-e5a64e7-e954502]
	at net.minecraft.network.protocol.PlayerConnectionUtils.lambda$ensureRunningOnSameThread$0(PlayerConnectionUtils.java:35) ~[spigot-1.21.4-R0.1-SNAPSHOT.jar:4446-Spigot-e5a64e7-e954502]
	at net.minecraft.server.TickTask.run(SourceFile:18) ~[spigot-1.21.4-R0.1-SNAPSHOT.jar:4446-Spigot-e5a64e7-e954502]
	at net.minecraft.util.thread.IAsyncTaskHandler.d(SourceFile:164) ~[spigot-1.21.4-R0.1-SNAPSHOT.jar:4446-Spigot-e5a64e7-e954502]
	at net.minecraft.util.thread.IAsyncTaskHandlerReentrant.d(SourceFile:23) ~[spigot-1.21.4-R0.1-SNAPSHOT.jar:4446-Spigot-e5a64e7-e954502]
	at net.minecraft.server.MinecraftServer.b(MinecraftServer.java:1319) ~[spigot-1.21.4-R0.1-SNAPSHOT.jar:4446-Spigot-e5a64e7-e954502]
	at net.minecraft.server.MinecraftServer.d(MinecraftServer.java:210) ~[spigot-1.21.4-R0.1-SNAPSHOT.jar:4446-Spigot-e5a64e7-e954502]
	at net.minecraft.util.thread.IAsyncTaskHandler.B(SourceFile:138) ~[spigot-1.21.4-R0.1-SNAPSHOT.jar:4446-Spigot-e5a64e7-e954502]
	at net.minecraft.server.MinecraftServer.bv(MinecraftServer.java:1298) ~[spigot-1.21.4-R0.1-SNAPSHOT.jar:4446-Spigot-e5a64e7-e954502]
	at net.minecraft.server.MinecraftServer.B(MinecraftServer.java:1291) ~[spigot-1.21.4-R0.1-SNAPSHOT.jar:4446-Spigot-e5a64e7-e954502]
	at net.minecraft.util.thread.IAsyncTaskHandler.bA(SourceFile:123) ~[spigot-1.21.4-R0.1-SNAPSHOT.jar:4446-Spigot-e5a64e7-e954502]
	at net.minecraft.server.MinecraftServer.x_(MinecraftServer.java:1254) ~[spigot-1.21.4-R0.1-SNAPSHOT.jar:4446-Spigot-e5a64e7-e954502]
	at net.minecraft.server.MinecraftServer.y(MinecraftServer.java:1101) ~[spigot-1.21.4-R0.1-SNAPSHOT.jar:4446-Spigot-e5a64e7-e954502]
	at net.minecraft.server.MinecraftServer.lambda$spin$0(MinecraftServer.java:329) ~[spigot-1.21.4-R0.1-SNAPSHOT.jar:4446-Spigot-e5a64e7-e954502]
	at java.base/java.lang.Thread.run(Thread.java:1583) [?:?]
Caused by: java.lang.NoClassDefFoundError: Could not initialize class com.sk89q.worldguard.bukkit.util.Materials
	at com.sk89q.worldguard.bukkit.listener.EventAbstractionListener.isBlockModifiedOnClick(EventAbstractionListener.java:1276) ~[?:?]
	at com.sk89q.worldguard.bukkit.listener.EventAbstractionListener.onPlayerInteract(EventAbstractionListener.java:539) ~[?:?]
	at java.base/jdk.internal.reflect.DirectMethodHandleAccessor.invoke(DirectMethodHandleAccessor.java:103) ~[?:?]
	at java.base/java.lang.reflect.Method.invoke(Method.java:580) ~[?:?]
	at org.bukkit.plugin.java.JavaPluginLoader$1.execute(JavaPluginLoader.java:306) ~[spigot-api-1.21.4-R0.1-SNAPSHOT.jar:?]
	... 23 more
Caused by: java.lang.ExceptionInInitializerError: Exception java.lang.NoSuchFieldError: Class org.bukkit.Tag does not have member field 'org.bukkit.Tag ITEMS_TRIM_TEMPLATES' [in thread "Server thread"]
	at com.sk89q.worldguard.bukkit.util.Materials.<clinit>(Materials.java:913) ~[?:?]
	at com.sk89q.worldguard.bukkit.listener.RegionFlagsListener.onPlaceBlock(RegionFlagsListener.java:67) ~[?:?]
	at java.base/jdk.internal.reflect.DirectMethodHandleAccessor.invoke(DirectMethodHandleAccessor.java:103) ~[?:?]
	at java.base/java.lang.reflect.Method.invoke(Method.java:580) ~[?:?]
	at org.bukkit.plugin.java.JavaPluginLoader$1.execute(JavaPluginLoader.java:306) ~[spigot-api-1.21.4-R0.1-SNAPSHOT.jar:?]
	at org.bukkit.plugin.RegisteredListener.callEvent(RegisteredListener.java:70) ~[spigot-api-1.21.4-R0.1-SNAPSHOT.jar:?]
	at org.bukkit.plugin.SimplePluginManager.fireEvent(SimplePluginManager.java:601) ~[spigot-api-1.21.4-R0.1-SNAPSHOT.jar:?]
	at org.bukkit.plugin.SimplePluginManager.callEvent(SimplePluginManager.java:588) ~[spigot-api-1.21.4-R0.1-SNAPSHOT.jar:?]
	at com.sk89q.worldguard.bukkit.util.Events.fireToCancel(Events.java:74) ~[?:?]
	at com.sk89q.worldguard.bukkit.listener.EventAbstractionListener.onBlockIgnite(EventAbstractionListener.java:632) ~[?:?]
	at java.base/jdk.internal.reflect.DirectMethodHandleAccessor.invoke(DirectMethodHandleAccessor.java:103) ~[?:?]
	at java.base/java.lang.reflect.Method.invoke(Method.java:580) ~[?:?]
	at org.bukkit.plugin.java.JavaPluginLoader$1.execute(JavaPluginLoader.java:306) ~[spigot-api-1.21.4-R0.1-SNAPSHOT.jar:?]
	at org.bukkit.plugin.RegisteredListener.callEvent(RegisteredListener.java:70) ~[spigot-api-1.21.4-R0.1-SNAPSHOT.jar:?]
	at org.bukkit.plugin.SimplePluginManager.fireEvent(SimplePluginManager.java:601) ~[spigot-api-1.21.4-R0.1-SNAPSHOT.jar:?]
	at org.bukkit.plugin.SimplePluginManager.callEvent(SimplePluginManager.java:588) ~[spigot-api-1.21.4-R0.1-SNAPSHOT.jar:?]
	at org.bukkit.craftbukkit.v1_21_R3.event.CraftEventFactory.callBlockIgniteEvent(CraftEventFactory.java:1431) ~[spigot-1.21.4-R0.1-SNAPSHOT.jar:4446-Spigot-e5a64e7-e954502]
	at net.minecraft.world.level.material.FluidTypeLava.a(FluidTypeLava.java:90) ~[spigot-1.21.4-R0.1-SNAPSHOT.jar:4446-Spigot-e5a64e7-e954502]
	at net.minecraft.world.level.material.Fluid.a(SourceFile:92) ~[spigot-1.21.4-R0.1-SNAPSHOT.jar:4446-Spigot-e5a64e7-e954502]
	at net.minecraft.world.level.block.BlockFluids.b(BlockFluids.java:101) ~[spigot-1.21.4-R0.1-SNAPSHOT.jar:4446-Spigot-e5a64e7-e954502]
	at net.minecraft.world.level.block.state.BlockBase$BlockData.b(BlockBase.java:1166) ~[spigot-1.21.4-R0.1-SNAPSHOT.jar:4446-Spigot-e5a64e7-e954502]
	at net.minecraft.server.level.WorldServer.a(WorldServer.java:569) ~[spigot-1.21.4-R0.1-SNAPSHOT.jar:4446-Spigot-e5a64e7-e954502]
	at net.minecraft.server.level.ChunkProviderServer.a(ChunkProviderServer.java:478) ~[spigot-1.21.4-R0.1-SNAPSHOT.jar:4446-Spigot-e5a64e7-e954502]
	at net.minecraft.server.level.ChunkProviderServer.t(ChunkProviderServer.java:406) ~[spigot-1.21.4-R0.1-SNAPSHOT.jar:4446-Spigot-e5a64e7-e954502]
	at net.minecraft.server.level.ChunkProviderServer.a(ChunkProviderServer.java:375) ~[spigot-1.21.4-R0.1-SNAPSHOT.jar:4446-Spigot-e5a64e7-e954502]
	at net.minecraft.server.level.WorldServer.a(WorldServer.java:403) ~[spigot-1.21.4-R0.1-SNAPSHOT.jar:4446-Spigot-e5a64e7-e954502]
	at net.minecraft.server.MinecraftServer.c(MinecraftServer.java:1549) ~[spigot-1.21.4-R0.1-SNAPSHOT.jar:4446-Spigot-e5a64e7-e954502]
	at net.minecraft.server.MinecraftServer.a(MinecraftServer.java:1391) ~[spigot-1.21.4-R0.1-SNAPSHOT.jar:4446-Spigot-e5a64e7-e954502]
	at net.minecraft.server.MinecraftServer.y(MinecraftServer.java:1093) ~[spigot-1.21.4-R0.1-SNAPSHOT.jar:4446-Spigot-e5a64e7-e954502]
	... 2 more
[07:51:53] [Server thread/ERROR]: Could not pass event PlayerInteractEvent to WorldGuard v7.0.11+068ad68
org.bukkit.event.EventException: null
	at org.bukkit.plugin.java.JavaPluginLoader$1.execute(JavaPluginLoader.java:310) ~[spigot-api-1.21.4-R0.1-SNAPSHOT.jar:?]
	at org.bukkit.plugin.RegisteredListener.callEvent(RegisteredListener.java:70) ~[spigot-api-1.21.4-R0.1-SNAPSHOT.jar:?]
	at org.bukkit.plugin.SimplePluginManager.fireEvent(SimplePluginManager.java:601) ~[spigot-api-1.21.4-R0.1-SNAPSHOT.jar:?]
	at org.bukkit.plugin.SimplePluginManager.callEvent(SimplePluginManager.java:588) ~[spigot-api-1.21.4-R0.1-SNAPSHOT.jar:?]
	at org.bukkit.craftbukkit.v1_21_R3.event.CraftEventFactory.callPlayerInteractEvent(CraftEventFactory.java:590) ~[spigot-1.21.4-R0.1-SNAPSHOT.jar:4446-Spigot-e5a64e7-e954502]
	at org.bukkit.craftbukkit.v1_21_R3.event.CraftEventFactory.callPlayerInteractEvent(CraftEventFactory.java:564) ~[spigot-1.21.4-R0.1-SNAPSHOT.jar:4446-Spigot-e5a64e7-e954502]
	at net.minecraft.server.level.PlayerInteractManager.a(PlayerInteractManager.java:510) ~[spigot-1.21.4-R0.1-SNAPSHOT.jar:4446-Spigot-e5a64e7-e954502]
	at net.minecraft.server.network.PlayerConnection.a(PlayerConnection.java:1659) ~[spigot-1.21.4-R0.1-SNAPSHOT.jar:4446-Spigot-e5a64e7-e954502]
	at net.minecraft.network.protocol.game.PacketPlayInUseItem.a(PacketPlayInUseItem.java:44) ~[spigot-1.21.4-R0.1-SNAPSHOT.jar:4446-Spigot-e5a64e7-e954502]
	at net.minecraft.network.protocol.game.PacketPlayInUseItem.a(PacketPlayInUseItem.java:11) ~[spigot-1.21.4-R0.1-SNAPSHOT.jar:4446-Spigot-e5a64e7-e954502]
	at net.minecraft.network.protocol.PlayerConnectionUtils.lambda$ensureRunningOnSameThread$0(PlayerConnectionUtils.java:35) ~[spigot-1.21.4-R0.1-SNAPSHOT.jar:4446-Spigot-e5a64e7-e954502]
	at net.minecraft.server.TickTask.run(SourceFile:18) ~[spigot-1.21.4-R0.1-SNAPSHOT.jar:4446-Spigot-e5a64e7-e954502]
	at net.minecraft.util.thread.IAsyncTaskHandler.d(SourceFile:164) ~[spigot-1.21.4-R0.1-SNAPSHOT.jar:4446-Spigot-e5a64e7-e954502]
	at net.minecraft.util.thread.IAsyncTaskHandlerReentrant.d(SourceFile:23) ~[spigot-1.21.4-R0.1-SNAPSHOT.jar:4446-Spigot-e5a64e7-e954502]
	at net.minecraft.server.MinecraftServer.b(MinecraftServer.java:1319) ~[spigot-1.21.4-R0.1-SNAPSHOT.jar:4446-Spigot-e5a64e7-e954502]
	at net.minecraft.server.MinecraftServer.d(MinecraftServer.java:210) ~[spigot-1.21.4-R0.1-SNAPSHOT.jar:4446-Spigot-e5a64e7-e954502]
	at net.minecraft.util.thread.IAsyncTaskHandler.B(SourceFile:138) ~[spigot-1.21.4-R0.1-SNAPSHOT.jar:4446-Spigot-e5a64e7-e954502]
	at net.minecraft.server.MinecraftServer.bv(MinecraftServer.java:1298) ~[spigot-1.21.4-R0.1-SNAPSHOT.jar:4446-Spigot-e5a64e7-e954502]
	at net.minecraft.server.MinecraftServer.B(MinecraftServer.java:1291) ~[spigot-1.21.4-R0.1-SNAPSHOT.jar:4446-Spigot-e5a64e7-e954502]
	at net.minecraft.util.thread.IAsyncTaskHandler.bA(SourceFile:123) ~[spigot-1.21.4-R0.1-SNAPSHOT.jar:4446-Spigot-e5a64e7-e954502]
	at net.minecraft.server.MinecraftServer.x_(MinecraftServer.java:1254) ~[spigot-1.21.4-R0.1-SNAPSHOT.jar:4446-Spigot-e5a64e7-e954502]
	at net.minecraft.server.MinecraftServer.y(MinecraftServer.java:1101) ~[spigot-1.21.4-R0.1-SNAPSHOT.jar:4446-Spigot-e5a64e7-e954502]
	at net.minecraft.server.MinecraftServer.lambda$spin$0(MinecraftServer.java:329) ~[spigot-1.21.4-R0.1-SNAPSHOT.jar:4446-Spigot-e5a64e7-e954502]
	at java.base/java.lang.Thread.run(Thread.java:1583) [?:?]
Caused by: java.lang.NoClassDefFoundError: Could not initialize class com.sk89q.worldguard.bukkit.util.Materials
	at com.sk89q.worldguard.bukkit.listener.WorldGuardPlayerListener.handleBlockRightClick(WorldGuardPlayerListener.java:248) ~[?:?]
	at com.sk89q.worldguard.bukkit.listener.WorldGuardPlayerListener.onPlayerInteract(WorldGuardPlayerListener.java:210) ~[?:?]
	at java.base/jdk.internal.reflect.DirectMethodHandleAccessor.invoke(DirectMethodHandleAccessor.java:103) ~[?:?]
	at java.base/java.lang.reflect.Method.invoke(Method.java:580) ~[?:?]
	at org.bukkit.plugin.java.JavaPluginLoader$1.execute(JavaPluginLoader.java:306) ~[spigot-api-1.21.4-R0.1-SNAPSHOT.jar:?]
	... 23 more
Caused by: java.lang.ExceptionInInitializerError: Exception java.lang.NoSuchFieldError: Class org.bukkit.Tag does not have member field 'org.bukkit.Tag ITEMS_TRIM_TEMPLATES' [in thread "Server thread"]
	at com.sk89q.worldguard.bukkit.util.Materials.<clinit>(Materials.java:913) ~[?:?]
	at com.sk89q.worldguard.bukkit.listener.RegionFlagsListener.onPlaceBlock(RegionFlagsListener.java:67) ~[?:?]
	at java.base/jdk.internal.reflect.DirectMethodHandleAccessor.invoke(DirectMethodHandleAccessor.java:103) ~[?:?]
	at java.base/java.lang.reflect.Method.invoke(Method.java:580) ~[?:?]
	at org.bukkit.plugin.java.JavaPluginLoader$1.execute(JavaPluginLoader.java:306) ~[spigot-api-1.21.4-R0.1-SNAPSHOT.jar:?]
	at org.bukkit.plugin.RegisteredListener.callEvent(RegisteredListener.java:70) ~[spigot-api-1.21.4-R0.1-SNAPSHOT.jar:?]
	at org.bukkit.plugin.SimplePluginManager.fireEvent(SimplePluginManager.java:601) ~[spigot-api-1.21.4-R0.1-SNAPSHOT.jar:?]
	at org.bukkit.plugin.SimplePluginManager.callEvent(SimplePluginManager.java:588) ~[spigot-api-1.21.4-R0.1-SNAPSHOT.jar:?]
	at com.sk89q.worldguard.bukkit.util.Events.fireToCancel(Events.java:74) ~[?:?]
	at com.sk89q.worldguard.bukkit.listener.EventAbstractionListener.onBlockIgnite(EventAbstractionListener.java:632) ~[?:?]
	at java.base/jdk.internal.reflect.DirectMethodHandleAccessor.invoke(DirectMethodHandleAccessor.java:103) ~[?:?]
	at java.base/java.lang.reflect.Method.invoke(Method.java:580) ~[?:?]
	at org.bukkit.plugin.java.JavaPluginLoader$1.execute(JavaPluginLoader.java:306) ~[spigot-api-1.21.4-R0.1-SNAPSHOT.jar:?]
	at org.bukkit.plugin.RegisteredListener.callEvent(RegisteredListener.java:70) ~[spigot-api-1.21.4-R0.1-SNAPSHOT.jar:?]
	at org.bukkit.plugin.SimplePluginManager.fireEvent(SimplePluginManager.java:601) ~[spigot-api-1.21.4-R0.1-SNAPSHOT.jar:?]
	at org.bukkit.plugin.SimplePluginManager.callEvent(SimplePluginManager.java:588) ~[spigot-api-1.21.4-R0.1-SNAPSHOT.jar:?]
	at org.bukkit.craftbukkit.v1_21_R3.event.CraftEventFactory.callBlockIgniteEvent(CraftEventFactory.java:1431) ~[spigot-1.21.4-R0.1-SNAPSHOT.jar:4446-Spigot-e5a64e7-e954502]
	at net.minecraft.world.level.material.FluidTypeLava.a(FluidTypeLava.java:90) ~[spigot-1.21.4-R0.1-SNAPSHOT.jar:4446-Spigot-e5a64e7-e954502]
	at net.minecraft.world.level.material.Fluid.a(SourceFile:92) ~[spigot-1.21.4-R0.1-SNAPSHOT.jar:4446-Spigot-e5a64e7-e954502]
	at net.minecraft.world.level.block.BlockFluids.b(BlockFluids.java:101) ~[spigot-1.21.4-R0.1-SNAPSHOT.jar:4446-Spigot-e5a64e7-e954502]
	at net.minecraft.world.level.block.state.BlockBase$BlockData.b(BlockBase.java:1166) ~[spigot-1.21.4-R0.1-SNAPSHOT.jar:4446-Spigot-e5a64e7-e954502]
	at net.minecraft.server.level.WorldServer.a(WorldServer.java:569) ~[spigot-1.21.4-R0.1-SNAPSHOT.jar:4446-Spigot-e5a64e7-e954502]
	at net.minecraft.server.level.ChunkProviderServer.a(ChunkProviderServer.java:478) ~[spigot-1.21.4-R0.1-SNAPSHOT.jar:4446-Spigot-e5a64e7-e954502]
	at net.minecraft.server.level.ChunkProviderServer.t(ChunkProviderServer.java:406) ~[spigot-1.21.4-R0.1-SNAPSHOT.jar:4446-Spigot-e5a64e7-e954502]
	at net.minecraft.server.level.ChunkProviderServer.a(ChunkProviderServer.java:375) ~[spigot-1.21.4-R0.1-SNAPSHOT.jar:4446-Spigot-e5a64e7-e954502]
	at net.minecraft.server.level.WorldServer.a(WorldServer.java:403) ~[spigot-1.21.4-R0.1-SNAPSHOT.jar:4446-Spigot-e5a64e7-e954502]
	at net.minecraft.server.MinecraftServer.c(MinecraftServer.java:1549) ~[spigot-1.21.4-R0.1-SNAPSHOT.jar:4446-Spigot-e5a64e7-e954502]
	at net.minecraft.server.MinecraftServer.a(MinecraftServer.java:1391) ~[spigot-1.21.4-R0.1-SNAPSHOT.jar:4446-Spigot-e5a64e7-e954502]
	at net.minecraft.server.MinecraftServer.y(MinecraftServer.java:1093) ~[spigot-1.21.4-R0.1-SNAPSHOT.jar:4446-Spigot-e5a64e7-e954502]
	... 2 more
[07:52:49] [Server thread/ERROR]: Could not pass event PlayerInteractEvent to WorldGuard v7.0.11+068ad68
org.bukkit.event.EventException: null
	at org.bukkit.plugin.java.JavaPluginLoader$1.execute(JavaPluginLoader.java:310) ~[spigot-api-1.21.4-R0.1-SNAPSHOT.jar:?]
	at org.bukkit.plugin.RegisteredListener.callEvent(RegisteredListener.java:70) ~[spigot-api-1.21.4-R0.1-SNAPSHOT.jar:?]
	at org.bukkit.plugin.SimplePluginManager.fireEvent(SimplePluginManager.java:601) ~[spigot-api-1.21.4-R0.1-SNAPSHOT.jar:?]
	at org.bukkit.plugin.SimplePluginManager.callEvent(SimplePluginManager.java:588) ~[spigot-api-1.21.4-R0.1-SNAPSHOT.jar:?]
	at org.bukkit.craftbukkit.v1_21_R3.event.CraftEventFactory.callPlayerInteractEvent(CraftEventFactory.java:590) ~[spigot-1.21.4-R0.1-SNAPSHOT.jar:4446-Spigot-e5a64e7-e954502]
	at org.bukkit.craftbukkit.v1_21_R3.event.CraftEventFactory.callPlayerInteractEvent(CraftEventFactory.java:564) ~[spigot-1.21.4-R0.1-SNAPSHOT.jar:4446-Spigot-e5a64e7-e954502]
	at net.minecraft.server.level.PlayerInteractManager.a(PlayerInteractManager.java:510) ~[spigot-1.21.4-R0.1-SNAPSHOT.jar:4446-Spigot-e5a64e7-e954502]
	at net.minecraft.server.network.PlayerConnection.a(PlayerConnection.java:1659) ~[spigot-1.21.4-R0.1-SNAPSHOT.jar:4446-Spigot-e5a64e7-e954502]
	at net.minecraft.network.protocol.game.PacketPlayInUseItem.a(PacketPlayInUseItem.java:44) ~[spigot-1.21.4-R0.1-SNAPSHOT.jar:4446-Spigot-e5a64e7-e954502]
	at net.minecraft.network.protocol.game.PacketPlayInUseItem.a(PacketPlayInUseItem.java:11) ~[spigot-1.21.4-R0.1-SNAPSHOT.jar:4446-Spigot-e5a64e7-e954502]
	at net.minecraft.network.protocol.PlayerConnectionUtils.lambda$ensureRunningOnSameThread$0(PlayerConnectionUtils.java:35) ~[spigot-1.21.4-R0.1-SNAPSHOT.jar:4446-Spigot-e5a64e7-e954502]
	at net.minecraft.server.TickTask.run(SourceFile:18) ~[spigot-1.21.4-R0.1-SNAPSHOT.jar:4446-Spigot-e5a64e7-e954502]
	at net.minecraft.util.thread.IAsyncTaskHandler.d(SourceFile:164) ~[spigot-1.21.4-R0.1-SNAPSHOT.jar:4446-Spigot-e5a64e7-e954502]
	at net.minecraft.util.thread.IAsyncTaskHandlerReentrant.d(SourceFile:23) ~[spigot-1.21.4-R0.1-SNAPSHOT.jar:4446-Spigot-e5a64e7-e954502]
	at net.minecraft.server.MinecraftServer.b(MinecraftServer.java:1319) ~[spigot-1.21.4-R0.1-SNAPSHOT.jar:4446-Spigot-e5a64e7-e954502]
	at net.minecraft.server.MinecraftServer.d(MinecraftServer.java:210) ~[spigot-1.21.4-R0.1-SNAPSHOT.jar:4446-Spigot-e5a64e7-e954502]
	at net.minecraft.util.thread.IAsyncTaskHandler.B(SourceFile:138) ~[spigot-1.21.4-R0.1-SNAPSHOT.jar:4446-Spigot-e5a64e7-e954502]
	at net.minecraft.server.MinecraftServer.bv(MinecraftServer.java:1298) ~[spigot-1.21.4-R0.1-SNAPSHOT.jar:4446-Spigot-e5a64e7-e954502]
	at net.minecraft.server.MinecraftServer.B(MinecraftServer.java:1291) ~[spigot-1.21.4-R0.1-SNAPSHOT.jar:4446-Spigot-e5a64e7-e954502]
	at net.minecraft.util.thread.IAsyncTaskHandler.b(SourceFile:147) ~[spigot-1.21.4-R0.1-SNAPSHOT.jar:4446-Spigot-e5a64e7-e954502]
	at net.minecraft.server.MinecraftServer.b(MinecraftServer.java:1248) ~[spigot-1.21.4-R0.1-SNAPSHOT.jar:4446-Spigot-e5a64e7-e954502]
	at net.minecraft.server.MinecraftServer.x_(MinecraftServer.java:1258) ~[spigot-1.21.4-R0.1-SNAPSHOT.jar:4446-Spigot-e5a64e7-e954502]
	at net.minecraft.server.MinecraftServer.y(MinecraftServer.java:1101) ~[spigot-1.21.4-R0.1-SNAPSHOT.jar:4446-Spigot-e5a64e7-e954502]
	at net.minecraft.server.MinecraftServer.lambda$spin$0(MinecraftServer.java:329) ~[spigot-1.21.4-R0.1-SNAPSHOT.jar:4446-Spigot-e5a64e7-e954502]
	at java.base/java.lang.Thread.run(Thread.java:1583) [?:?]
Caused by: java.lang.NoClassDefFoundError: Could not initialize class com.sk89q.worldguard.bukkit.util.Materials
	at com.sk89q.worldguard.bukkit.listener.EventAbstractionListener.handleBlockRightClick(EventAbstractionListener.java:1187) ~[?:?]
	at com.sk89q.worldguard.bukkit.listener.EventAbstractionListener.onPlayerInteract(EventAbstractionListener.java:528) ~[?:?]
	at java.base/jdk.internal.reflect.DirectMethodHandleAccessor.invoke(DirectMethodHandleAccessor.java:103) ~[?:?]
	at java.base/java.lang.reflect.Method.invoke(Method.java:580) ~[?:?]
	at org.bukkit.plugin.java.JavaPluginLoader$1.execute(JavaPluginLoader.java:306) ~[spigot-api-1.21.4-R0.1-SNAPSHOT.jar:?]
	... 24 more
Caused by: java.lang.ExceptionInInitializerError: Exception java.lang.NoSuchFieldError: Class org.bukkit.Tag does not have member field 'org.bukkit.Tag ITEMS_TRIM_TEMPLATES' [in thread "Server thread"]
	at com.sk89q.worldguard.bukkit.util.Materials.<clinit>(Materials.java:913) ~[?:?]
	at com.sk89q.worldguard.bukkit.listener.RegionFlagsListener.onPlaceBlock(RegionFlagsListener.java:67) ~[?:?]
	at java.base/jdk.internal.reflect.DirectMethodHandleAccessor.invoke(DirectMethodHandleAccessor.java:103) ~[?:?]
	at java.base/java.lang.reflect.Method.invoke(Method.java:580) ~[?:?]
	at org.bukkit.plugin.java.JavaPluginLoader$1.execute(JavaPluginLoader.java:306) ~[spigot-api-1.21.4-R0.1-SNAPSHOT.jar:?]
	at org.bukkit.plugin.RegisteredListener.callEvent(RegisteredListener.java:70) ~[spigot-api-1.21.4-R0.1-SNAPSHOT.jar:?]
	at org.bukkit.plugin.SimplePluginManager.fireEvent(SimplePluginManager.java:601) ~[spigot-api-1.21.4-R0.1-SNAPSHOT.jar:?]
	at org.bukkit.plugin.SimplePluginManager.callEvent(SimplePluginManager.java:588) ~[spigot-api-1.21.4-R0.1-SNAPSHOT.jar:?]
	at com.sk89q.worldguard.bukkit.util.Events.fireToCancel(Events.java:74) ~[?:?]
	at com.sk89q.worldguard.bukkit.listener.EventAbstractionListener.onBlockIgnite(EventAbstractionListener.java:632) ~[?:?]
	at java.base/jdk.internal.reflect.DirectMethodHandleAccessor.invoke(DirectMethodHandleAccessor.java:103) ~[?:?]
	at java.base/java.lang.reflect.Method.invoke(Method.java:580) ~[?:?]
	at org.bukkit.plugin.java.JavaPluginLoader$1.execute(JavaPluginLoader.java:306) ~[spigot-api-1.21.4-R0.1-SNAPSHOT.jar:?]
	at org.bukkit.plugin.RegisteredListener.callEvent(RegisteredListener.java:70) ~[spigot-api-1.21.4-R0.1-SNAPSHOT.jar:?]
	at org.bukkit.plugin.SimplePluginManager.fireEvent(SimplePluginManager.java:601) ~[spigot-api-1.21.4-R0.1-SNAPSHOT.jar:?]
	at org.bukkit.plugin.SimplePluginManager.callEvent(SimplePluginManager.java:588) ~[spigot-api-1.21.4-R0.1-SNAPSHOT.jar:?]
	at org.bukkit.craftbukkit.v1_21_R3.event.CraftEventFactory.callBlockIgniteEvent(CraftEventFactory.java:1431) ~[spigot-1.21.4-R0.1-SNAPSHOT.jar:4446-Spigot-e5a64e7-e954502]
	at net.minecraft.world.level.material.FluidTypeLava.a(FluidTypeLava.java:90) ~[spigot-1.21.4-R0.1-SNAPSHOT.jar:4446-Spigot-e5a64e7-e954502]
	at net.minecraft.world.level.material.Fluid.a(SourceFile:92) ~[spigot-1.21.4-R0.1-SNAPSHOT.jar:4446-Spigot-e5a64e7-e954502]
	at net.minecraft.world.level.block.BlockFluids.b(BlockFluids.java:101) ~[spigot-1.21.4-R0.1-SNAPSHOT.jar:4446-Spigot-e5a64e7-e954502]
	at net.minecraft.world.level.block.state.BlockBase$BlockData.b(BlockBase.java:1166) ~[spigot-1.21.4-R0.1-SNAPSHOT.jar:4446-Spigot-e5a64e7-e954502]
	at net.minecraft.server.level.WorldServer.a(WorldServer.java:569) ~[spigot-1.21.4-R0.1-SNAPSHOT.jar:4446-Spigot-e5a64e7-e954502]
	at net.minecraft.server.level.ChunkProviderServer.a(ChunkProviderServer.java:478) ~[spigot-1.21.4-R0.1-SNAPSHOT.jar:4446-Spigot-e5a64e7-e954502]
	at net.minecraft.server.level.ChunkProviderServer.t(ChunkProviderServer.java:406) ~[spigot-1.21.4-R0.1-SNAPSHOT.jar:4446-Spigot-e5a64e7-e954502]
	at net.minecraft.server.level.ChunkProviderServer.a(ChunkProviderServer.java:375) ~[spigot-1.21.4-R0.1-SNAPSHOT.jar:4446-Spigot-e5a64e7-e954502]
	at net.minecraft.server.level.WorldServer.a(WorldServer.java:403) ~[spigot-1.21.4-R0.1-SNAPSHOT.jar:4446-Spigot-e5a64e7-e954502]
	at net.minecraft.server.MinecraftServer.c(MinecraftServer.java:1549) ~[spigot-1.21.4-R0.1-SNAPSHOT.jar:4446-Spigot-e5a64e7-e954502]
	at net.minecraft.server.MinecraftServer.a(MinecraftServer.java:1391) ~[spigot-1.21.4-R0.1-SNAPSHOT.jar:4446-Spigot-e5a64e7-e954502]
	at net.minecraft.server.MinecraftServer.y(MinecraftServer.java:1093) ~[spigot-1.21.4-R0.1-SNAPSHOT.jar:4446-Spigot-e5a64e7-e954502]
	... 2 more
[07:52:49] [Server thread/ERROR]: Could not pass event PlayerInteractEvent to WorldGuard v7.0.11+068ad68
org.bukkit.event.EventException: null
	at org.bukkit.plugin.java.JavaPluginLoader$1.execute(JavaPluginLoader.java:310) ~[spigot-api-1.21.4-R0.1-SNAPSHOT.jar:?]
	at org.bukkit.plugin.RegisteredListener.callEvent(RegisteredListener.java:70) ~[spigot-api-1.21.4-R0.1-SNAPSHOT.jar:?]
	at org.bukkit.plugin.SimplePluginManager.fireEvent(SimplePluginManager.java:601) ~[spigot-api-1.21.4-R0.1-SNAPSHOT.jar:?]
	at org.bukkit.plugin.SimplePluginManager.callEvent(SimplePluginManager.java:588) ~[spigot-api-1.21.4-R0.1-SNAPSHOT.jar:?]
	at org.bukkit.craftbukkit.v1_21_R3.event.CraftEventFactory.callPlayerInteractEvent(CraftEventFactory.java:590) ~[spigot-1.21.4-R0.1-SNAPSHOT.jar:4446-Spigot-e5a64e7-e954502]
	at org.bukkit.craftbukkit.v1_21_R3.event.CraftEventFactory.callPlayerInteractEvent(CraftEventFactory.java:564) ~[spigot-1.21.4-R0.1-SNAPSHOT.jar:4446-Spigot-e5a64e7-e954502]
	at net.minecraft.server.level.PlayerInteractManager.a(PlayerInteractManager.java:510) ~[spigot-1.21.4-R0.1-SNAPSHOT.jar:4446-Spigot-e5a64e7-e954502]
	at net.minecraft.server.network.PlayerConnection.a(PlayerConnection.java:1659) ~[spigot-1.21.4-R0.1-SNAPSHOT.jar:4446-Spigot-e5a64e7-e954502]
	at net.minecraft.network.protocol.game.PacketPlayInUseItem.a(PacketPlayInUseItem.java:44) ~[spigot-1.21.4-R0.1-SNAPSHOT.jar:4446-Spigot-e5a64e7-e954502]
	at net.minecraft.network.protocol.game.PacketPlayInUseItem.a(PacketPlayInUseItem.java:11) ~[spigot-1.21.4-R0.1-SNAPSHOT.jar:4446-Spigot-e5a64e7-e954502]
	at net.minecraft.network.protocol.PlayerConnectionUtils.lambda$ensureRunningOnSameThread$0(PlayerConnectionUtils.java:35) ~[spigot-1.21.4-R0.1-SNAPSHOT.jar:4446-Spigot-e5a64e7-e954502]
	at net.minecraft.server.TickTask.run(SourceFile:18) ~[spigot-1.21.4-R0.1-SNAPSHOT.jar:4446-Spigot-e5a64e7-e954502]
	at net.minecraft.util.thread.IAsyncTaskHandler.d(SourceFile:164) ~[spigot-1.21.4-R0.1-SNAPSHOT.jar:4446-Spigot-e5a64e7-e954502]
	at net.minecraft.util.thread.IAsyncTaskHandlerReentrant.d(SourceFile:23) ~[spigot-1.21.4-R0.1-SNAPSHOT.jar:4446-Spigot-e5a64e7-e954502]
	at net.minecraft.server.MinecraftServer.b(MinecraftServer.java:1319) ~[spigot-1.21.4-R0.1-SNAPSHOT.jar:4446-Spigot-e5a64e7-e954502]
	at net.minecraft.server.MinecraftServer.d(MinecraftServer.java:210) ~[spigot-1.21.4-R0.1-SNAPSHOT.jar:4446-Spigot-e5a64e7-e954502]
	at net.minecraft.util.thread.IAsyncTaskHandler.B(SourceFile:138) ~[spigot-1.21.4-R0.1-SNAPSHOT.jar:4446-Spigot-e5a64e7-e954502]
	at net.minecraft.server.MinecraftServer.bv(MinecraftServer.java:1298) ~[spigot-1.21.4-R0.1-SNAPSHOT.jar:4446-Spigot-e5a64e7-e954502]
	at net.minecraft.server.MinecraftServer.B(MinecraftServer.java:1291) ~[spigot-1.21.4-R0.1-SNAPSHOT.jar:4446-Spigot-e5a64e7-e954502]
	at net.minecraft.util.thread.IAsyncTaskHandler.b(SourceFile:147) ~[spigot-1.21.4-R0.1-SNAPSHOT.jar:4446-Spigot-e5a64e7-e954502]
	at net.minecraft.server.MinecraftServer.b(MinecraftServer.java:1248) ~[spigot-1.21.4-R0.1-SNAPSHOT.jar:4446-Spigot-e5a64e7-e954502]
	at net.minecraft.server.MinecraftServer.x_(MinecraftServer.java:1258) ~[spigot-1.21.4-R0.1-SNAPSHOT.jar:4446-Spigot-e5a64e7-e954502]
	at net.minecraft.server.MinecraftServer.y(MinecraftServer.java:1101) ~[spigot-1.21.4-R0.1-SNAPSHOT.jar:4446-Spigot-e5a64e7-e954502]
	at net.minecraft.server.MinecraftServer.lambda$spin$0(MinecraftServer.java:329) ~[spigot-1.21.4-R0.1-SNAPSHOT.jar:4446-Spigot-e5a64e7-e954502]
	at java.base/java.lang.Thread.run(Thread.java:1583) [?:?]
Caused by: java.lang.NoClassDefFoundError: Could not initialize class com.sk89q.worldguard.bukkit.util.Materials
	at com.sk89q.worldguard.bukkit.listener.WorldGuardPlayerListener.handleBlockRightClick(WorldGuardPlayerListener.java:248) ~[?:?]
	at com.sk89q.worldguard.bukkit.listener.WorldGuardPlayerListener.onPlayerInteract(WorldGuardPlayerListener.java:210) ~[?:?]
	at java.base/jdk.internal.reflect.DirectMethodHandleAccessor.invoke(DirectMethodHandleAccessor.java:103) ~[?:?]
	at java.base/java.lang.reflect.Method.invoke(Method.java:580) ~[?:?]
	at org.bukkit.plugin.java.JavaPluginLoader$1.execute(JavaPluginLoader.java:306) ~[spigot-api-1.21.4-R0.1-SNAPSHOT.jar:?]
	... 24 more
Caused by: java.lang.ExceptionInInitializerError: Exception java.lang.NoSuchFieldError: Class org.bukkit.Tag does not have member field 'org.bukkit.Tag ITEMS_TRIM_TEMPLATES' [in thread "Server thread"]
	at com.sk89q.worldguard.bukkit.util.Materials.<clinit>(Materials.java:913) ~[?:?]
	at com.sk89q.worldguard.bukkit.listener.RegionFlagsListener.onPlaceBlock(RegionFlagsListener.java:67) ~[?:?]
	at java.base/jdk.internal.reflect.DirectMethodHandleAccessor.invoke(DirectMethodHandleAccessor.java:103) ~[?:?]
	at java.base/java.lang.reflect.Method.invoke(Method.java:580) ~[?:?]
	at org.bukkit.plugin.java.JavaPluginLoader$1.execute(JavaPluginLoader.java:306) ~[spigot-api-1.21.4-R0.1-SNAPSHOT.jar:?]
	at org.bukkit.plugin.RegisteredListener.callEvent(RegisteredListener.java:70) ~[spigot-api-1.21.4-R0.1-SNAPSHOT.jar:?]
	at org.bukkit.plugin.SimplePluginManager.fireEvent(SimplePluginManager.java:601) ~[spigot-api-1.21.4-R0.1-SNAPSHOT.jar:?]
	at org.bukkit.plugin.SimplePluginManager.callEvent(SimplePluginManager.java:588) ~[spigot-api-1.21.4-R0.1-SNAPSHOT.jar:?]
	at com.sk89q.worldguard.bukkit.util.Events.fireToCancel(Events.java:74) ~[?:?]
	at com.sk89q.worldguard.bukkit.listener.EventAbstractionListener.onBlockIgnite(EventAbstractionListener.java:632) ~[?:?]
	at java.base/jdk.internal.reflect.DirectMethodHandleAccessor.invoke(DirectMethodHandleAccessor.java:103) ~[?:?]
	at java.base/java.lang.reflect.Method.invoke(Method.java:580) ~[?:?]
	at org.bukkit.plugin.java.JavaPluginLoader$1.execute(JavaPluginLoader.java:306) ~[spigot-api-1.21.4-R0.1-SNAPSHOT.jar:?]
	at org.bukkit.plugin.RegisteredListener.callEvent(RegisteredListener.java:70) ~[spigot-api-1.21.4-R0.1-SNAPSHOT.jar:?]
	at org.bukkit.plugin.SimplePluginManager.fireEvent(SimplePluginManager.java:601) ~[spigot-api-1.21.4-R0.1-SNAPSHOT.jar:?]
	at org.bukkit.plugin.SimplePluginManager.callEvent(SimplePluginManager.java:588) ~[spigot-api-1.21.4-R0.1-SNAPSHOT.jar:?]
	at org.bukkit.craftbukkit.v1_21_R3.event.CraftEventFactory.callBlockIgniteEvent(CraftEventFactory.java:1431) ~[spigot-1.21.4-R0.1-SNAPSHOT.jar:4446-Spigot-e5a64e7-e954502]
	at net.minecraft.world.level.material.FluidTypeLava.a(FluidTypeLava.java:90) ~[spigot-1.21.4-R0.1-SNAPSHOT.jar:4446-Spigot-e5a64e7-e954502]
	at net.minecraft.world.level.material.Fluid.a(SourceFile:92) ~[spigot-1.21.4-R0.1-SNAPSHOT.jar:4446-Spigot-e5a64e7-e954502]
	at net.minecraft.world.level.block.BlockFluids.b(BlockFluids.java:101) ~[spigot-1.21.4-R0.1-SNAPSHOT.jar:4446-Spigot-e5a64e7-e954502]
	at net.minecraft.world.level.block.state.BlockBase$BlockData.b(BlockBase.java:1166) ~[spigot-1.21.4-R0.1-SNAPSHOT.jar:4446-Spigot-e5a64e7-e954502]
	at net.minecraft.server.level.WorldServer.a(WorldServer.java:569) ~[spigot-1.21.4-R0.1-SNAPSHOT.jar:4446-Spigot-e5a64e7-e954502]
	at net.minecraft.server.level.ChunkProviderServer.a(ChunkProviderServer.java:478) ~[spigot-1.21.4-R0.1-SNAPSHOT.jar:4446-Spigot-e5a64e7-e954502]
	at net.minecraft.server.level.ChunkProviderServer.t(ChunkProviderServer.java:406) ~[spigot-1.21.4-R0.1-SNAPSHOT.jar:4446-Spigot-e5a64e7-e954502]
	at net.minecraft.server.level.ChunkProviderServer.a(ChunkProviderServer.java:375) ~[spigot-1.21.4-R0.1-SNAPSHOT.jar:4446-Spigot-e5a64e7-e954502]
	at net.minecraft.server.level.WorldServer.a(WorldServer.java:403) ~[spigot-1.21.4-R0.1-SNAPSHOT.jar:4446-Spigot-e5a64e7-e954502]
	at net.minecraft.server.MinecraftServer.c(MinecraftServer.java:1549) ~[spigot-1.21.4-R0.1-SNAPSHOT.jar:4446-Spigot-e5a64e7-e954502]
	at net.minecraft.server.MinecraftServer.a(MinecraftServer.java:1391) ~[spigot-1.21.4-R0.1-SNAPSHOT.jar:4446-Spigot-e5a64e7-e954502]
	at net.minecraft.server.MinecraftServer.y(MinecraftServer.java:1093) ~[spigot-1.21.4-R0.1-SNAPSHOT.jar:4446-Spigot-e5a64e7-e954502]
	... 2 more
[07:53:51] [Server thread/ERROR]: Could not pass event PlayerInteractEvent to WorldGuard v7.0.11+068ad68
org.bukkit.event.EventException: null
	at org.bukkit.plugin.java.JavaPluginLoader$1.execute(JavaPluginLoader.java:310) ~[spigot-api-1.21.4-R0.1-SNAPSHOT.jar:?]
	at org.bukkit.plugin.RegisteredListener.callEvent(RegisteredListener.java:70) ~[spigot-api-1.21.4-R0.1-SNAPSHOT.jar:?]
	at org.bukkit.plugin.SimplePluginManager.fireEvent(SimplePluginManager.java:601) ~[spigot-api-1.21.4-R0.1-SNAPSHOT.jar:?]
	at org.bukkit.plugin.SimplePluginManager.callEvent(SimplePluginManager.java:588) ~[spigot-api-1.21.4-R0.1-SNAPSHOT.jar:?]
	at org.bukkit.craftbukkit.v1_21_R3.event.CraftEventFactory.callPlayerInteractEvent(CraftEventFactory.java:590) ~[spigot-1.21.4-R0.1-SNAPSHOT.jar:4446-Spigot-e5a64e7-e954502]
	at org.bukkit.craftbukkit.v1_21_R3.event.CraftEventFactory.callPlayerInteractEvent(CraftEventFactory.java:564) ~[spigot-1.21.4-R0.1-SNAPSHOT.jar:4446-Spigot-e5a64e7-e954502]
	at net.minecraft.server.level.PlayerInteractManager.a(PlayerInteractManager.java:510) ~[spigot-1.21.4-R0.1-SNAPSHOT.jar:4446-Spigot-e5a64e7-e954502]
	at net.minecraft.server.network.PlayerConnection.a(PlayerConnection.java:1659) ~[spigot-1.21.4-R0.1-SNAPSHOT.jar:4446-Spigot-e5a64e7-e954502]
	at net.minecraft.network.protocol.game.PacketPlayInUseItem.a(PacketPlayInUseItem.java:44) ~[spigot-1.21.4-R0.1-SNAPSHOT.jar:4446-Spigot-e5a64e7-e954502]
	at net.minecraft.network.protocol.game.PacketPlayInUseItem.a(PacketPlayInUseItem.java:11) ~[spigot-1.21.4-R0.1-SNAPSHOT.jar:4446-Spigot-e5a64e7-e954502]
	at net.minecraft.network.protocol.PlayerConnectionUtils.lambda$ensureRunningOnSameThread$0(PlayerConnectionUtils.java:35) ~[spigot-1.21.4-R0.1-SNAPSHOT.jar:4446-Spigot-e5a64e7-e954502]
	at net.minecraft.server.TickTask.run(SourceFile:18) ~[spigot-1.21.4-R0.1-SNAPSHOT.jar:4446-Spigot-e5a64e7-e954502]
	at net.minecraft.util.thread.IAsyncTaskHandler.d(SourceFile:164) ~[spigot-1.21.4-R0.1-SNAPSHOT.jar:4446-Spigot-e5a64e7-e954502]
	at net.minecraft.util.thread.IAsyncTaskHandlerReentrant.d(SourceFile:23) ~[spigot-1.21.4-R0.1-SNAPSHOT.jar:4446-Spigot-e5a64e7-e954502]
	at net.minecraft.server.MinecraftServer.b(MinecraftServer.java:1319) ~[spigot-1.21.4-R0.1-SNAPSHOT.jar:4446-Spigot-e5a64e7-e954502]
	at net.minecraft.server.MinecraftServer.d(MinecraftServer.java:210) ~[spigot-1.21.4-R0.1-SNAPSHOT.jar:4446-Spigot-e5a64e7-e954502]
	at net.minecraft.util.thread.IAsyncTaskHandler.B(SourceFile:138) ~[spigot-1.21.4-R0.1-SNAPSHOT.jar:4446-Spigot-e5a64e7-e954502]
	at net.minecraft.server.MinecraftServer.bv(MinecraftServer.java:1298) ~[spigot-1.21.4-R0.1-SNAPSHOT.jar:4446-Spigot-e5a64e7-e954502]
	at net.minecraft.server.MinecraftServer.B(MinecraftServer.java:1291) ~[spigot-1.21.4-R0.1-SNAPSHOT.jar:4446-Spigot-e5a64e7-e954502]
	at net.minecraft.util.thread.IAsyncTaskHandler.b(SourceFile:147) ~[spigot-1.21.4-R0.1-SNAPSHOT.jar:4446-Spigot-e5a64e7-e954502]
	at net.minecraft.server.MinecraftServer.b(MinecraftServer.java:1248) ~[spigot-1.21.4-R0.1-SNAPSHOT.jar:4446-Spigot-e5a64e7-e954502]
	at net.minecraft.server.MinecraftServer.x_(MinecraftServer.java:1258) ~[spigot-1.21.4-R0.1-SNAPSHOT.jar:4446-Spigot-e5a64e7-e954502]
	at net.minecraft.server.MinecraftServer.y(MinecraftServer.java:1101) ~[spigot-1.21.4-R0.1-SNAPSHOT.jar:4446-Spigot-e5a64e7-e954502]
	at net.minecraft.server.MinecraftServer.lambda$spin$0(MinecraftServer.java:329) ~[spigot-1.21.4-R0.1-SNAPSHOT.jar:4446-Spigot-e5a64e7-e954502]
	at java.base/java.lang.Thread.run(Thread.java:1583) [?:?]
Caused by: java.lang.NoClassDefFoundError: Could not initialize class com.sk89q.worldguard.bukkit.util.Materials
	at com.sk89q.worldguard.bukkit.listener.EventAbstractionListener.isBlockModifiedOnClick(EventAbstractionListener.java:1276) ~[?:?]
	at com.sk89q.worldguard.bukkit.listener.EventAbstractionListener.onPlayerInteract(EventAbstractionListener.java:539) ~[?:?]
	at java.base/jdk.internal.reflect.DirectMethodHandleAccessor.invoke(DirectMethodHandleAccessor.java:103) ~[?:?]
	at java.base/java.lang.reflect.Method.invoke(Method.java:580) ~[?:?]
	at org.bukkit.plugin.java.JavaPluginLoader$1.execute(JavaPluginLoader.java:306) ~[spigot-api-1.21.4-R0.1-SNAPSHOT.jar:?]
	... 24 more
Caused by: java.lang.ExceptionInInitializerError: Exception java.lang.NoSuchFieldError: Class org.bukkit.Tag does not have member field 'org.bukkit.Tag ITEMS_TRIM_TEMPLATES' [in thread "Server thread"]
	at com.sk89q.worldguard.bukkit.util.Materials.<clinit>(Materials.java:913) ~[?:?]
	at com.sk89q.worldguard.bukkit.listener.RegionFlagsListener.onPlaceBlock(RegionFlagsListener.java:67) ~[?:?]
	at java.base/jdk.internal.reflect.DirectMethodHandleAccessor.invoke(DirectMethodHandleAccessor.java:103) ~[?:?]
	at java.base/java.lang.reflect.Method.invoke(Method.java:580) ~[?:?]
	at org.bukkit.plugin.java.JavaPluginLoader$1.execute(JavaPluginLoader.java:306) ~[spigot-api-1.21.4-R0.1-SNAPSHOT.jar:?]
	at org.bukkit.plugin.RegisteredListener.callEvent(RegisteredListener.java:70) ~[spigot-api-1.21.4-R0.1-SNAPSHOT.jar:?]
	at org.bukkit.plugin.SimplePluginManager.fireEvent(SimplePluginManager.java:601) ~[spigot-api-1.21.4-R0.1-SNAPSHOT.jar:?]
	at org.bukkit.plugin.SimplePluginManager.callEvent(SimplePluginManager.java:588) ~[spigot-api-1.21.4-R0.1-SNAPSHOT.jar:?]
	at com.sk89q.worldguard.bukkit.util.Events.fireToCancel(Events.java:74) ~[?:?]
	at com.sk89q.worldguard.bukkit.listener.EventAbstractionListener.onBlockIgnite(EventAbstractionListener.java:632) ~[?:?]
	at java.base/jdk.internal.reflect.DirectMethodHandleAccessor.invoke(DirectMethodHandleAccessor.java:103) ~[?:?]
	at java.base/java.lang.reflect.Method.invoke(Method.java:580) ~[?:?]
	at org.bukkit.plugin.java.JavaPluginLoader$1.execute(JavaPluginLoader.java:306) ~[spigot-api-1.21.4-R0.1-SNAPSHOT.jar:?]
	at org.bukkit.plugin.RegisteredListener.callEvent(RegisteredListener.java:70) ~[spigot-api-1.21.4-R0.1-SNAPSHOT.jar:?]
	at org.bukkit.plugin.SimplePluginManager.fireEvent(SimplePluginManager.java:601) ~[spigot-api-1.21.4-R0.1-SNAPSHOT.jar:?]
	at org.bukkit.plugin.SimplePluginManager.callEvent(SimplePluginManager.java:588) ~[spigot-api-1.21.4-R0.1-SNAPSHOT.jar:?]
	at org.bukkit.craftbukkit.v1_21_R3.event.CraftEventFactory.callBlockIgniteEvent(CraftEventFactory.java:1431) ~[spigot-1.21.4-R0.1-SNAPSHOT.jar:4446-Spigot-e5a64e7-e954502]
	at net.minecraft.world.level.material.FluidTypeLava.a(FluidTypeLava.java:90) ~[spigot-1.21.4-R0.1-SNAPSHOT.jar:4446-Spigot-e5a64e7-e954502]
	at net.minecraft.world.level.material.Fluid.a(SourceFile:92) ~[spigot-1.21.4-R0.1-SNAPSHOT.jar:4446-Spigot-e5a64e7-e954502]
	at net.minecraft.world.level.block.BlockFluids.b(BlockFluids.java:101) ~[spigot-1.21.4-R0.1-SNAPSHOT.jar:4446-Spigot-e5a64e7-e954502]
	at net.minecraft.world.level.block.state.BlockBase$BlockData.b(BlockBase.java:1166) ~[spigot-1.21.4-R0.1-SNAPSHOT.jar:4446-Spigot-e5a64e7-e954502]
	at net.minecraft.server.level.WorldServer.a(WorldServer.java:569) ~[spigot-1.21.4-R0.1-SNAPSHOT.jar:4446-Spigot-e5a64e7-e954502]
	at net.minecraft.server.level.ChunkProviderServer.a(ChunkProviderServer.java:478) ~[spigot-1.21.4-R0.1-SNAPSHOT.jar:4446-Spigot-e5a64e7-e954502]
	at net.minecraft.server.level.ChunkProviderServer.t(ChunkProviderServer.java:406) ~[spigot-1.21.4-R0.1-SNAPSHOT.jar:4446-Spigot-e5a64e7-e954502]
	at net.minecraft.server.level.ChunkProviderServer.a(ChunkProviderServer.java:375) ~[spigot-1.21.4-R0.1-SNAPSHOT.jar:4446-Spigot-e5a64e7-e954502]
	at net.minecraft.server.level.WorldServer.a(WorldServer.java:403) ~[spigot-1.21.4-R0.1-SNAPSHOT.jar:4446-Spigot-e5a64e7-e954502]
	at net.minecraft.server.MinecraftServer.c(MinecraftServer.java:1549) ~[spigot-1.21.4-R0.1-SNAPSHOT.jar:4446-Spigot-e5a64e7-e954502]
	at net.minecraft.server.MinecraftServer.a(MinecraftServer.java:1391) ~[spigot-1.21.4-R0.1-SNAPSHOT.jar:4446-Spigot-e5a64e7-e954502]
	at net.minecraft.server.MinecraftServer.y(MinecraftServer.java:1093) ~[spigot-1.21.4-R0.1-SNAPSHOT.jar:4446-Spigot-e5a64e7-e954502]
	... 2 more
[07:53:51] [Server thread/ERROR]: Could not pass event PlayerInteractEvent to WorldGuard v7.0.11+068ad68
org.bukkit.event.EventException: null
	at org.bukkit.plugin.java.JavaPluginLoader$1.execute(JavaPluginLoader.java:310) ~[spigot-api-1.21.4-R0.1-SNAPSHOT.jar:?]
	at org.bukkit.plugin.RegisteredListener.callEvent(RegisteredListener.java:70) ~[spigot-api-1.21.4-R0.1-SNAPSHOT.jar:?]
	at org.bukkit.plugin.SimplePluginManager.fireEvent(SimplePluginManager.java:601) ~[spigot-api-1.21.4-R0.1-SNAPSHOT.jar:?]
	at org.bukkit.plugin.SimplePluginManager.callEvent(SimplePluginManager.java:588) ~[spigot-api-1.21.4-R0.1-SNAPSHOT.jar:?]
	at org.bukkit.craftbukkit.v1_21_R3.event.CraftEventFactory.callPlayerInteractEvent(CraftEventFactory.java:590) ~[spigot-1.21.4-R0.1-SNAPSHOT.jar:4446-Spigot-e5a64e7-e954502]
	at org.bukkit.craftbukkit.v1_21_R3.event.CraftEventFactory.callPlayerInteractEvent(CraftEventFactory.java:564) ~[spigot-1.21.4-R0.1-SNAPSHOT.jar:4446-Spigot-e5a64e7-e954502]
	at net.minecraft.server.level.PlayerInteractManager.a(PlayerInteractManager.java:510) ~[spigot-1.21.4-R0.1-SNAPSHOT.jar:4446-Spigot-e5a64e7-e954502]
	at net.minecraft.server.network.PlayerConnection.a(PlayerConnection.java:1659) ~[spigot-1.21.4-R0.1-SNAPSHOT.jar:4446-Spigot-e5a64e7-e954502]
	at net.minecraft.network.protocol.game.PacketPlayInUseItem.a(PacketPlayInUseItem.java:44) ~[spigot-1.21.4-R0.1-SNAPSHOT.jar:4446-Spigot-e5a64e7-e954502]
	at net.minecraft.network.protocol.game.PacketPlayInUseItem.a(PacketPlayInUseItem.java:11) ~[spigot-1.21.4-R0.1-SNAPSHOT.jar:4446-Spigot-e5a64e7-e954502]
	at net.minecraft.network.protocol.PlayerConnectionUtils.lambda$ensureRunningOnSameThread$0(PlayerConnectionUtils.java:35) ~[spigot-1.21.4-R0.1-SNAPSHOT.jar:4446-Spigot-e5a64e7-e954502]
	at net.minecraft.server.TickTask.run(SourceFile:18) ~[spigot-1.21.4-R0.1-SNAPSHOT.jar:4446-Spigot-e5a64e7-e954502]
	at net.minecraft.util.thread.IAsyncTaskHandler.d(SourceFile:164) ~[spigot-1.21.4-R0.1-SNAPSHOT.jar:4446-Spigot-e5a64e7-e954502]
	at net.minecraft.util.thread.IAsyncTaskHandlerReentrant.d(SourceFile:23) ~[spigot-1.21.4-R0.1-SNAPSHOT.jar:4446-Spigot-e5a64e7-e954502]
	at net.minecraft.server.MinecraftServer.b(MinecraftServer.java:1319) ~[spigot-1.21.4-R0.1-SNAPSHOT.jar:4446-Spigot-e5a64e7-e954502]
	at net.minecraft.server.MinecraftServer.d(MinecraftServer.java:210) ~[spigot-1.21.4-R0.1-SNAPSHOT.jar:4446-Spigot-e5a64e7-e954502]
	at net.minecraft.util.thread.IAsyncTaskHandler.B(SourceFile:138) ~[spigot-1.21.4-R0.1-SNAPSHOT.jar:4446-Spigot-e5a64e7-e954502]
	at net.minecraft.server.MinecraftServer.bv(MinecraftServer.java:1298) ~[spigot-1.21.4-R0.1-SNAPSHOT.jar:4446-Spigot-e5a64e7-e954502]
	at net.minecraft.server.MinecraftServer.B(MinecraftServer.java:1291) ~[spigot-1.21.4-R0.1-SNAPSHOT.jar:4446-Spigot-e5a64e7-e954502]
	at net.minecraft.util.thread.IAsyncTaskHandler.b(SourceFile:147) ~[spigot-1.21.4-R0.1-SNAPSHOT.jar:4446-Spigot-e5a64e7-e954502]
	at net.minecraft.server.MinecraftServer.b(MinecraftServer.java:1248) ~[spigot-1.21.4-R0.1-SNAPSHOT.jar:4446-Spigot-e5a64e7-e954502]
	at net.minecraft.server.MinecraftServer.x_(MinecraftServer.java:1258) ~[spigot-1.21.4-R0.1-SNAPSHOT.jar:4446-Spigot-e5a64e7-e954502]
	at net.minecraft.server.MinecraftServer.y(MinecraftServer.java:1101) ~[spigot-1.21.4-R0.1-SNAPSHOT.jar:4446-Spigot-e5a64e7-e954502]
	at net.minecraft.server.MinecraftServer.lambda$spin$0(MinecraftServer.java:329) ~[spigot-1.21.4-R0.1-SNAPSHOT.jar:4446-Spigot-e5a64e7-e954502]
	at java.base/java.lang.Thread.run(Thread.java:1583) [?:?]
Caused by: java.lang.NoClassDefFoundError: Could not initialize class com.sk89q.worldguard.bukkit.util.Materials
	at com.sk89q.worldguard.bukkit.listener.WorldGuardPlayerListener.handleBlockRightClick(WorldGuardPlayerListener.java:248) ~[?:?]
	at com.sk89q.worldguard.bukkit.listener.WorldGuardPlayerListener.onPlayerInteract(WorldGuardPlayerListener.java:210) ~[?:?]
	at java.base/jdk.internal.reflect.DirectMethodHandleAccessor.invoke(DirectMethodHandleAccessor.java:103) ~[?:?]
	at java.base/java.lang.reflect.Method.invoke(Method.java:580) ~[?:?]
	at org.bukkit.plugin.java.JavaPluginLoader$1.execute(JavaPluginLoader.java:306) ~[spigot-api-1.21.4-R0.1-SNAPSHOT.jar:?]
	... 24 more
Caused by: java.lang.ExceptionInInitializerError: Exception java.lang.NoSuchFieldError: Class org.bukkit.Tag does not have member field 'org.bukkit.Tag ITEMS_TRIM_TEMPLATES' [in thread "Server thread"]
	at com.sk89q.worldguard.bukkit.util.Materials.<clinit>(Materials.java:913) ~[?:?]
	at com.sk89q.worldguard.bukkit.listener.RegionFlagsListener.onPlaceBlock(RegionFlagsListener.java:67) ~[?:?]
	at java.base/jdk.internal.reflect.DirectMethodHandleAccessor.invoke(DirectMethodHandleAccessor.java:103) ~[?:?]
	at java.base/java.lang.reflect.Method.invoke(Method.java:580) ~[?:?]
	at org.bukkit.plugin.java.JavaPluginLoader$1.execute(JavaPluginLoader.java:306) ~[spigot-api-1.21.4-R0.1-SNAPSHOT.jar:?]
	at org.bukkit.plugin.RegisteredListener.callEvent(RegisteredListener.java:70) ~[spigot-api-1.21.4-R0.1-SNAPSHOT.jar:?]
	at org.bukkit.plugin.SimplePluginManager.fireEvent(SimplePluginManager.java:601) ~[spigot-api-1.21.4-R0.1-SNAPSHOT.jar:?]
	at org.bukkit.plugin.SimplePluginManager.callEvent(SimplePluginManager.java:588) ~[spigot-api-1.21.4-R0.1-SNAPSHOT.jar:?]
	at com.sk89q.worldguard.bukkit.util.Events.fireToCancel(Events.java:74) ~[?:?]
	at com.sk89q.worldguard.bukkit.listener.EventAbstractionListener.onBlockIgnite(EventAbstractionListener.java:632) ~[?:?]
	at java.base/jdk.internal.reflect.DirectMethodHandleAccessor.invoke(DirectMethodHandleAccessor.java:103) ~[?:?]
	at java.base/java.lang.reflect.Method.invoke(Method.java:580) ~[?:?]
	at org.bukkit.plugin.java.JavaPluginLoader$1.execute(JavaPluginLoader.java:306) ~[spigot-api-1.21.4-R0.1-SNAPSHOT.jar:?]
	at org.bukkit.plugin.RegisteredListener.callEvent(RegisteredListener.java:70) ~[spigot-api-1.21.4-R0.1-SNAPSHOT.jar:?]
	at org.bukkit.plugin.SimplePluginManager.fireEvent(SimplePluginManager.java:601) ~[spigot-api-1.21.4-R0.1-SNAPSHOT.jar:?]
	at org.bukkit.plugin.SimplePluginManager.callEvent(SimplePluginManager.java:588) ~[spigot-api-1.21.4-R0.1-SNAPSHOT.jar:?]
	at org.bukkit.craftbukkit.v1_21_R3.event.CraftEventFactory.callBlockIgniteEvent(CraftEventFactory.java:1431) ~[spigot-1.21.4-R0.1-SNAPSHOT.jar:4446-Spigot-e5a64e7-e954502]
	at net.minecraft.world.level.material.FluidTypeLava.a(FluidTypeLava.java:90) ~[spigot-1.21.4-R0.1-SNAPSHOT.jar:4446-Spigot-e5a64e7-e954502]
	at net.minecraft.world.level.material.Fluid.a(SourceFile:92) ~[spigot-1.21.4-R0.1-SNAPSHOT.jar:4446-Spigot-e5a64e7-e954502]
	at net.minecraft.world.level.block.BlockFluids.b(BlockFluids.java:101) ~[spigot-1.21.4-R0.1-SNAPSHOT.jar:4446-Spigot-e5a64e7-e954502]
	at net.minecraft.world.level.block.state.BlockBase$BlockData.b(BlockBase.java:1166) ~[spigot-1.21.4-R0.1-SNAPSHOT.jar:4446-Spigot-e5a64e7-e954502]
	at net.minecraft.server.level.WorldServer.a(WorldServer.java:569) ~[spigot-1.21.4-R0.1-SNAPSHOT.jar:4446-Spigot-e5a64e7-e954502]
	at net.minecraft.server.level.ChunkProviderServer.a(ChunkProviderServer.java:478) ~[spigot-1.21.4-R0.1-SNAPSHOT.jar:4446-Spigot-e5a64e7-e954502]
	at net.minecraft.server.level.ChunkProviderServer.t(ChunkProviderServer.java:406) ~[spigot-1.21.4-R0.1-SNAPSHOT.jar:4446-Spigot-e5a64e7-e954502]
	at net.minecraft.server.level.ChunkProviderServer.a(ChunkProviderServer.java:375) ~[spigot-1.21.4-R0.1-SNAPSHOT.jar:4446-Spigot-e5a64e7-e954502]
	at net.minecraft.server.level.WorldServer.a(WorldServer.java:403) ~[spigot-1.21.4-R0.1-SNAPSHOT.jar:4446-Spigot-e5a64e7-e954502]
	at net.minecraft.server.MinecraftServer.c(MinecraftServer.java:1549) ~[spigot-1.21.4-R0.1-SNAPSHOT.jar:4446-Spigot-e5a64e7-e954502]
	at net.minecraft.server.MinecraftServer.a(MinecraftServer.java:1391) ~[spigot-1.21.4-R0.1-SNAPSHOT.jar:4446-Spigot-e5a64e7-e954502]
	at net.minecraft.server.MinecraftServer.y(MinecraftServer.java:1093) ~[spigot-1.21.4-R0.1-SNAPSHOT.jar:4446-Spigot-e5a64e7-e954502]
	... 2 more
[07:54:00] [Server thread/INFO]: CommandBlock at -660,9,693 issued server command: /time set day
[07:57:47] [Server thread/ERROR]: Could not pass event PlayerInteractEvent to WorldGuard v7.0.11+068ad68
org.bukkit.event.EventException: null
	at org.bukkit.plugin.java.JavaPluginLoader$1.execute(JavaPluginLoader.java:310) ~[spigot-api-1.21.4-R0.1-SNAPSHOT.jar:?]
	at org.bukkit.plugin.RegisteredListener.callEvent(RegisteredListener.java:70) ~[spigot-api-1.21.4-R0.1-SNAPSHOT.jar:?]
	at org.bukkit.plugin.SimplePluginManager.fireEvent(SimplePluginManager.java:601) ~[spigot-api-1.21.4-R0.1-SNAPSHOT.jar:?]
	at org.bukkit.plugin.SimplePluginManager.callEvent(SimplePluginManager.java:588) ~[spigot-api-1.21.4-R0.1-SNAPSHOT.jar:?]
	at org.bukkit.craftbukkit.v1_21_R3.event.CraftEventFactory.callPlayerInteractEvent(CraftEventFactory.java:590) ~[spigot-1.21.4-R0.1-SNAPSHOT.jar:4446-Spigot-e5a64e7-e954502]
	at org.bukkit.craftbukkit.v1_21_R3.event.CraftEventFactory.callPlayerInteractEvent(CraftEventFactory.java:564) ~[spigot-1.21.4-R0.1-SNAPSHOT.jar:4446-Spigot-e5a64e7-e954502]
	at net.minecraft.server.level.PlayerInteractManager.a(PlayerInteractManager.java:510) ~[spigot-1.21.4-R0.1-SNAPSHOT.jar:4446-Spigot-e5a64e7-e954502]
	at net.minecraft.server.network.PlayerConnection.a(PlayerConnection.java:1659) ~[spigot-1.21.4-R0.1-SNAPSHOT.jar:4446-Spigot-e5a64e7-e954502]
	at net.minecraft.network.protocol.game.PacketPlayInUseItem.a(PacketPlayInUseItem.java:44) ~[spigot-1.21.4-R0.1-SNAPSHOT.jar:4446-Spigot-e5a64e7-e954502]
	at net.minecraft.network.protocol.game.PacketPlayInUseItem.a(PacketPlayInUseItem.java:11) ~[spigot-1.21.4-R0.1-SNAPSHOT.jar:4446-Spigot-e5a64e7-e954502]
	at net.minecraft.network.protocol.PlayerConnectionUtils.lambda$ensureRunningOnSameThread$0(PlayerConnectionUtils.java:35) ~[spigot-1.21.4-R0.1-SNAPSHOT.jar:4446-Spigot-e5a64e7-e954502]
	at net.minecraft.server.TickTask.run(SourceFile:18) ~[spigot-1.21.4-R0.1-SNAPSHOT.jar:4446-Spigot-e5a64e7-e954502]
	at net.minecraft.util.thread.IAsyncTaskHandler.d(SourceFile:164) ~[spigot-1.21.4-R0.1-SNAPSHOT.jar:4446-Spigot-e5a64e7-e954502]
	at net.minecraft.util.thread.IAsyncTaskHandlerReentrant.d(SourceFile:23) ~[spigot-1.21.4-R0.1-SNAPSHOT.jar:4446-Spigot-e5a64e7-e954502]
	at net.minecraft.server.MinecraftServer.b(MinecraftServer.java:1319) ~[spigot-1.21.4-R0.1-SNAPSHOT.jar:4446-Spigot-e5a64e7-e954502]
	at net.minecraft.server.MinecraftServer.d(MinecraftServer.java:210) ~[spigot-1.21.4-R0.1-SNAPSHOT.jar:4446-Spigot-e5a64e7-e954502]
	at net.minecraft.util.thread.IAsyncTaskHandler.B(SourceFile:138) ~[spigot-1.21.4-R0.1-SNAPSHOT.jar:4446-Spigot-e5a64e7-e954502]
	at net.minecraft.server.MinecraftServer.bv(MinecraftServer.java:1298) ~[spigot-1.21.4-R0.1-SNAPSHOT.jar:4446-Spigot-e5a64e7-e954502]
	at net.minecraft.server.MinecraftServer.B(MinecraftServer.java:1291) ~[spigot-1.21.4-R0.1-SNAPSHOT.jar:4446-Spigot-e5a64e7-e954502]
	at net.minecraft.util.thread.IAsyncTaskHandler.b(SourceFile:147) ~[spigot-1.21.4-R0.1-SNAPSHOT.jar:4446-Spigot-e5a64e7-e954502]
	at net.minecraft.server.MinecraftServer.b(MinecraftServer.java:1248) ~[spigot-1.21.4-R0.1-SNAPSHOT.jar:4446-Spigot-e5a64e7-e954502]
	at net.minecraft.server.MinecraftServer.x_(MinecraftServer.java:1258) ~[spigot-1.21.4-R0.1-SNAPSHOT.jar:4446-Spigot-e5a64e7-e954502]
	at net.minecraft.server.MinecraftServer.y(MinecraftServer.java:1101) ~[spigot-1.21.4-R0.1-SNAPSHOT.jar:4446-Spigot-e5a64e7-e954502]
	at net.minecraft.server.MinecraftServer.lambda$spin$0(MinecraftServer.java:329) ~[spigot-1.21.4-R0.1-SNAPSHOT.jar:4446-Spigot-e5a64e7-e954502]
	at java.base/java.lang.Thread.run(Thread.java:1583) [?:?]
Caused by: java.lang.NoClassDefFoundError: Could not initialize class com.sk89q.worldguard.bukkit.util.Materials
	at com.sk89q.worldguard.bukkit.listener.EventAbstractionListener.isBlockModifiedOnClick(EventAbstractionListener.java:1276) ~[?:?]
	at com.sk89q.worldguard.bukkit.listener.EventAbstractionListener.onPlayerInteract(EventAbstractionListener.java:539) ~[?:?]
	at java.base/jdk.internal.reflect.DirectMethodHandleAccessor.invoke(DirectMethodHandleAccessor.java:103) ~[?:?]
	at java.base/java.lang.reflect.Method.invoke(Method.java:580) ~[?:?]
	at org.bukkit.plugin.java.JavaPluginLoader$1.execute(JavaPluginLoader.java:306) ~[spigot-api-1.21.4-R0.1-SNAPSHOT.jar:?]
	... 24 more
Caused by: java.lang.ExceptionInInitializerError: Exception java.lang.NoSuchFieldError: Class org.bukkit.Tag does not have member field 'org.bukkit.Tag ITEMS_TRIM_TEMPLATES' [in thread "Server thread"]
	at com.sk89q.worldguard.bukkit.util.Materials.<clinit>(Materials.java:913) ~[?:?]
	at com.sk89q.worldguard.bukkit.listener.RegionFlagsListener.onPlaceBlock(RegionFlagsListener.java:67) ~[?:?]
	at java.base/jdk.internal.reflect.DirectMethodHandleAccessor.invoke(DirectMethodHandleAccessor.java:103) ~[?:?]
	at java.base/java.lang.reflect.Method.invoke(Method.java:580) ~[?:?]
	at org.bukkit.plugin.java.JavaPluginLoader$1.execute(JavaPluginLoader.java:306) ~[spigot-api-1.21.4-R0.1-SNAPSHOT.jar:?]
	at org.bukkit.plugin.RegisteredListener.callEvent(RegisteredListener.java:70) ~[spigot-api-1.21.4-R0.1-SNAPSHOT.jar:?]
	at org.bukkit.plugin.SimplePluginManager.fireEvent(SimplePluginManager.java:601) ~[spigot-api-1.21.4-R0.1-SNAPSHOT.jar:?]
	at org.bukkit.plugin.SimplePluginManager.callEvent(SimplePluginManager.java:588) ~[spigot-api-1.21.4-R0.1-SNAPSHOT.jar:?]
	at com.sk89q.worldguard.bukkit.util.Events.fireToCancel(Events.java:74) ~[?:?]
	at com.sk89q.worldguard.bukkit.listener.EventAbstractionListener.onBlockIgnite(EventAbstractionListener.java:632) ~[?:?]
	at java.base/jdk.internal.reflect.DirectMethodHandleAccessor.invoke(DirectMethodHandleAccessor.java:103) ~[?:?]
	at java.base/java.lang.reflect.Method.invoke(Method.java:580) ~[?:?]
	at org.bukkit.plugin.java.JavaPluginLoader$1.execute(JavaPluginLoader.java:306) ~[spigot-api-1.21.4-R0.1-SNAPSHOT.jar:?]
	at org.bukkit.plugin.RegisteredListener.callEvent(RegisteredListener.java:70) ~[spigot-api-1.21.4-R0.1-SNAPSHOT.jar:?]
	at org.bukkit.plugin.SimplePluginManager.fireEvent(SimplePluginManager.java:601) ~[spigot-api-1.21.4-R0.1-SNAPSHOT.jar:?]
	at org.bukkit.plugin.SimplePluginManager.callEvent(SimplePluginManager.java:588) ~[spigot-api-1.21.4-R0.1-SNAPSHOT.jar:?]
	at org.bukkit.craftbukkit.v1_21_R3.event.CraftEventFactory.callBlockIgniteEvent(CraftEventFactory.java:1431) ~[spigot-1.21.4-R0.1-SNAPSHOT.jar:4446-Spigot-e5a64e7-e954502]
	at net.minecraft.world.level.material.FluidTypeLava.a(FluidTypeLava.java:90) ~[spigot-1.21.4-R0.1-SNAPSHOT.jar:4446-Spigot-e5a64e7-e954502]
	at net.minecraft.world.level.material.Fluid.a(SourceFile:92) ~[spigot-1.21.4-R0.1-SNAPSHOT.jar:4446-Spigot-e5a64e7-e954502]
	at net.minecraft.world.level.block.BlockFluids.b(BlockFluids.java:101) ~[spigot-1.21.4-R0.1-SNAPSHOT.jar:4446-Spigot-e5a64e7-e954502]
	at net.minecraft.world.level.block.state.BlockBase$BlockData.b(BlockBase.java:1166) ~[spigot-1.21.4-R0.1-SNAPSHOT.jar:4446-Spigot-e5a64e7-e954502]
	at net.minecraft.server.level.WorldServer.a(WorldServer.java:569) ~[spigot-1.21.4-R0.1-SNAPSHOT.jar:4446-Spigot-e5a64e7-e954502]
	at net.minecraft.server.level.ChunkProviderServer.a(ChunkProviderServer.java:478) ~[spigot-1.21.4-R0.1-SNAPSHOT.jar:4446-Spigot-e5a64e7-e954502]
	at net.minecraft.server.level.ChunkProviderServer.t(ChunkProviderServer.java:406) ~[spigot-1.21.4-R0.1-SNAPSHOT.jar:4446-Spigot-e5a64e7-e954502]
	at net.minecraft.server.level.ChunkProviderServer.a(ChunkProviderServer.java:375) ~[spigot-1.21.4-R0.1-SNAPSHOT.jar:4446-Spigot-e5a64e7-e954502]
	at net.minecraft.server.level.WorldServer.a(WorldServer.java:403) ~[spigot-1.21.4-R0.1-SNAPSHOT.jar:4446-Spigot-e5a64e7-e954502]
	at net.minecraft.server.MinecraftServer.c(MinecraftServer.java:1549) ~[spigot-1.21.4-R0.1-SNAPSHOT.jar:4446-Spigot-e5a64e7-e954502]
	at net.minecraft.server.MinecraftServer.a(MinecraftServer.java:1391) ~[spigot-1.21.4-R0.1-SNAPSHOT.jar:4446-Spigot-e5a64e7-e954502]
	at net.minecraft.server.MinecraftServer.y(MinecraftServer.java:1093) ~[spigot-1.21.4-R0.1-SNAPSHOT.jar:4446-Spigot-e5a64e7-e954502]
	... 2 more
[07:57:47] [Server thread/ERROR]: Could not pass event PlayerInteractEvent to WorldGuard v7.0.11+068ad68
org.bukkit.event.EventException: null
	at org.bukkit.plugin.java.JavaPluginLoader$1.execute(JavaPluginLoader.java:310) ~[spigot-api-1.21.4-R0.1-SNAPSHOT.jar:?]
	at org.bukkit.plugin.RegisteredListener.callEvent(RegisteredListener.java:70) ~[spigot-api-1.21.4-R0.1-SNAPSHOT.jar:?]
	at org.bukkit.plugin.SimplePluginManager.fireEvent(SimplePluginManager.java:601) ~[spigot-api-1.21.4-R0.1-SNAPSHOT.jar:?]
	at org.bukkit.plugin.SimplePluginManager.callEvent(SimplePluginManager.java:588) ~[spigot-api-1.21.4-R0.1-SNAPSHOT.jar:?]
	at org.bukkit.craftbukkit.v1_21_R3.event.CraftEventFactory.callPlayerInteractEvent(CraftEventFactory.java:590) ~[spigot-1.21.4-R0.1-SNAPSHOT.jar:4446-Spigot-e5a64e7-e954502]
	at org.bukkit.craftbukkit.v1_21_R3.event.CraftEventFactory.callPlayerInteractEvent(CraftEventFactory.java:564) ~[spigot-1.21.4-R0.1-SNAPSHOT.jar:4446-Spigot-e5a64e7-e954502]
	at net.minecraft.server.level.PlayerInteractManager.a(PlayerInteractManager.java:510) ~[spigot-1.21.4-R0.1-SNAPSHOT.jar:4446-Spigot-e5a64e7-e954502]
	at net.minecraft.server.network.PlayerConnection.a(PlayerConnection.java:1659) ~[spigot-1.21.4-R0.1-SNAPSHOT.jar:4446-Spigot-e5a64e7-e954502]
	at net.minecraft.network.protocol.game.PacketPlayInUseItem.a(PacketPlayInUseItem.java:44) ~[spigot-1.21.4-R0.1-SNAPSHOT.jar:4446-Spigot-e5a64e7-e954502]
	at net.minecraft.network.protocol.game.PacketPlayInUseItem.a(PacketPlayInUseItem.java:11) ~[spigot-1.21.4-R0.1-SNAPSHOT.jar:4446-Spigot-e5a64e7-e954502]
	at net.minecraft.network.protocol.PlayerConnectionUtils.lambda$ensureRunningOnSameThread$0(PlayerConnectionUtils.java:35) ~[spigot-1.21.4-R0.1-SNAPSHOT.jar:4446-Spigot-e5a64e7-e954502]
	at net.minecraft.server.TickTask.run(SourceFile:18) ~[spigot-1.21.4-R0.1-SNAPSHOT.jar:4446-Spigot-e5a64e7-e954502]
	at net.minecraft.util.thread.IAsyncTaskHandler.d(SourceFile:164) ~[spigot-1.21.4-R0.1-SNAPSHOT.jar:4446-Spigot-e5a64e7-e954502]
	at net.minecraft.util.thread.IAsyncTaskHandlerReentrant.d(SourceFile:23) ~[spigot-1.21.4-R0.1-SNAPSHOT.jar:4446-Spigot-e5a64e7-e954502]
	at net.minecraft.server.MinecraftServer.b(MinecraftServer.java:1319) ~[spigot-1.21.4-R0.1-SNAPSHOT.jar:4446-Spigot-e5a64e7-e954502]
	at net.minecraft.server.MinecraftServer.d(MinecraftServer.java:210) ~[spigot-1.21.4-R0.1-SNAPSHOT.jar:4446-Spigot-e5a64e7-e954502]
	at net.minecraft.util.thread.IAsyncTaskHandler.B(SourceFile:138) ~[spigot-1.21.4-R0.1-SNAPSHOT.jar:4446-Spigot-e5a64e7-e954502]
	at net.minecraft.server.MinecraftServer.bv(MinecraftServer.java:1298) ~[spigot-1.21.4-R0.1-SNAPSHOT.jar:4446-Spigot-e5a64e7-e954502]
	at net.minecraft.server.MinecraftServer.B(MinecraftServer.java:1291) ~[spigot-1.21.4-R0.1-SNAPSHOT.jar:4446-Spigot-e5a64e7-e954502]
	at net.minecraft.util.thread.IAsyncTaskHandler.b(SourceFile:147) ~[spigot-1.21.4-R0.1-SNAPSHOT.jar:4446-Spigot-e5a64e7-e954502]
	at net.minecraft.server.MinecraftServer.b(MinecraftServer.java:1248) ~[spigot-1.21.4-R0.1-SNAPSHOT.jar:4446-Spigot-e5a64e7-e954502]
	at net.minecraft.server.MinecraftServer.x_(MinecraftServer.java:1258) ~[spigot-1.21.4-R0.1-SNAPSHOT.jar:4446-Spigot-e5a64e7-e954502]
	at net.minecraft.server.MinecraftServer.y(MinecraftServer.java:1101) ~[spigot-1.21.4-R0.1-SNAPSHOT.jar:4446-Spigot-e5a64e7-e954502]
	at net.minecraft.server.MinecraftServer.lambda$spin$0(MinecraftServer.java:329) ~[spigot-1.21.4-R0.1-SNAPSHOT.jar:4446-Spigot-e5a64e7-e954502]
	at java.base/java.lang.Thread.run(Thread.java:1583) [?:?]
Caused by: java.lang.NoClassDefFoundError: Could not initialize class com.sk89q.worldguard.bukkit.util.Materials
	at com.sk89q.worldguard.bukkit.listener.WorldGuardPlayerListener.handleBlockRightClick(WorldGuardPlayerListener.java:248) ~[?:?]
	at com.sk89q.worldguard.bukkit.listener.WorldGuardPlayerListener.onPlayerInteract(WorldGuardPlayerListener.java:210) ~[?:?]
	at java.base/jdk.internal.reflect.DirectMethodHandleAccessor.invoke(DirectMethodHandleAccessor.java:103) ~[?:?]
	at java.base/java.lang.reflect.Method.invoke(Method.java:580) ~[?:?]
	at org.bukkit.plugin.java.JavaPluginLoader$1.execute(JavaPluginLoader.java:306) ~[spigot-api-1.21.4-R0.1-SNAPSHOT.jar:?]
	... 24 more
Caused by: java.lang.ExceptionInInitializerError: Exception java.lang.NoSuchFieldError: Class org.bukkit.Tag does not have member field 'org.bukkit.Tag ITEMS_TRIM_TEMPLATES' [in thread "Server thread"]
	at com.sk89q.worldguard.bukkit.util.Materials.<clinit>(Materials.java:913) ~[?:?]
	at com.sk89q.worldguard.bukkit.listener.RegionFlagsListener.onPlaceBlock(RegionFlagsListener.java:67) ~[?:?]
	at java.base/jdk.internal.reflect.DirectMethodHandleAccessor.invoke(DirectMethodHandleAccessor.java:103) ~[?:?]
	at java.base/java.lang.reflect.Method.invoke(Method.java:580) ~[?:?]
	at org.bukkit.plugin.java.JavaPluginLoader$1.execute(JavaPluginLoader.java:306) ~[spigot-api-1.21.4-R0.1-SNAPSHOT.jar:?]
	at org.bukkit.plugin.RegisteredListener.callEvent(RegisteredListener.java:70) ~[spigot-api-1.21.4-R0.1-SNAPSHOT.jar:?]
	at org.bukkit.plugin.SimplePluginManager.fireEvent(SimplePluginManager.java:601) ~[spigot-api-1.21.4-R0.1-SNAPSHOT.jar:?]
	at org.bukkit.plugin.SimplePluginManager.callEvent(SimplePluginManager.java:588) ~[spigot-api-1.21.4-R0.1-SNAPSHOT.jar:?]
	at com.sk89q.worldguard.bukkit.util.Events.fireToCancel(Events.java:74) ~[?:?]
	at com.sk89q.worldguard.bukkit.listener.EventAbstractionListener.onBlockIgnite(EventAbstractionListener.java:632) ~[?:?]
	at java.base/jdk.internal.reflect.DirectMethodHandleAccessor.invoke(DirectMethodHandleAccessor.java:103) ~[?:?]
	at java.base/java.lang.reflect.Method.invoke(Method.java:580) ~[?:?]
	at org.bukkit.plugin.java.JavaPluginLoader$1.execute(JavaPluginLoader.java:306) ~[spigot-api-1.21.4-R0.1-SNAPSHOT.jar:?]
	at org.bukkit.plugin.RegisteredListener.callEvent(RegisteredListener.java:70) ~[spigot-api-1.21.4-R0.1-SNAPSHOT.jar:?]
	at org.bukkit.plugin.SimplePluginManager.fireEvent(SimplePluginManager.java:601) ~[spigot-api-1.21.4-R0.1-SNAPSHOT.jar:?]
	at org.bukkit.plugin.SimplePluginManager.callEvent(SimplePluginManager.java:588) ~[spigot-api-1.21.4-R0.1-SNAPSHOT.jar:?]
	at org.bukkit.craftbukkit.v1_21_R3.event.CraftEventFactory.callBlockIgniteEvent(CraftEventFactory.java:1431) ~[spigot-1.21.4-R0.1-SNAPSHOT.jar:4446-Spigot-e5a64e7-e954502]
	at net.minecraft.world.level.material.FluidTypeLava.a(FluidTypeLava.java:90) ~[spigot-1.21.4-R0.1-SNAPSHOT.jar:4446-Spigot-e5a64e7-e954502]
	at net.minecraft.world.level.material.Fluid.a(SourceFile:92) ~[spigot-1.21.4-R0.1-SNAPSHOT.jar:4446-Spigot-e5a64e7-e954502]
	at net.minecraft.world.level.block.BlockFluids.b(BlockFluids.java:101) ~[spigot-1.21.4-R0.1-SNAPSHOT.jar:4446-Spigot-e5a64e7-e954502]
	at net.minecraft.world.level.block.state.BlockBase$BlockData.b(BlockBase.java:1166) ~[spigot-1.21.4-R0.1-SNAPSHOT.jar:4446-Spigot-e5a64e7-e954502]
	at net.minecraft.server.level.WorldServer.a(WorldServer.java:569) ~[spigot-1.21.4-R0.1-SNAPSHOT.jar:4446-Spigot-e5a64e7-e954502]
	at net.minecraft.server.level.ChunkProviderServer.a(ChunkProviderServer.java:478) ~[spigot-1.21.4-R0.1-SNAPSHOT.jar:4446-Spigot-e5a64e7-e954502]
	at net.minecraft.server.level.ChunkProviderServer.t(ChunkProviderServer.java:406) ~[spigot-1.21.4-R0.1-SNAPSHOT.jar:4446-Spigot-e5a64e7-e954502]
	at net.minecraft.server.level.ChunkProviderServer.a(ChunkProviderServer.java:375) ~[spigot-1.21.4-R0.1-SNAPSHOT.jar:4446-Spigot-e5a64e7-e954502]
	at net.minecraft.server.level.WorldServer.a(WorldServer.java:403) ~[spigot-1.21.4-R0.1-SNAPSHOT.jar:4446-Spigot-e5a64e7-e954502]
	at net.minecraft.server.MinecraftServer.c(MinecraftServer.java:1549) ~[spigot-1.21.4-R0.1-SNAPSHOT.jar:4446-Spigot-e5a64e7-e954502]
	at net.minecraft.server.MinecraftServer.a(MinecraftServer.java:1391) ~[spigot-1.21.4-R0.1-SNAPSHOT.jar:4446-Spigot-e5a64e7-e954502]
	at net.minecraft.server.MinecraftServer.y(MinecraftServer.java:1093) ~[spigot-1.21.4-R0.1-SNAPSHOT.jar:4446-Spigot-e5a64e7-e954502]
	... 2 more
[07:58:04] [Server thread/INFO]: fergon1441 has made the advancement [Spooky Scary Skeleton]
[07:58:06] [Server thread/ERROR]: Could not pass event PlayerInteractEvent to WorldGuard v7.0.11+068ad68
org.bukkit.event.EventException: null
	at org.bukkit.plugin.java.JavaPluginLoader$1.execute(JavaPluginLoader.java:310) ~[spigot-api-1.21.4-R0.1-SNAPSHOT.jar:?]
	at org.bukkit.plugin.RegisteredListener.callEvent(RegisteredListener.java:70) ~[spigot-api-1.21.4-R0.1-SNAPSHOT.jar:?]
	at org.bukkit.plugin.SimplePluginManager.fireEvent(SimplePluginManager.java:601) ~[spigot-api-1.21.4-R0.1-SNAPSHOT.jar:?]
	at org.bukkit.plugin.SimplePluginManager.callEvent(SimplePluginManager.java:588) ~[spigot-api-1.21.4-R0.1-SNAPSHOT.jar:?]
	at org.bukkit.craftbukkit.v1_21_R3.event.CraftEventFactory.callPlayerInteractEvent(CraftEventFactory.java:590) ~[spigot-1.21.4-R0.1-SNAPSHOT.jar:4446-Spigot-e5a64e7-e954502]
	at org.bukkit.craftbukkit.v1_21_R3.event.CraftEventFactory.callPlayerInteractEvent(CraftEventFactory.java:564) ~[spigot-1.21.4-R0.1-SNAPSHOT.jar:4446-Spigot-e5a64e7-e954502]
	at net.minecraft.server.level.PlayerInteractManager.a(PlayerInteractManager.java:510) ~[spigot-1.21.4-R0.1-SNAPSHOT.jar:4446-Spigot-e5a64e7-e954502]
	at net.minecraft.server.network.PlayerConnection.a(PlayerConnection.java:1659) ~[spigot-1.21.4-R0.1-SNAPSHOT.jar:4446-Spigot-e5a64e7-e954502]
	at net.minecraft.network.protocol.game.PacketPlayInUseItem.a(PacketPlayInUseItem.java:44) ~[spigot-1.21.4-R0.1-SNAPSHOT.jar:4446-Spigot-e5a64e7-e954502]
	at net.minecraft.network.protocol.game.PacketPlayInUseItem.a(PacketPlayInUseItem.java:11) ~[spigot-1.21.4-R0.1-SNAPSHOT.jar:4446-Spigot-e5a64e7-e954502]
	at net.minecraft.network.protocol.PlayerConnectionUtils.lambda$ensureRunningOnSameThread$0(PlayerConnectionUtils.java:35) ~[spigot-1.21.4-R0.1-SNAPSHOT.jar:4446-Spigot-e5a64e7-e954502]
	at net.minecraft.server.TickTask.run(SourceFile:18) ~[spigot-1.21.4-R0.1-SNAPSHOT.jar:4446-Spigot-e5a64e7-e954502]
	at net.minecraft.util.thread.IAsyncTaskHandler.d(SourceFile:164) ~[spigot-1.21.4-R0.1-SNAPSHOT.jar:4446-Spigot-e5a64e7-e954502]
	at net.minecraft.util.thread.IAsyncTaskHandlerReentrant.d(SourceFile:23) ~[spigot-1.21.4-R0.1-SNAPSHOT.jar:4446-Spigot-e5a64e7-e954502]
	at net.minecraft.server.MinecraftServer.b(MinecraftServer.java:1319) ~[spigot-1.21.4-R0.1-SNAPSHOT.jar:4446-Spigot-e5a64e7-e954502]
	at net.minecraft.server.MinecraftServer.d(MinecraftServer.java:210) ~[spigot-1.21.4-R0.1-SNAPSHOT.jar:4446-Spigot-e5a64e7-e954502]
	at net.minecraft.util.thread.IAsyncTaskHandler.B(SourceFile:138) ~[spigot-1.21.4-R0.1-SNAPSHOT.jar:4446-Spigot-e5a64e7-e954502]
	at net.minecraft.server.MinecraftServer.bv(MinecraftServer.java:1298) ~[spigot-1.21.4-R0.1-SNAPSHOT.jar:4446-Spigot-e5a64e7-e954502]
	at net.minecraft.server.MinecraftServer.B(MinecraftServer.java:1291) ~[spigot-1.21.4-R0.1-SNAPSHOT.jar:4446-Spigot-e5a64e7-e954502]
	at net.minecraft.util.thread.IAsyncTaskHandler.bA(SourceFile:123) ~[spigot-1.21.4-R0.1-SNAPSHOT.jar:4446-Spigot-e5a64e7-e954502]
	at net.minecraft.server.MinecraftServer.x_(MinecraftServer.java:1254) ~[spigot-1.21.4-R0.1-SNAPSHOT.jar:4446-Spigot-e5a64e7-e954502]
	at net.minecraft.server.MinecraftServer.y(MinecraftServer.java:1101) ~[spigot-1.21.4-R0.1-SNAPSHOT.jar:4446-Spigot-e5a64e7-e954502]
	at net.minecraft.server.MinecraftServer.lambda$spin$0(MinecraftServer.java:329) ~[spigot-1.21.4-R0.1-SNAPSHOT.jar:4446-Spigot-e5a64e7-e954502]
	at java.base/java.lang.Thread.run(Thread.java:1583) [?:?]
Caused by: java.lang.NoClassDefFoundError: Could not initialize class com.sk89q.worldguard.bukkit.util.Materials
	at com.sk89q.worldguard.bukkit.listener.EventAbstractionListener.isBlockModifiedOnClick(EventAbstractionListener.java:1276) ~[?:?]
	at com.sk89q.worldguard.bukkit.listener.EventAbstractionListener.onPlayerInteract(EventAbstractionListener.java:539) ~[?:?]
	at java.base/jdk.internal.reflect.DirectMethodHandleAccessor.invoke(DirectMethodHandleAccessor.java:103) ~[?:?]
	at java.base/java.lang.reflect.Method.invoke(Method.java:580) ~[?:?]
	at org.bukkit.plugin.java.JavaPluginLoader$1.execute(JavaPluginLoader.java:306) ~[spigot-api-1.21.4-R0.1-SNAPSHOT.jar:?]
	... 23 more
Caused by: java.lang.ExceptionInInitializerError: Exception java.lang.NoSuchFieldError: Class org.bukkit.Tag does not have member field 'org.bukkit.Tag ITEMS_TRIM_TEMPLATES' [in thread "Server thread"]
	at com.sk89q.worldguard.bukkit.util.Materials.<clinit>(Materials.java:913) ~[?:?]
	at com.sk89q.worldguard.bukkit.listener.RegionFlagsListener.onPlaceBlock(RegionFlagsListener.java:67) ~[?:?]
	at java.base/jdk.internal.reflect.DirectMethodHandleAccessor.invoke(DirectMethodHandleAccessor.java:103) ~[?:?]
	at java.base/java.lang.reflect.Method.invoke(Method.java:580) ~[?:?]
	at org.bukkit.plugin.java.JavaPluginLoader$1.execute(JavaPluginLoader.java:306) ~[spigot-api-1.21.4-R0.1-SNAPSHOT.jar:?]
	at org.bukkit.plugin.RegisteredListener.callEvent(RegisteredListener.java:70) ~[spigot-api-1.21.4-R0.1-SNAPSHOT.jar:?]
	at org.bukkit.plugin.SimplePluginManager.fireEvent(SimplePluginManager.java:601) ~[spigot-api-1.21.4-R0.1-SNAPSHOT.jar:?]
	at org.bukkit.plugin.SimplePluginManager.callEvent(SimplePluginManager.java:588) ~[spigot-api-1.21.4-R0.1-SNAPSHOT.jar:?]
	at com.sk89q.worldguard.bukkit.util.Events.fireToCancel(Events.java:74) ~[?:?]
	at com.sk89q.worldguard.bukkit.listener.EventAbstractionListener.onBlockIgnite(EventAbstractionListener.java:632) ~[?:?]
	at java.base/jdk.internal.reflect.DirectMethodHandleAccessor.invoke(DirectMethodHandleAccessor.java:103) ~[?:?]
	at java.base/java.lang.reflect.Method.invoke(Method.java:580) ~[?:?]
	at org.bukkit.plugin.java.JavaPluginLoader$1.execute(JavaPluginLoader.java:306) ~[spigot-api-1.21.4-R0.1-SNAPSHOT.jar:?]
	at org.bukkit.plugin.RegisteredListener.callEvent(RegisteredListener.java:70) ~[spigot-api-1.21.4-R0.1-SNAPSHOT.jar:?]
	at org.bukkit.plugin.SimplePluginManager.fireEvent(SimplePluginManager.java:601) ~[spigot-api-1.21.4-R0.1-SNAPSHOT.jar:?]
	at org.bukkit.plugin.SimplePluginManager.callEvent(SimplePluginManager.java:588) ~[spigot-api-1.21.4-R0.1-SNAPSHOT.jar:?]
	at org.bukkit.craftbukkit.v1_21_R3.event.CraftEventFactory.callBlockIgniteEvent(CraftEventFactory.java:1431) ~[spigot-1.21.4-R0.1-SNAPSHOT.jar:4446-Spigot-e5a64e7-e954502]
	at net.minecraft.world.level.material.FluidTypeLava.a(FluidTypeLava.java:90) ~[spigot-1.21.4-R0.1-SNAPSHOT.jar:4446-Spigot-e5a64e7-e954502]
	at net.minecraft.world.level.material.Fluid.a(SourceFile:92) ~[spigot-1.21.4-R0.1-SNAPSHOT.jar:4446-Spigot-e5a64e7-e954502]
	at net.minecraft.world.level.block.BlockFluids.b(BlockFluids.java:101) ~[spigot-1.21.4-R0.1-SNAPSHOT.jar:4446-Spigot-e5a64e7-e954502]
	at net.minecraft.world.level.block.state.BlockBase$BlockData.b(BlockBase.java:1166) ~[spigot-1.21.4-R0.1-SNAPSHOT.jar:4446-Spigot-e5a64e7-e954502]
	at net.minecraft.server.level.WorldServer.a(WorldServer.java:569) ~[spigot-1.21.4-R0.1-SNAPSHOT.jar:4446-Spigot-e5a64e7-e954502]
	at net.minecraft.server.level.ChunkProviderServer.a(ChunkProviderServer.java:478) ~[spigot-1.21.4-R0.1-SNAPSHOT.jar:4446-Spigot-e5a64e7-e954502]
	at net.minecraft.server.level.ChunkProviderServer.t(ChunkProviderServer.java:406) ~[spigot-1.21.4-R0.1-SNAPSHOT.jar:4446-Spigot-e5a64e7-e954502]
	at net.minecraft.server.level.ChunkProviderServer.a(ChunkProviderServer.java:375) ~[spigot-1.21.4-R0.1-SNAPSHOT.jar:4446-Spigot-e5a64e7-e954502]
	at net.minecraft.server.level.WorldServer.a(WorldServer.java:403) ~[spigot-1.21.4-R0.1-SNAPSHOT.jar:4446-Spigot-e5a64e7-e954502]
	at net.minecraft.server.MinecraftServer.c(MinecraftServer.java:1549) ~[spigot-1.21.4-R0.1-SNAPSHOT.jar:4446-Spigot-e5a64e7-e954502]
	at net.minecraft.server.MinecraftServer.a(MinecraftServer.java:1391) ~[spigot-1.21.4-R0.1-SNAPSHOT.jar:4446-Spigot-e5a64e7-e954502]
	at net.minecraft.server.MinecraftServer.y(MinecraftServer.java:1093) ~[spigot-1.21.4-R0.1-SNAPSHOT.jar:4446-Spigot-e5a64e7-e954502]
	... 2 more
[07:58:06] [Server thread/ERROR]: Could not pass event PlayerInteractEvent to WorldGuard v7.0.11+068ad68
org.bukkit.event.EventException: null
	at org.bukkit.plugin.java.JavaPluginLoader$1.execute(JavaPluginLoader.java:310) ~[spigot-api-1.21.4-R0.1-SNAPSHOT.jar:?]
	at org.bukkit.plugin.RegisteredListener.callEvent(RegisteredListener.java:70) ~[spigot-api-1.21.4-R0.1-SNAPSHOT.jar:?]
	at org.bukkit.plugin.SimplePluginManager.fireEvent(SimplePluginManager.java:601) ~[spigot-api-1.21.4-R0.1-SNAPSHOT.jar:?]
	at org.bukkit.plugin.SimplePluginManager.callEvent(SimplePluginManager.java:588) ~[spigot-api-1.21.4-R0.1-SNAPSHOT.jar:?]
	at org.bukkit.craftbukkit.v1_21_R3.event.CraftEventFactory.callPlayerInteractEvent(CraftEventFactory.java:590) ~[spigot-1.21.4-R0.1-SNAPSHOT.jar:4446-Spigot-e5a64e7-e954502]
	at org.bukkit.craftbukkit.v1_21_R3.event.CraftEventFactory.callPlayerInteractEvent(CraftEventFactory.java:564) ~[spigot-1.21.4-R0.1-SNAPSHOT.jar:4446-Spigot-e5a64e7-e954502]
	at net.minecraft.server.level.PlayerInteractManager.a(PlayerInteractManager.java:510) ~[spigot-1.21.4-R0.1-SNAPSHOT.jar:4446-Spigot-e5a64e7-e954502]
	at net.minecraft.server.network.PlayerConnection.a(PlayerConnection.java:1659) ~[spigot-1.21.4-R0.1-SNAPSHOT.jar:4446-Spigot-e5a64e7-e954502]
	at net.minecraft.network.protocol.game.PacketPlayInUseItem.a(PacketPlayInUseItem.java:44) ~[spigot-1.21.4-R0.1-SNAPSHOT.jar:4446-Spigot-e5a64e7-e954502]
	at net.minecraft.network.protocol.game.PacketPlayInUseItem.a(PacketPlayInUseItem.java:11) ~[spigot-1.21.4-R0.1-SNAPSHOT.jar:4446-Spigot-e5a64e7-e954502]
	at net.minecraft.network.protocol.PlayerConnectionUtils.lambda$ensureRunningOnSameThread$0(PlayerConnectionUtils.java:35) ~[spigot-1.21.4-R0.1-SNAPSHOT.jar:4446-Spigot-e5a64e7-e954502]
	at net.minecraft.server.TickTask.run(SourceFile:18) ~[spigot-1.21.4-R0.1-SNAPSHOT.jar:4446-Spigot-e5a64e7-e954502]
	at net.minecraft.util.thread.IAsyncTaskHandler.d(SourceFile:164) ~[spigot-1.21.4-R0.1-SNAPSHOT.jar:4446-Spigot-e5a64e7-e954502]
	at net.minecraft.util.thread.IAsyncTaskHandlerReentrant.d(SourceFile:23) ~[spigot-1.21.4-R0.1-SNAPSHOT.jar:4446-Spigot-e5a64e7-e954502]
	at net.minecraft.server.MinecraftServer.b(MinecraftServer.java:1319) ~[spigot-1.21.4-R0.1-SNAPSHOT.jar:4446-Spigot-e5a64e7-e954502]
	at net.minecraft.server.MinecraftServer.d(MinecraftServer.java:210) ~[spigot-1.21.4-R0.1-SNAPSHOT.jar:4446-Spigot-e5a64e7-e954502]
	at net.minecraft.util.thread.IAsyncTaskHandler.B(SourceFile:138) ~[spigot-1.21.4-R0.1-SNAPSHOT.jar:4446-Spigot-e5a64e7-e954502]
	at net.minecraft.server.MinecraftServer.bv(MinecraftServer.java:1298) ~[spigot-1.21.4-R0.1-SNAPSHOT.jar:4446-Spigot-e5a64e7-e954502]
	at net.minecraft.server.MinecraftServer.B(MinecraftServer.java:1291) ~[spigot-1.21.4-R0.1-SNAPSHOT.jar:4446-Spigot-e5a64e7-e954502]
	at net.minecraft.util.thread.IAsyncTaskHandler.bA(SourceFile:123) ~[spigot-1.21.4-R0.1-SNAPSHOT.jar:4446-Spigot-e5a64e7-e954502]
	at net.minecraft.server.MinecraftServer.x_(MinecraftServer.java:1254) ~[spigot-1.21.4-R0.1-SNAPSHOT.jar:4446-Spigot-e5a64e7-e954502]
	at net.minecraft.server.MinecraftServer.y(MinecraftServer.java:1101) ~[spigot-1.21.4-R0.1-SNAPSHOT.jar:4446-Spigot-e5a64e7-e954502]
	at net.minecraft.server.MinecraftServer.lambda$spin$0(MinecraftServer.java:329) ~[spigot-1.21.4-R0.1-SNAPSHOT.jar:4446-Spigot-e5a64e7-e954502]
	at java.base/java.lang.Thread.run(Thread.java:1583) [?:?]
Caused by: java.lang.NoClassDefFoundError: Could not initialize class com.sk89q.worldguard.bukkit.util.Materials
	at com.sk89q.worldguard.bukkit.listener.WorldGuardPlayerListener.handleBlockRightClick(WorldGuardPlayerListener.java:248) ~[?:?]
	at com.sk89q.worldguard.bukkit.listener.WorldGuardPlayerListener.onPlayerInteract(WorldGuardPlayerListener.java:210) ~[?:?]
	at java.base/jdk.internal.reflect.DirectMethodHandleAccessor.invoke(DirectMethodHandleAccessor.java:103) ~[?:?]
	at java.base/java.lang.reflect.Method.invoke(Method.java:580) ~[?:?]
	at org.bukkit.plugin.java.JavaPluginLoader$1.execute(JavaPluginLoader.java:306) ~[spigot-api-1.21.4-R0.1-SNAPSHOT.jar:?]
	... 23 more
Caused by: java.lang.ExceptionInInitializerError: Exception java.lang.NoSuchFieldError: Class org.bukkit.Tag does not have member field 'org.bukkit.Tag ITEMS_TRIM_TEMPLATES' [in thread "Server thread"]
	at com.sk89q.worldguard.bukkit.util.Materials.<clinit>(Materials.java:913) ~[?:?]
	at com.sk89q.worldguard.bukkit.listener.RegionFlagsListener.onPlaceBlock(RegionFlagsListener.java:67) ~[?:?]
	at java.base/jdk.internal.reflect.DirectMethodHandleAccessor.invoke(DirectMethodHandleAccessor.java:103) ~[?:?]
	at java.base/java.lang.reflect.Method.invoke(Method.java:580) ~[?:?]
	at org.bukkit.plugin.java.JavaPluginLoader$1.execute(JavaPluginLoader.java:306) ~[spigot-api-1.21.4-R0.1-SNAPSHOT.jar:?]
	at org.bukkit.plugin.RegisteredListener.callEvent(RegisteredListener.java:70) ~[spigot-api-1.21.4-R0.1-SNAPSHOT.jar:?]
	at org.bukkit.plugin.SimplePluginManager.fireEvent(SimplePluginManager.java:601) ~[spigot-api-1.21.4-R0.1-SNAPSHOT.jar:?]
	at org.bukkit.plugin.SimplePluginManager.callEvent(SimplePluginManager.java:588) ~[spigot-api-1.21.4-R0.1-SNAPSHOT.jar:?]
	at com.sk89q.worldguard.bukkit.util.Events.fireToCancel(Events.java:74) ~[?:?]
	at com.sk89q.worldguard.bukkit.listener.EventAbstractionListener.onBlockIgnite(EventAbstractionListener.java:632) ~[?:?]
	at java.base/jdk.internal.reflect.DirectMethodHandleAccessor.invoke(DirectMethodHandleAccessor.java:103) ~[?:?]
	at java.base/java.lang.reflect.Method.invoke(Method.java:580) ~[?:?]
	at org.bukkit.plugin.java.JavaPluginLoader$1.execute(JavaPluginLoader.java:306) ~[spigot-api-1.21.4-R0.1-SNAPSHOT.jar:?]
	at org.bukkit.plugin.RegisteredListener.callEvent(RegisteredListener.java:70) ~[spigot-api-1.21.4-R0.1-SNAPSHOT.jar:?]
	at org.bukkit.plugin.SimplePluginManager.fireEvent(SimplePluginManager.java:601) ~[spigot-api-1.21.4-R0.1-SNAPSHOT.jar:?]
	at org.bukkit.plugin.SimplePluginManager.callEvent(SimplePluginManager.java:588) ~[spigot-api-1.21.4-R0.1-SNAPSHOT.jar:?]
	at org.bukkit.craftbukkit.v1_21_R3.event.CraftEventFactory.callBlockIgniteEvent(CraftEventFactory.java:1431) ~[spigot-1.21.4-R0.1-SNAPSHOT.jar:4446-Spigot-e5a64e7-e954502]
	at net.minecraft.world.level.material.FluidTypeLava.a(FluidTypeLava.java:90) ~[spigot-1.21.4-R0.1-SNAPSHOT.jar:4446-Spigot-e5a64e7-e954502]
	at net.minecraft.world.level.material.Fluid.a(SourceFile:92) ~[spigot-1.21.4-R0.1-SNAPSHOT.jar:4446-Spigot-e5a64e7-e954502]
	at net.minecraft.world.level.block.BlockFluids.b(BlockFluids.java:101) ~[spigot-1.21.4-R0.1-SNAPSHOT.jar:4446-Spigot-e5a64e7-e954502]
	at net.minecraft.world.level.block.state.BlockBase$BlockData.b(BlockBase.java:1166) ~[spigot-1.21.4-R0.1-SNAPSHOT.jar:4446-Spigot-e5a64e7-e954502]
	at net.minecraft.server.level.WorldServer.a(WorldServer.java:569) ~[spigot-1.21.4-R0.1-SNAPSHOT.jar:4446-Spigot-e5a64e7-e954502]
	at net.minecraft.server.level.ChunkProviderServer.a(ChunkProviderServer.java:478) ~[spigot-1.21.4-R0.1-SNAPSHOT.jar:4446-Spigot-e5a64e7-e954502]
	at net.minecraft.server.level.ChunkProviderServer.t(ChunkProviderServer.java:406) ~[spigot-1.21.4-R0.1-SNAPSHOT.jar:4446-Spigot-e5a64e7-e954502]
	at net.minecraft.server.level.ChunkProviderServer.a(ChunkProviderServer.java:375) ~[spigot-1.21.4-R0.1-SNAPSHOT.jar:4446-Spigot-e5a64e7-e954502]
	at net.minecraft.server.level.WorldServer.a(WorldServer.java:403) ~[spigot-1.21.4-R0.1-SNAPSHOT.jar:4446-Spigot-e5a64e7-e954502]
	at net.minecraft.server.MinecraftServer.c(MinecraftServer.java:1549) ~[spigot-1.21.4-R0.1-SNAPSHOT.jar:4446-Spigot-e5a64e7-e954502]
	at net.minecraft.server.MinecraftServer.a(MinecraftServer.java:1391) ~[spigot-1.21.4-R0.1-SNAPSHOT.jar:4446-Spigot-e5a64e7-e954502]
	at net.minecraft.server.MinecraftServer.y(MinecraftServer.java:1093) ~[spigot-1.21.4-R0.1-SNAPSHOT.jar:4446-Spigot-e5a64e7-e954502]
	... 2 more
[07:58:51] [Server thread/ERROR]: Could not pass event PlayerInteractEvent to WorldGuard v7.0.11+068ad68
org.bukkit.event.EventException: null
	at org.bukkit.plugin.java.JavaPluginLoader$1.execute(JavaPluginLoader.java:310) ~[spigot-api-1.21.4-R0.1-SNAPSHOT.jar:?]
	at org.bukkit.plugin.RegisteredListener.callEvent(RegisteredListener.java:70) ~[spigot-api-1.21.4-R0.1-SNAPSHOT.jar:?]
	at org.bukkit.plugin.SimplePluginManager.fireEvent(SimplePluginManager.java:601) ~[spigot-api-1.21.4-R0.1-SNAPSHOT.jar:?]
	at org.bukkit.plugin.SimplePluginManager.callEvent(SimplePluginManager.java:588) ~[spigot-api-1.21.4-R0.1-SNAPSHOT.jar:?]
	at org.bukkit.craftbukkit.v1_21_R3.event.CraftEventFactory.callPlayerInteractEvent(CraftEventFactory.java:590) ~[spigot-1.21.4-R0.1-SNAPSHOT.jar:4446-Spigot-e5a64e7-e954502]
	at org.bukkit.craftbukkit.v1_21_R3.event.CraftEventFactory.callPlayerInteractEvent(CraftEventFactory.java:564) ~[spigot-1.21.4-R0.1-SNAPSHOT.jar:4446-Spigot-e5a64e7-e954502]
	at net.minecraft.server.level.PlayerInteractManager.a(PlayerInteractManager.java:510) ~[spigot-1.21.4-R0.1-SNAPSHOT.jar:4446-Spigot-e5a64e7-e954502]
	at net.minecraft.server.network.PlayerConnection.a(PlayerConnection.java:1659) ~[spigot-1.21.4-R0.1-SNAPSHOT.jar:4446-Spigot-e5a64e7-e954502]
	at net.minecraft.network.protocol.game.PacketPlayInUseItem.a(PacketPlayInUseItem.java:44) ~[spigot-1.21.4-R0.1-SNAPSHOT.jar:4446-Spigot-e5a64e7-e954502]
	at net.minecraft.network.protocol.game.PacketPlayInUseItem.a(PacketPlayInUseItem.java:11) ~[spigot-1.21.4-R0.1-SNAPSHOT.jar:4446-Spigot-e5a64e7-e954502]
	at net.minecraft.network.protocol.PlayerConnectionUtils.lambda$ensureRunningOnSameThread$0(PlayerConnectionUtils.java:35) ~[spigot-1.21.4-R0.1-SNAPSHOT.jar:4446-Spigot-e5a64e7-e954502]
	at net.minecraft.server.TickTask.run(SourceFile:18) ~[spigot-1.21.4-R0.1-SNAPSHOT.jar:4446-Spigot-e5a64e7-e954502]
	at net.minecraft.util.thread.IAsyncTaskHandler.d(SourceFile:164) ~[spigot-1.21.4-R0.1-SNAPSHOT.jar:4446-Spigot-e5a64e7-e954502]
	at net.minecraft.util.thread.IAsyncTaskHandlerReentrant.d(SourceFile:23) ~[spigot-1.21.4-R0.1-SNAPSHOT.jar:4446-Spigot-e5a64e7-e954502]
	at net.minecraft.server.MinecraftServer.b(MinecraftServer.java:1319) ~[spigot-1.21.4-R0.1-SNAPSHOT.jar:4446-Spigot-e5a64e7-e954502]
	at net.minecraft.server.MinecraftServer.d(MinecraftServer.java:210) ~[spigot-1.21.4-R0.1-SNAPSHOT.jar:4446-Spigot-e5a64e7-e954502]
	at net.minecraft.util.thread.IAsyncTaskHandler.B(SourceFile:138) ~[spigot-1.21.4-R0.1-SNAPSHOT.jar:4446-Spigot-e5a64e7-e954502]
	at net.minecraft.server.MinecraftServer.bv(MinecraftServer.java:1298) ~[spigot-1.21.4-R0.1-SNAPSHOT.jar:4446-Spigot-e5a64e7-e954502]
	at net.minecraft.server.MinecraftServer.B(MinecraftServer.java:1291) ~[spigot-1.21.4-R0.1-SNAPSHOT.jar:4446-Spigot-e5a64e7-e954502]
	at net.minecraft.util.thread.IAsyncTaskHandler.bA(SourceFile:123) ~[spigot-1.21.4-R0.1-SNAPSHOT.jar:4446-Spigot-e5a64e7-e954502]
	at net.minecraft.server.MinecraftServer.x_(MinecraftServer.java:1254) ~[spigot-1.21.4-R0.1-SNAPSHOT.jar:4446-Spigot-e5a64e7-e954502]
	at net.minecraft.server.MinecraftServer.y(MinecraftServer.java:1101) ~[spigot-1.21.4-R0.1-SNAPSHOT.jar:4446-Spigot-e5a64e7-e954502]
	at net.minecraft.server.MinecraftServer.lambda$spin$0(MinecraftServer.java:329) ~[spigot-1.21.4-R0.1-SNAPSHOT.jar:4446-Spigot-e5a64e7-e954502]
	at java.base/java.lang.Thread.run(Thread.java:1583) [?:?]
Caused by: java.lang.NoClassDefFoundError: Could not initialize class com.sk89q.worldguard.bukkit.util.Materials
	at com.sk89q.worldguard.bukkit.listener.EventAbstractionListener.isBlockModifiedOnClick(EventAbstractionListener.java:1276) ~[?:?]
	at com.sk89q.worldguard.bukkit.listener.EventAbstractionListener.onPlayerInteract(EventAbstractionListener.java:539) ~[?:?]
	at java.base/jdk.internal.reflect.DirectMethodHandleAccessor.invoke(DirectMethodHandleAccessor.java:103) ~[?:?]
	at java.base/java.lang.reflect.Method.invoke(Method.java:580) ~[?:?]
	at org.bukkit.plugin.java.JavaPluginLoader$1.execute(JavaPluginLoader.java:306) ~[spigot-api-1.21.4-R0.1-SNAPSHOT.jar:?]
	... 23 more
Caused by: java.lang.ExceptionInInitializerError: Exception java.lang.NoSuchFieldError: Class org.bukkit.Tag does not have member field 'org.bukkit.Tag ITEMS_TRIM_TEMPLATES' [in thread "Server thread"]
	at com.sk89q.worldguard.bukkit.util.Materials.<clinit>(Materials.java:913) ~[?:?]
	at com.sk89q.worldguard.bukkit.listener.RegionFlagsListener.onPlaceBlock(RegionFlagsListener.java:67) ~[?:?]
	at java.base/jdk.internal.reflect.DirectMethodHandleAccessor.invoke(DirectMethodHandleAccessor.java:103) ~[?:?]
	at java.base/java.lang.reflect.Method.invoke(Method.java:580) ~[?:?]
	at org.bukkit.plugin.java.JavaPluginLoader$1.execute(JavaPluginLoader.java:306) ~[spigot-api-1.21.4-R0.1-SNAPSHOT.jar:?]
	at org.bukkit.plugin.RegisteredListener.callEvent(RegisteredListener.java:70) ~[spigot-api-1.21.4-R0.1-SNAPSHOT.jar:?]
	at org.bukkit.plugin.SimplePluginManager.fireEvent(SimplePluginManager.java:601) ~[spigot-api-1.21.4-R0.1-SNAPSHOT.jar:?]
	at org.bukkit.plugin.SimplePluginManager.callEvent(SimplePluginManager.java:588) ~[spigot-api-1.21.4-R0.1-SNAPSHOT.jar:?]
	at com.sk89q.worldguard.bukkit.util.Events.fireToCancel(Events.java:74) ~[?:?]
	at com.sk89q.worldguard.bukkit.listener.EventAbstractionListener.onBlockIgnite(EventAbstractionListener.java:632) ~[?:?]
	at java.base/jdk.internal.reflect.DirectMethodHandleAccessor.invoke(DirectMethodHandleAccessor.java:103) ~[?:?]
	at java.base/java.lang.reflect.Method.invoke(Method.java:580) ~[?:?]
	at org.bukkit.plugin.java.JavaPluginLoader$1.execute(JavaPluginLoader.java:306) ~[spigot-api-1.21.4-R0.1-SNAPSHOT.jar:?]
	at org.bukkit.plugin.RegisteredListener.callEvent(RegisteredListener.java:70) ~[spigot-api-1.21.4-R0.1-SNAPSHOT.jar:?]
	at org.bukkit.plugin.SimplePluginManager.fireEvent(SimplePluginManager.java:601) ~[spigot-api-1.21.4-R0.1-SNAPSHOT.jar:?]
	at org.bukkit.plugin.SimplePluginManager.callEvent(SimplePluginManager.java:588) ~[spigot-api-1.21.4-R0.1-SNAPSHOT.jar:?]
	at org.bukkit.craftbukkit.v1_21_R3.event.CraftEventFactory.callBlockIgniteEvent(CraftEventFactory.java:1431) ~[spigot-1.21.4-R0.1-SNAPSHOT.jar:4446-Spigot-e5a64e7-e954502]
	at net.minecraft.world.level.material.FluidTypeLava.a(FluidTypeLava.java:90) ~[spigot-1.21.4-R0.1-SNAPSHOT.jar:4446-Spigot-e5a64e7-e954502]
	at net.minecraft.world.level.material.Fluid.a(SourceFile:92) ~[spigot-1.21.4-R0.1-SNAPSHOT.jar:4446-Spigot-e5a64e7-e954502]
	at net.minecraft.world.level.block.BlockFluids.b(BlockFluids.java:101) ~[spigot-1.21.4-R0.1-SNAPSHOT.jar:4446-Spigot-e5a64e7-e954502]
	at net.minecraft.world.level.block.state.BlockBase$BlockData.b(BlockBase.java:1166) ~[spigot-1.21.4-R0.1-SNAPSHOT.jar:4446-Spigot-e5a64e7-e954502]
	at net.minecraft.server.level.WorldServer.a(WorldServer.java:569) ~[spigot-1.21.4-R0.1-SNAPSHOT.jar:4446-Spigot-e5a64e7-e954502]
	at net.minecraft.server.level.ChunkProviderServer.a(ChunkProviderServer.java:478) ~[spigot-1.21.4-R0.1-SNAPSHOT.jar:4446-Spigot-e5a64e7-e954502]
	at net.minecraft.server.level.ChunkProviderServer.t(ChunkProviderServer.java:406) ~[spigot-1.21.4-R0.1-SNAPSHOT.jar:4446-Spigot-e5a64e7-e954502]
	at net.minecraft.server.level.ChunkProviderServer.a(ChunkProviderServer.java:375) ~[spigot-1.21.4-R0.1-SNAPSHOT.jar:4446-Spigot-e5a64e7-e954502]
	at net.minecraft.server.level.WorldServer.a(WorldServer.java:403) ~[spigot-1.21.4-R0.1-SNAPSHOT.jar:4446-Spigot-e5a64e7-e954502]
	at net.minecraft.server.MinecraftServer.c(MinecraftServer.java:1549) ~[spigot-1.21.4-R0.1-SNAPSHOT.jar:4446-Spigot-e5a64e7-e954502]
	at net.minecraft.server.MinecraftServer.a(MinecraftServer.java:1391) ~[spigot-1.21.4-R0.1-SNAPSHOT.jar:4446-Spigot-e5a64e7-e954502]
	at net.minecraft.server.MinecraftServer.y(MinecraftServer.java:1093) ~[spigot-1.21.4-R0.1-SNAPSHOT.jar:4446-Spigot-e5a64e7-e954502]
	... 2 more
[07:58:51] [Server thread/ERROR]: Could not pass event PlayerInteractEvent to WorldGuard v7.0.11+068ad68
org.bukkit.event.EventException: null
	at org.bukkit.plugin.java.JavaPluginLoader$1.execute(JavaPluginLoader.java:310) ~[spigot-api-1.21.4-R0.1-SNAPSHOT.jar:?]
	at org.bukkit.plugin.RegisteredListener.callEvent(RegisteredListener.java:70) ~[spigot-api-1.21.4-R0.1-SNAPSHOT.jar:?]
	at org.bukkit.plugin.SimplePluginManager.fireEvent(SimplePluginManager.java:601) ~[spigot-api-1.21.4-R0.1-SNAPSHOT.jar:?]
	at org.bukkit.plugin.SimplePluginManager.callEvent(SimplePluginManager.java:588) ~[spigot-api-1.21.4-R0.1-SNAPSHOT.jar:?]
	at org.bukkit.craftbukkit.v1_21_R3.event.CraftEventFactory.callPlayerInteractEvent(CraftEventFactory.java:590) ~[spigot-1.21.4-R0.1-SNAPSHOT.jar:4446-Spigot-e5a64e7-e954502]
	at org.bukkit.craftbukkit.v1_21_R3.event.CraftEventFactory.callPlayerInteractEvent(CraftEventFactory.java:564) ~[spigot-1.21.4-R0.1-SNAPSHOT.jar:4446-Spigot-e5a64e7-e954502]
	at net.minecraft.server.level.PlayerInteractManager.a(PlayerInteractManager.java:510) ~[spigot-1.21.4-R0.1-SNAPSHOT.jar:4446-Spigot-e5a64e7-e954502]
	at net.minecraft.server.network.PlayerConnection.a(PlayerConnection.java:1659) ~[spigot-1.21.4-R0.1-SNAPSHOT.jar:4446-Spigot-e5a64e7-e954502]
	at net.minecraft.network.protocol.game.PacketPlayInUseItem.a(PacketPlayInUseItem.java:44) ~[spigot-1.21.4-R0.1-SNAPSHOT.jar:4446-Spigot-e5a64e7-e954502]
	at net.minecraft.network.protocol.game.PacketPlayInUseItem.a(PacketPlayInUseItem.java:11) ~[spigot-1.21.4-R0.1-SNAPSHOT.jar:4446-Spigot-e5a64e7-e954502]
	at net.minecraft.network.protocol.PlayerConnectionUtils.lambda$ensureRunningOnSameThread$0(PlayerConnectionUtils.java:35) ~[spigot-1.21.4-R0.1-SNAPSHOT.jar:4446-Spigot-e5a64e7-e954502]
	at net.minecraft.server.TickTask.run(SourceFile:18) ~[spigot-1.21.4-R0.1-SNAPSHOT.jar:4446-Spigot-e5a64e7-e954502]
	at net.minecraft.util.thread.IAsyncTaskHandler.d(SourceFile:164) ~[spigot-1.21.4-R0.1-SNAPSHOT.jar:4446-Spigot-e5a64e7-e954502]
	at net.minecraft.util.thread.IAsyncTaskHandlerReentrant.d(SourceFile:23) ~[spigot-1.21.4-R0.1-SNAPSHOT.jar:4446-Spigot-e5a64e7-e954502]
	at net.minecraft.server.MinecraftServer.b(MinecraftServer.java:1319) ~[spigot-1.21.4-R0.1-SNAPSHOT.jar:4446-Spigot-e5a64e7-e954502]
	at net.minecraft.server.MinecraftServer.d(MinecraftServer.java:210) ~[spigot-1.21.4-R0.1-SNAPSHOT.jar:4446-Spigot-e5a64e7-e954502]
	at net.minecraft.util.thread.IAsyncTaskHandler.B(SourceFile:138) ~[spigot-1.21.4-R0.1-SNAPSHOT.jar:4446-Spigot-e5a64e7-e954502]
	at net.minecraft.server.MinecraftServer.bv(MinecraftServer.java:1298) ~[spigot-1.21.4-R0.1-SNAPSHOT.jar:4446-Spigot-e5a64e7-e954502]
	at net.minecraft.server.MinecraftServer.B(MinecraftServer.java:1291) ~[spigot-1.21.4-R0.1-SNAPSHOT.jar:4446-Spigot-e5a64e7-e954502]
	at net.minecraft.util.thread.IAsyncTaskHandler.bA(SourceFile:123) ~[spigot-1.21.4-R0.1-SNAPSHOT.jar:4446-Spigot-e5a64e7-e954502]
	at net.minecraft.server.MinecraftServer.x_(MinecraftServer.java:1254) ~[spigot-1.21.4-R0.1-SNAPSHOT.jar:4446-Spigot-e5a64e7-e954502]
	at net.minecraft.server.MinecraftServer.y(MinecraftServer.java:1101) ~[spigot-1.21.4-R0.1-SNAPSHOT.jar:4446-Spigot-e5a64e7-e954502]
	at net.minecraft.server.MinecraftServer.lambda$spin$0(MinecraftServer.java:329) ~[spigot-1.21.4-R0.1-SNAPSHOT.jar:4446-Spigot-e5a64e7-e954502]
	at java.base/java.lang.Thread.run(Thread.java:1583) [?:?]
Caused by: java.lang.NoClassDefFoundError: Could not initialize class com.sk89q.worldguard.bukkit.util.Materials
	at com.sk89q.worldguard.bukkit.listener.WorldGuardPlayerListener.handleBlockRightClick(WorldGuardPlayerListener.java:248) ~[?:?]
	at com.sk89q.worldguard.bukkit.listener.WorldGuardPlayerListener.onPlayerInteract(WorldGuardPlayerListener.java:210) ~[?:?]
	at java.base/jdk.internal.reflect.DirectMethodHandleAccessor.invoke(DirectMethodHandleAccessor.java:103) ~[?:?]
	at java.base/java.lang.reflect.Method.invoke(Method.java:580) ~[?:?]
	at org.bukkit.plugin.java.JavaPluginLoader$1.execute(JavaPluginLoader.java:306) ~[spigot-api-1.21.4-R0.1-SNAPSHOT.jar:?]
	... 23 more
Caused by: java.lang.ExceptionInInitializerError: Exception java.lang.NoSuchFieldError: Class org.bukkit.Tag does not have member field 'org.bukkit.Tag ITEMS_TRIM_TEMPLATES' [in thread "Server thread"]
	at com.sk89q.worldguard.bukkit.util.Materials.<clinit>(Materials.java:913) ~[?:?]
	at com.sk89q.worldguard.bukkit.listener.RegionFlagsListener.onPlaceBlock(RegionFlagsListener.java:67) ~[?:?]
	at java.base/jdk.internal.reflect.DirectMethodHandleAccessor.invoke(DirectMethodHandleAccessor.java:103) ~[?:?]
	at java.base/java.lang.reflect.Method.invoke(Method.java:580) ~[?:?]
	at org.bukkit.plugin.java.JavaPluginLoader$1.execute(JavaPluginLoader.java:306) ~[spigot-api-1.21.4-R0.1-SNAPSHOT.jar:?]
	at org.bukkit.plugin.RegisteredListener.callEvent(RegisteredListener.java:70) ~[spigot-api-1.21.4-R0.1-SNAPSHOT.jar:?]
	at org.bukkit.plugin.SimplePluginManager.fireEvent(SimplePluginManager.java:601) ~[spigot-api-1.21.4-R0.1-SNAPSHOT.jar:?]
	at org.bukkit.plugin.SimplePluginManager.callEvent(SimplePluginManager.java:588) ~[spigot-api-1.21.4-R0.1-SNAPSHOT.jar:?]
	at com.sk89q.worldguard.bukkit.util.Events.fireToCancel(Events.java:74) ~[?:?]
	at com.sk89q.worldguard.bukkit.listener.EventAbstractionListener.onBlockIgnite(EventAbstractionListener.java:632) ~[?:?]
	at java.base/jdk.internal.reflect.DirectMethodHandleAccessor.invoke(DirectMethodHandleAccessor.java:103) ~[?:?]
	at java.base/java.lang.reflect.Method.invoke(Method.java:580) ~[?:?]
	at org.bukkit.plugin.java.JavaPluginLoader$1.execute(JavaPluginLoader.java:306) ~[spigot-api-1.21.4-R0.1-SNAPSHOT.jar:?]
	at org.bukkit.plugin.RegisteredListener.callEvent(RegisteredListener.java:70) ~[spigot-api-1.21.4-R0.1-SNAPSHOT.jar:?]
	at org.bukkit.plugin.SimplePluginManager.fireEvent(SimplePluginManager.java:601) ~[spigot-api-1.21.4-R0.1-SNAPSHOT.jar:?]
	at org.bukkit.plugin.SimplePluginManager.callEvent(SimplePluginManager.java:588) ~[spigot-api-1.21.4-R0.1-SNAPSHOT.jar:?]
	at org.bukkit.craftbukkit.v1_21_R3.event.CraftEventFactory.callBlockIgniteEvent(CraftEventFactory.java:1431) ~[spigot-1.21.4-R0.1-SNAPSHOT.jar:4446-Spigot-e5a64e7-e954502]
	at net.minecraft.world.level.material.FluidTypeLava.a(FluidTypeLava.java:90) ~[spigot-1.21.4-R0.1-SNAPSHOT.jar:4446-Spigot-e5a64e7-e954502]
	at net.minecraft.world.level.material.Fluid.a(SourceFile:92) ~[spigot-1.21.4-R0.1-SNAPSHOT.jar:4446-Spigot-e5a64e7-e954502]
	at net.minecraft.world.level.block.BlockFluids.b(BlockFluids.java:101) ~[spigot-1.21.4-R0.1-SNAPSHOT.jar:4446-Spigot-e5a64e7-e954502]
	at net.minecraft.world.level.block.state.BlockBase$BlockData.b(BlockBase.java:1166) ~[spigot-1.21.4-R0.1-SNAPSHOT.jar:4446-Spigot-e5a64e7-e954502]
	at net.minecraft.server.level.WorldServer.a(WorldServer.java:569) ~[spigot-1.21.4-R0.1-SNAPSHOT.jar:4446-Spigot-e5a64e7-e954502]
	at net.minecraft.server.level.ChunkProviderServer.a(ChunkProviderServer.java:478) ~[spigot-1.21.4-R0.1-SNAPSHOT.jar:4446-Spigot-e5a64e7-e954502]
	at net.minecraft.server.level.ChunkProviderServer.t(ChunkProviderServer.java:406) ~[spigot-1.21.4-R0.1-SNAPSHOT.jar:4446-Spigot-e5a64e7-e954502]
	at net.minecraft.server.level.ChunkProviderServer.a(ChunkProviderServer.java:375) ~[spigot-1.21.4-R0.1-SNAPSHOT.jar:4446-Spigot-e5a64e7-e954502]
	at net.minecraft.server.level.WorldServer.a(WorldServer.java:403) ~[spigot-1.21.4-R0.1-SNAPSHOT.jar:4446-Spigot-e5a64e7-e954502]
	at net.minecraft.server.MinecraftServer.c(MinecraftServer.java:1549) ~[spigot-1.21.4-R0.1-SNAPSHOT.jar:4446-Spigot-e5a64e7-e954502]
	at net.minecraft.server.MinecraftServer.a(MinecraftServer.java:1391) ~[spigot-1.21.4-R0.1-SNAPSHOT.jar:4446-Spigot-e5a64e7-e954502]
	at net.minecraft.server.MinecraftServer.y(MinecraftServer.java:1093) ~[spigot-1.21.4-R0.1-SNAPSHOT.jar:4446-Spigot-e5a64e7-e954502]
	... 2 more
[08:00:04] [Server thread/WARN]: Can't keep up! Is the server overloaded? Running 2712ms or 54 ticks behind
